branch,path,attr_diff,whitespace_only,main_crlf,branch_crlf,main_final_nl,branch_final_nl
arena/019fe8fa-pro-v1,.gitignore,bom,False,False,False,True,True
arena/019fe9e3-pro-v1,.gitignore,bom,False,False,False,True,True
arena/019ff019-pro-v1,.gitignore,bom,False,False,False,True,True
arena/019ff06b-pro-v1,.gitignore,bom,False,False,False,True,True
arena/019ff085-pro-v1,.gitignore,bom,False,False,False,True,True
arena/019ff0c7-pro-v1,.gitignore,bom,False,False,False,True,True
arena/019ff146-pro-v1,.gitignore,bom,False,False,False,True,True
arena/019ff178-pro-v1,.gitignore,bom,False,False,False,True,True
arena/019ff1f9-pro-v1,.gitignore,bom,False,False,False,True,True
arena/019ff215-pro-v1,.gitignore,bom,False,False,False,True,True
arena/019ff237-pro-v1,.gitignore,bom,False,False,False,True,True
arena/019ff422-pro-v1,.gitignore,bom,False,False,False,True,True
arena/019ff82d-pro-v1,.gitignore,bom,False,False,False,True,True
arena/019ff859-pro-v1,.gitignore,bom,False,False,False,True,True
arena/019ff8b4-pro-v1,.gitignore,bom,False,False,False,True,True
arena/019ff8c7-pro-v1,.gitignore,bom,False,False,False,True,True
arena/019ff8f2-pro-v1,.gitignore,bom,False,False,False,True,True
arena/019ffce9-pro-v1,.gitignore,bom,False,False,False,True,True
arena/019ffd78-pro-v1,.gitignore,bom,False,False,False,True,True
arena/019ffe92-pro-v1,.gitignore,bom,False,False,False,True,True
arena/019ffece-pro-v1,.gitignore,bom,False,False,False,True,True
arena/019fffd5-pro-v1,.gitignore,bom,False,False,False,True,True
arena/01a0064f-pro-v1,.gitignore,bom,False,False,False,True,True
chore/platform-rebuild-baseline,.gitignore,bom,False,False,False,True,True
feat/admin-social-management,.gitignore,bom,False,False,False,True,True
feature/uc2000-ve-sms-browser-audit,.gitignore,bom,False,False,False,True,True
fix/restore-websocket-registrations,.gitignore,bom,False,False,False,True,True
revert-37-arena/019ffd78-pro-v1,.gitignore,bom,False,False,False,True,True
arena/019fe8fa-pro-v1,.idea/workspace.xml,crlf,False,True,False,False,False
arena/019fe9e3-pro-v1,.idea/workspace.xml,crlf,False,True,False,False,False
arena/019ff019-pro-v1,.idea/workspace.xml,crlf,False,True,False,False,False
arena/019ff06b-pro-v1,.idea/workspace.xml,crlf,False,True,False,False,False
arena/019ff085-pro-v1,.idea/workspace.xml,crlf,False,True,False,False,False
arena/019ff0c7-pro-v1,.idea/workspace.xml,crlf,False,True,False,False,False
arena/019ff146-pro-v1,.idea/workspace.xml,crlf,False,True,False,False,False
arena/019ff178-pro-v1,.idea/workspace.xml,crlf,False,True,False,False,False
arena/019ff1f9-pro-v1,.idea/workspace.xml,crlf,False,True,False,False,False
arena/019ff215-pro-v1,.idea/workspace.xml,crlf,False,True,False,False,False
arena/019ff237-pro-v1,.idea/workspace.xml,crlf,False,True,False,False,False
arena/019ff422-pro-v1,.idea/workspace.xml,crlf,False,True,False,False,False
arena/019ff82d-pro-v1,.idea/workspace.xml,crlf,False,True,False,False,False
arena/019ff859-pro-v1,.idea/workspace.xml,crlf,False,True,False,False,False
arena/019ff8b4-pro-v1,.idea/workspace.xml,crlf,False,True,False,False,False
arena/019ff8c7-pro-v1,.idea/workspace.xml,crlf,False,True,False,False,False
arena/019ff8f2-pro-v1,.idea/workspace.xml,crlf,False,True,False,False,False
arena/019ffce9-pro-v1,.idea/workspace.xml,crlf,False,True,False,False,False
arena/019ffd78-pro-v1,.idea/workspace.xml,crlf,False,True,False,False,False
arena/019ffe92-pro-v1,.idea/workspace.xml,crlf,False,True,False,False,False
arena/019ffece-pro-v1,.idea/workspace.xml,crlf,False,True,False,False,False
arena/019fffd5-pro-v1,.idea/workspace.xml,crlf,False,True,False,False,False
arena/01a0064f-pro-v1,.idea/workspace.xml,crlf,False,True,False,False,False
arena/01a00f9e-pro-v1,.idea/workspace.xml,crlf,False,True,False,False,False
chore/platform-rebuild-baseline,.idea/workspace.xml,crlf,False,True,False,False,False
feat/admin-social-management,.idea/workspace.xml,crlf,False,True,False,False,False
feat/red-engineering-roadmap-20260820,.idea/workspace.xml,crlf,False,True,False,False,False
feature/uc2000-ve-sms-browser-audit,.idea/workspace.xml,crlf,False,True,False,False,False
fix/restore-websocket-registrations,.idea/workspace.xml,crlf,False,True,False,False,False
revert-37-arena/019ffd78-pro-v1,.idea/workspace.xml,crlf,False,True,False,False,False
arena/019fe9e3-pro-v1,RED_Ultimate_V1-main/RED_Ultimate/.dockerignore,crlf,False,True,False,True,True
arena/019ff019-pro-v1,RED_Ultimate_V1-main/RED_Ultimate/.dockerignore,crlf,False,True,False,True,True
arena/019ff06b-pro-v1,RED_Ultimate_V1-main/RED_Ultimate/.dockerignore,crlf,False,True,False,True,True
arena/019ff085-pro-v1,RED_Ultimate_V1-main/RED_Ultimate/.dockerignore,crlf,False,True,False,True,True
arena/019ff0c7-pro-v1,RED_Ultimate_V1-main/RED_Ultimate/.dockerignore,crlf,False,True,False,True,True
arena/019ff146-pro-v1,RED_Ultimate_V1-main/RED_Ultimate/.dockerignore,crlf,False,True,False,True,True
arena/019ff178-pro-v1,RED_Ultimate_V1-main/RED_Ultimate/.dockerignore,crlf,False,True,False,True,True
arena/019ff1f9-pro-v1,RED_Ultimate_V1-main/RED_Ultimate/.dockerignore,crlf,False,True,False,True,True
arena/019ff215-pro-v1,RED_Ultimate_V1-main/RED_Ultimate/.dockerignore,crlf,False,True,False,True,True
arena/019ff237-pro-v1,RED_Ultimate_V1-main/RED_Ultimate/.dockerignore,crlf,False,True,False,True,True
arena/019ff422-pro-v1,RED_Ultimate_V1-main/RED_Ultimate/.dockerignore,crlf,False,True,False,True,True
arena/019ff82d-pro-v1,RED_Ultimate_V1-main/RED_Ultimate/.dockerignore,crlf,False,True,False,True,True
arena/019ff859-pro-v1,RED_Ultimate_V1-main/RED_Ultimate/.dockerignore,crlf,False,True,False,True,True
arena/019ff8b4-pro-v1,RED_Ultimate_V1-main/RED_Ultimate/.dockerignore,crlf,False,True,False,True,True
arena/019ff8c7-pro-v1,RED_Ultimate_V1-main/RED_Ultimate/.dockerignore,crlf,False,True,False,True,True
arena/019ff8f2-pro-v1,RED_Ultimate_V1-main/RED_Ultimate/.dockerignore,crlf,False,True,False,True,True
arena/019ffce9-pro-v1,RED_Ultimate_V1-main/RED_Ultimate/.dockerignore,crlf,False,True,False,True,True
arena/019ffd78-pro-v1,RED_Ultimate_V1-main/RED_Ultimate/.dockerignore,crlf,False,True,False,True,True
arena/019ffe92-pro-v1,RED_Ultimate_V1-main/RED_Ultimate/.dockerignore,crlf,False,True,False,True,True
arena/019ffece-pro-v1,RED_Ultimate_V1-main/RED_Ultimate/.dockerignore,crlf,False,True,False,True,True
arena/019fffd5-pro-v1,RED_Ultimate_V1-main/RED_Ultimate/.dockerignore,crlf,False,True,False,True,True
arena/01a0064f-pro-v1,RED_Ultimate_V1-main/RED_Ultimate/.dockerignore,crlf,False,True,False,True,True
arena/01a00f9e-pro-v1,RED_Ultimate_V1-main/RED_Ultimate/.dockerignore,crlf,False,True,False,True,True
chore/platform-rebuild-baseline,RED_Ultimate_V1-main/RED_Ultimate/.dockerignore,crlf,False,True,False,True,True
feat/admin-social-management,RED_Ultimate_V1-main/RED_Ultimate/.dockerignore,crlf,False,True,False,True,True
feat/red-engineering-roadmap-20260820,RED_Ultimate_V1-main/RED_Ultimate/.dockerignore,crlf,False,True,False,True,True
feature/uc2000-ve-sms-browser-audit,RED_Ultimate_V1-main/RED_Ultimate/.dockerignore,crlf,False,True,False,True,True
fix/restore-websocket-registrations,RED_Ultimate_V1-main/RED_Ultimate/.dockerignore,crlf,False,True,False,True,True
revert-37-arena/019ffd78-pro-v1,RED_Ultimate_V1-main/RED_Ultimate/.dockerignore,crlf,False,True,False,True,True
arena/019fe8fa-pro-v1,RED_Ultimate_V1-main/RED_Ultimate/admin_dashboard/Dockerfile,crlf,False,True,False,True,True
arena/019fe9e3-pro-v1,RED_Ultimate_V1-main/RED_Ultimate/admin_dashboard/Dockerfile,crlf,False,True,False,True,True
arena/019ff019-pro-v1,RED_Ultimate_V1-main/RED_Ultimate/admin_dashboard/Dockerfile,crlf,False,True,False,True,True
arena/019ff06b-pro-v1,RED_Ultimate_V1-main/RED_Ultimate/admin_dashboard/Dockerfile,crlf,False,True,False,True,True
arena/019ff085-pro-v1,RED_Ultimate_V1-main/RED_Ultimate/admin_dashboard/Dockerfile,crlf,False,True,False,True,True
arena/019ff0c7-pro-v1,RED_Ultimate_V1-main/RED_Ultimate/admin_dashboard/Dockerfile,crlf,False,True,False,True,True
arena/019ff146-pro-v1,RED_Ultimate_V1-main/RED_Ultimate/admin_dashboard/Dockerfile,crlf,False,True,False,True,True
arena/019ff178-pro-v1,RED_Ultimate_V1-main/RED_Ultimate/admin_dashboard/Dockerfile,crlf,False,True,False,True,True
arena/019ff1f9-pro-v1,RED_Ultimate_V1-main/RED_Ultimate/admin_dashboard/Dockerfile,crlf,False,True,False,True,True
arena/019ff215-pro-v1,RED_Ultimate_V1-main/RED_Ultimate/admin_dashboard/Dockerfile,crlf,False,True,False,True,True
arena/019ff237-pro-v1,RED_Ultimate_V1-main/RED_Ultimate/admin_dashboard/Dockerfile,crlf,False,True,False,True,True
arena/019ff422-pro-v1,RED_Ultimate_V1-main/RED_Ultimate/admin_dashboard/Dockerfile,crlf,False,True,False,True,True
arena/019ff82d-pro-v1,RED_Ultimate_V1-main/RED_Ultimate/admin_dashboard/Dockerfile,crlf,False,True,False,True,True
arena/019ff859-pro-v1,RED_Ultimate_V1-main/RED_Ultimate/admin_dashboard/Dockerfile,crlf,False,True,False,True,True
arena/019ff8b4-pro-v1,RED_Ultimate_V1-main/RED_Ultimate/admin_dashboard/Dockerfile,crlf,False,True,False,True,True
arena/019ff8c7-pro-v1,RED_Ultimate_V1-main/RED_Ultimate/admin_dashboard/Dockerfile,crlf,False,True,False,True,True
arena/019ff8f2-pro-v1,RED_Ultimate_V1-main/RED_Ultimate/admin_dashboard/Dockerfile,crlf,False,True,False,True,True
arena/019ffce9-pro-v1,RED_Ultimate_V1-main/RED_Ultimate/admin_dashboard/Dockerfile,crlf,False,True,False,True,True
arena/019ffd78-pro-v1,RED_Ultimate_V1-main/RED_Ultimate/admin_dashboard/Dockerfile,crlf,False,True,False,True,True
arena/019ffe92-pro-v1,RED_Ultimate_V1-main/RED_Ultimate/admin_dashboard/Dockerfile,crlf,False,True,False,True,True
arena/019ffece-pro-v1,RED_Ultimate_V1-main/RED_Ultimate/admin_dashboard/Dockerfile,crlf,False,True,False,True,True
arena/019fffd5-pro-v1,RED_Ultimate_V1-main/RED_Ultimate/admin_dashboard/Dockerfile,crlf,False,True,False,True,True
arena/01a0064f-pro-v1,RED_Ultimate_V1-main/RED_Ultimate/admin_dashboard/Dockerfile,crlf,False,True,False,True,True
arena/01a00f9e-pro-v1,RED_Ultimate_V1-main/RED_Ultimate/admin_dashboard/Dockerfile,crlf,False,True,False,True,True
chore/platform-rebuild-baseline,RED_Ultimate_V1-main/RED_Ultimate/admin_dashboard/Dockerfile,crlf,False,True,False,True,True
feat/admin-social-management,RED_Ultimate_V1-main/RED_Ultimate/admin_dashboard/Dockerfile,crlf,False,True,False,True,True
feat/red-engineering-roadmap-20260820,RED_Ultimate_V1-main/RED_Ultimate/admin_dashboard/Dockerfile,crlf,False,True,False,True,True
feature/uc2000-ve-sms-browser-audit,RED_Ultimate_V1-main/RED_Ultimate/admin_dashboard/Dockerfile,crlf,False,True,False,True,True
fix/restore-websocket-registrations,RED_Ultimate_V1-main/RED_Ultimate/admin_dashboard/Dockerfile,crlf,False,True,False,True,True
revert-37-arena/019ffd78-pro-v1,RED_Ultimate_V1-main/RED_Ultimate/admin_dashboard/Dockerfile,crlf,False,True,False,True,True
arena/019fe8fa-pro-v1,RED_Ultimate_V1-main/RED_Ultimate/admin_dashboard/public/icon-192.png,trailing_ws,False,True,True,False,False
arena/019fe9e3-pro-v1,RED_Ultimate_V1-main/RED_Ultimate/admin_dashboard/public/icon-192.png,trailing_ws,False,True,True,False,False
arena/019ff019-pro-v1,RED_Ultimate_V1-main/RED_Ultimate/admin_dashboard/public/icon-192.png,trailing_ws,False,True,True,False,False
arena/019ff06b-pro-v1,RED_Ultimate_V1-main/RED_Ultimate/admin_dashboard/public/icon-192.png,trailing_ws,False,True,True,False,False
arena/019ff085-pro-v1,RED_Ultimate_V1-main/RED_Ultimate/admin_dashboard/public/icon-192.png,trailing_ws,False,True,True,False,False
arena/019ff0c7-pro-v1,RED_Ultimate_V1-main/RED_Ultimate/admin_dashboard/public/icon-192.png,trailing_ws,False,True,True,False,False
arena/019ff146-pro-v1,RED_Ultimate_V1-main/RED_Ultimate/admin_dashboard/public/icon-192.png,trailing_ws,False,True,True,False,False
arena/019ff178-pro-v1,RED_Ultimate_V1-main/RED_Ultimate/admin_dashboard/public/icon-192.png,trailing_ws,False,True,True,False,False
arena/019ff1f9-pro-v1,RED_Ultimate_V1-main/RED_Ultimate/admin_dashboard/public/icon-192.png,trailing_ws,False,True,True,False,False
arena/019ff215-pro-v1,RED_Ultimate_V1-main/RED_Ultimate/admin_dashboard/public/icon-192.png,trailing_ws,False,True,True,False,False
arena/019ff237-pro-v1,RED_Ultimate_V1-main/RED_Ultimate/admin_dashboard/public/icon-192.png,trailing_ws,False,True,True,False,False
arena/019ff422-pro-v1,RED_Ultimate_V1-main/RED_Ultimate/admin_dashboard/public/icon-192.png,trailing_ws,False,True,True,False,False
arena/019ff859-pro-v1,RED_Ultimate_V1-main/RED_Ultimate/admin_dashboard/public/icon-192.png,trailing_ws,False,True,True,False,False
arena/019fe8fa-pro-v1,RED_Ultimate_V1-main/RED_Ultimate/admin_dashboard/src/pages/AuditLog.tsx,crlf,False,True,False,True,True
arena/019fe9e3-pro-v1,RED_Ultimate_V1-main/RED_Ultimate/admin_dashboard/src/pages/AuditLog.tsx,crlf,False,True,False,True,True
arena/019ff019-pro-v1,RED_Ultimate_V1-main/RED_Ultimate/admin_dashboard/src/pages/AuditLog.tsx,crlf,False,True,False,True,True
arena/019ff06b-pro-v1,RED_Ultimate_V1-main/RED_Ultimate/admin_dashboard/src/pages/AuditLog.tsx,crlf,False,True,False,True,True
arena/019ff085-pro-v1,RED_Ultimate_V1-main/RED_Ultimate/admin_dashboard/src/pages/AuditLog.tsx,crlf,False,True,False,True,True
arena/019ff0c7-pro-v1,RED_Ultimate_V1-main/RED_Ultimate/admin_dashboard/src/pages/AuditLog.tsx,crlf,False,True,False,True,True
arena/019ff146-pro-v1,RED_Ultimate_V1-main/RED_Ultimate/admin_dashboard/src/pages/AuditLog.tsx,crlf,False,True,False,True,True
arena/019ff178-pro-v1,RED_Ultimate_V1-main/RED_Ultimate/admin_dashboard/src/pages/AuditLog.tsx,crlf,False,True,False,True,True
arena/019ff1f9-pro-v1,RED_Ultimate_V1-main/RED_Ultimate/admin_dashboard/src/pages/AuditLog.tsx,crlf,False,True,False,True,True
arena/019ff215-pro-v1,RED_Ultimate_V1-main/RED_Ultimate/admin_dashboard/src/pages/AuditLog.tsx,crlf,False,True,False,True,True
arena/019ff237-pro-v1,RED_Ultimate_V1-main/RED_Ultimate/admin_dashboard/src/pages/AuditLog.tsx,crlf,False,True,False,True,True
arena/019ff422-pro-v1,RED_Ultimate_V1-main/RED_Ultimate/admin_dashboard/src/pages/AuditLog.tsx,crlf,False,True,False,True,True
arena/019ff82d-pro-v1,RED_Ultimate_V1-main/RED_Ultimate/admin_dashboard/src/pages/AuditLog.tsx,crlf,False,True,False,True,True
arena/019ff859-pro-v1,RED_Ultimate_V1-main/RED_Ultimate/admin_dashboard/src/pages/AuditLog.tsx,crlf,False,True,False,True,True
arena/019ff8b4-pro-v1,RED_Ultimate_V1-main/RED_Ultimate/admin_dashboard/src/pages/AuditLog.tsx,crlf,False,True,False,True,True
arena/019ff8c7-pro-v1,RED_Ultimate_V1-main/RED_Ultimate/admin_dashboard/src/pages/AuditLog.tsx,crlf,False,True,False,True,True
arena/019ff8f2-pro-v1,RED_Ultimate_V1-main/RED_Ultimate/admin_dashboard/src/pages/AuditLog.tsx,crlf,False,True,False,True,True
arena/019ffce9-pro-v1,RED_Ultimate_V1-main/RED_Ultimate/admin_dashboard/src/pages/AuditLog.tsx,crlf,False,True,False,True,True
arena/019ffd78-pro-v1,RED_Ultimate_V1-main/RED_Ultimate/admin_dashboard/src/pages/AuditLog.tsx,crlf,False,True,False,True,True
arena/019ffe92-pro-v1,RED_Ultimate_V1-main/RED_Ultimate/admin_dashboard/src/pages/AuditLog.tsx,crlf,False,True,False,True,True
arena/019ffece-pro-v1,RED_Ultimate_V1-main/RED_Ultimate/admin_dashboard/src/pages/AuditLog.tsx,crlf,False,True,False,True,True
arena/019fffd5-pro-v1,RED_Ultimate_V1-main/RED_Ultimate/admin_dashboard/src/pages/AuditLog.tsx,crlf,False,True,False,True,True
arena/01a0064f-pro-v1,RED_Ultimate_V1-main/RED_Ultimate/admin_dashboard/src/pages/AuditLog.tsx,crlf,False,True,False,True,True
arena/01a00f9e-pro-v1,RED_Ultimate_V1-main/RED_Ultimate/admin_dashboard/src/pages/AuditLog.tsx,crlf,False,True,False,True,True
chore/platform-rebuild-baseline,RED_Ultimate_V1-main/RED_Ultimate/admin_dashboard/src/pages/AuditLog.tsx,crlf,False,True,False,True,True
feat/admin-social-management,RED_Ultimate_V1-main/RED_Ultimate/admin_dashboard/src/pages/AuditLog.tsx,crlf,False,True,False,True,True
feat/red-engineering-roadmap-20260820,RED_Ultimate_V1-main/RED_Ultimate/admin_dashboard/src/pages/AuditLog.tsx,crlf,False,True,False,True,True
feature/uc2000-ve-sms-browser-audit,RED_Ultimate_V1-main/RED_Ultimate/admin_dashboard/src/pages/AuditLog.tsx,crlf,False,True,False,True,True
fix/restore-websocket-registrations,RED_Ultimate_V1-main/RED_Ultimate/admin_dashboard/src/pages/AuditLog.tsx,crlf,False,True,False,True,True
revert-37-arena/019ffd78-pro-v1,RED_Ultimate_V1-main/RED_Ultimate/admin_dashboard/src/pages/AuditLog.tsx,crlf,False,True,False,True,True
arena/019fe8fa-pro-v1,RED_Ultimate_V1-main/RED_Ultimate/admin_dashboard/src/pages/DinstarControl.tsx,crlf,False,True,False,True,True
arena/019fe9e3-pro-v1,RED_Ultimate_V1-main/RED_Ultimate/admin_dashboard/src/pages/DinstarControl.tsx,crlf,False,True,False,True,True
arena/019ff019-pro-v1,RED_Ultimate_V1-main/RED_Ultimate/admin_dashboard/src/pages/DinstarControl.tsx,crlf,False,True,False,True,True
arena/019ff06b-pro-v1,RED_Ultimate_V1-main/RED_Ultimate/admin_dashboard/src/pages/DinstarControl.tsx,crlf,False,True,False,True,True
arena/019ff085-pro-v1,RED_Ultimate_V1-main/RED_Ultimate/admin_dashboard/src/pages/DinstarControl.tsx,crlf,False,True,False,True,True
arena/019ff0c7-pro-v1,RED_Ultimate_V1-main/RED_Ultimate/admin_dashboard/src/pages/DinstarControl.tsx,crlf,False,True,False,True,True
arena/019ff146-pro-v1,RED_Ultimate_V1-main/RED_Ultimate/admin_dashboard/src/pages/DinstarControl.tsx,crlf,False,True,False,True,True
arena/019ff178-pro-v1,RED_Ultimate_V1-main/RED_Ultimate/admin_dashboard/src/pages/DinstarControl.tsx,crlf,False,True,False,True,True
arena/019ff1f9-pro-v1,RED_Ultimate_V1-main/RED_Ultimate/admin_dashboard/src/pages/DinstarControl.tsx,crlf,False,True,False,True,True
arena/019ff215-pro-v1,RED_Ultimate_V1-main/RED_Ultimate/admin_dashboard/src/pages/DinstarControl.tsx,crlf,False,True,False,True,True
arena/019ff237-pro-v1,RED_Ultimate_V1-main/RED_Ultimate/admin_dashboard/src/pages/DinstarControl.tsx,crlf,False,True,False,True,True
arena/019ff422-pro-v1,RED_Ultimate_V1-main/RED_Ultimate/admin_dashboard/src/pages/DinstarControl.tsx,crlf,False,True,False,True,True
arena/019ff82d-pro-v1,RED_Ultimate_V1-main/RED_Ultimate/admin_dashboard/src/pages/DinstarControl.tsx,crlf,False,True,False,True,True
arena/019ff859-pro-v1,RED_Ultimate_V1-main/RED_Ultimate/admin_dashboard/src/pages/DinstarControl.tsx,crlf,False,True,False,True,True
arena/019ff8b4-pro-v1,RED_Ultimate_V1-main/RED_Ultimate/admin_dashboard/src/pages/DinstarControl.tsx,crlf,False,True,False,True,True
arena/019ff8c7-pro-v1,RED_Ultimate_V1-main/RED_Ultimate/admin_dashboard/src/pages/DinstarControl.tsx,crlf,False,True,False,True,True
arena/019ff8f2-pro-v1,RED_Ultimate_V1-main/RED_Ultimate/admin_dashboard/src/pages/DinstarControl.tsx,crlf,False,True,False,True,True
arena/019ffce9-pro-v1,RED_Ultimate_V1-main/RED_Ultimate/admin_dashboard/src/pages/DinstarControl.tsx,crlf,False,True,False,True,True
arena/019ffd78-pro-v1,RED_Ultimate_V1-main/RED_Ultimate/admin_dashboard/src/pages/DinstarControl.tsx,crlf,False,True,False,True,True
arena/019ffe92-pro-v1,RED_Ultimate_V1-main/RED_Ultimate/admin_dashboard/src/pages/DinstarControl.tsx,crlf,False,True,False,True,True
arena/019ffece-pro-v1,RED_Ultimate_V1-main/RED_Ultimate/admin_dashboard/src/pages/DinstarControl.tsx,crlf,False,True,False,True,True
arena/019fffd5-pro-v1,RED_Ultimate_V1-main/RED_Ultimate/admin_dashboard/src/pages/DinstarControl.tsx,crlf,False,True,False,True,True
arena/01a0064f-pro-v1,RED_Ultimate_V1-main/RED_Ultimate/admin_dashboard/src/pages/DinstarControl.tsx,crlf,False,True,False,True,True
arena/01a00f9e-pro-v1,RED_Ultimate_V1-main/RED_Ultimate/admin_dashboard/src/pages/DinstarControl.tsx,crlf,False,True,False,True,True
chore/platform-rebuild-baseline,RED_Ultimate_V1-main/RED_Ultimate/admin_dashboard/src/pages/DinstarControl.tsx,crlf,False,True,False,True,True
feat/admin-social-management,RED_Ultimate_V1-main/RED_Ultimate/admin_dashboard/src/pages/DinstarControl.tsx,crlf,False,True,False,True,True
feat/red-engineering-roadmap-20260820,RED_Ultimate_V1-main/RED_Ultimate/admin_dashboard/src/pages/DinstarControl.tsx,crlf,False,True,False,True,True
feature/uc2000-ve-sms-browser-audit,RED_Ultimate_V1-main/RED_Ultimate/admin_dashboard/src/pages/DinstarControl.tsx,crlf,False,True,False,True,True
fix/restore-websocket-registrations,RED_Ultimate_V1-main/RED_Ultimate/admin_dashboard/src/pages/DinstarControl.tsx,crlf,False,True,False,True,True
revert-37-arena/019ffd78-pro-v1,RED_Ultimate_V1-main/RED_Ultimate/admin_dashboard/src/pages/DinstarControl.tsx,crlf,False,True,False,True,True
arena/019fe8fa-pro-v1,RED_Ultimate_V1-main/RED_Ultimate/admin_dashboard/src/pages/MasterOverview.tsx,crlf,False,True,False,True,True
arena/019fe9e3-pro-v1,RED_Ultimate_V1-main/RED_Ultimate/admin_dashboard/src/pages/MasterOverview.tsx,crlf,False,True,False,True,True
arena/019ff019-pro-v1,RED_Ultimate_V1-main/RED_Ultimate/admin_dashboard/src/pages/MasterOverview.tsx,crlf,False,True,False,True,True
arena/019ff06b-pro-v1,RED_Ultimate_V1-main/RED_Ultimate/admin_dashboard/src/pages/MasterOverview.tsx,crlf,False,True,False,True,True
arena/019ff085-pro-v1,RED_Ultimate_V1-main/RED_Ultimate/admin_dashboard/src/pages/MasterOverview.tsx,crlf,False,True,False,True,True
arena/019ff0c7-pro-v1,RED_Ultimate_V1-main/RED_Ultimate/admin_dashboard/src/pages/MasterOverview.tsx,crlf,False,True,False,True,True
arena/019ff146-pro-v1,RED_Ultimate_V1-main/RED_Ultimate/admin_dashboard/src/pages/MasterOverview.tsx,crlf,False,True,False,True,True
arena/019ff178-pro-v1,RED_Ultimate_V1-main/RED_Ultimate/admin_dashboard/src/pages/MasterOverview.tsx,crlf,False,True,False,True,True
arena/019ff1f9-pro-v1,RED_Ultimate_V1-main/RED_Ultimate/admin_dashboard/src/pages/MasterOverview.tsx,crlf,False,True,False,True,True
arena/019ff215-pro-v1,RED_Ultimate_V1-main/RED_Ultimate/admin_dashboard/src/pages/MasterOverview.tsx,crlf,False,True,False,True,True
arena/019ff237-pro-v1,RED_Ultimate_V1-main/RED_Ultimate/admin_dashboard/src/pages/MasterOverview.tsx,crlf,False,True,False,True,True
arena/019ff422-pro-v1,RED_Ultimate_V1-main/RED_Ultimate/admin_dashboard/src/pages/MasterOverview.tsx,crlf,False,True,False,True,True
arena/019ff82d-pro-v1,RED_Ultimate_V1-main/RED_Ultimate/admin_dashboard/src/pages/MasterOverview.tsx,crlf,False,True,False,True,True
arena/019ff859-pro-v1,RED_Ultimate_V1-main/RED_Ultimate/admin_dashboard/src/pages/MasterOverview.tsx,crlf,False,True,False,True,True
arena/019ff8b4-pro-v1,RED_Ultimate_V1-main/RED_Ultimate/admin_dashboard/src/pages/MasterOverview.tsx,crlf,False,True,False,True,True
arena/019ff8c7-pro-v1,RED_Ultimate_V1-main/RED_Ultimate/admin_dashboard/src/pages/MasterOverview.tsx,crlf,False,True,False,True,True
arena/019ff8f2-pro-v1,RED_Ultimate_V1-main/RED_Ultimate/admin_dashboard/src/pages/MasterOverview.tsx,crlf,False,True,False,True,True
arena/019ffce9-pro-v1,RED_Ultimate_V1-main/RED_Ultimate/admin_dashboard/src/pages/MasterOverview.tsx,crlf,False,True,False,True,True
arena/019ffd78-pro-v1,RED_Ultimate_V1-main/RED_Ultimate/admin_dashboard/src/pages/MasterOverview.tsx,crlf,False,True,False,True,True
arena/019ffe92-pro-v1,RED_Ultimate_V1-main/RED_Ultimate/admin_dashboard/src/pages/MasterOverview.tsx,crlf,False,True,False,True,True
arena/019ffece-pro-v1,RED_Ultimate_V1-main/RED_Ultimate/admin_dashboard/src/pages/MasterOverview.tsx,crlf,False,True,False,True,True
arena/019fffd5-pro-v1,RED_Ultimate_V1-main/RED_Ultimate/admin_dashboard/src/pages/MasterOverview.tsx,crlf,False,True,False,True,True
arena/01a0064f-pro-v1,RED_Ultimate_V1-main/RED_Ultimate/admin_dashboard/src/pages/MasterOverview.tsx,crlf,False,True,False,True,True
arena/01a00f9e-pro-v1,RED_Ultimate_V1-main/RED_Ultimate/admin_dashboard/src/pages/MasterOverview.tsx,crlf,False,True,False,True,True
chore/platform-rebuild-baseline,RED_Ultimate_V1-main/RED_Ultimate/admin_dashboard/src/pages/MasterOverview.tsx,crlf,False,True,False,True,True
feat/admin-social-management,RED_Ultimate_V1-main/RED_Ultimate/admin_dashboard/src/pages/MasterOverview.tsx,crlf,False,True,False,True,True
feat/red-engineering-roadmap-20260820,RED_Ultimate_V1-main/RED_Ultimate/admin_dashboard/src/pages/MasterOverview.tsx,crlf,False,True,False,True,True
feature/uc2000-ve-sms-browser-audit,RED_Ultimate_V1-main/RED_Ultimate/admin_dashboard/src/pages/MasterOverview.tsx,crlf,False,True,False,True,True
fix/restore-websocket-registrations,RED_Ultimate_V1-main/RED_Ultimate/admin_dashboard/src/pages/MasterOverview.tsx,crlf,False,True,False,True,True
revert-37-arena/019ffd78-pro-v1,RED_Ultimate_V1-main/RED_Ultimate/admin_dashboard/src/pages/MasterOverview.tsx,crlf,False,True,False,True,True
arena/019fe8fa-pro-v1,RED_Ultimate_V1-main/RED_Ultimate/admin_dashboard/src/pages/tabs/AuthorityTab.tsx,crlf,True,True,False,True,True
arena/019fe9e3-pro-v1,RED_Ultimate_V1-main/RED_Ultimate/admin_dashboard/src/pages/tabs/AuthorityTab.tsx,crlf,True,True,False,True,True
arena/019ff019-pro-v1,RED_Ultimate_V1-main/RED_Ultimate/admin_dashboard/src/pages/tabs/AuthorityTab.tsx,crlf,True,True,False,True,True
arena/019ff06b-pro-v1,RED_Ultimate_V1-main/RED_Ultimate/admin_dashboard/src/pages/tabs/AuthorityTab.tsx,crlf,True,True,False,True,True
arena/019ff085-pro-v1,RED_Ultimate_V1-main/RED_Ultimate/admin_dashboard/src/pages/tabs/AuthorityTab.tsx,crlf,True,True,False,True,True
arena/019ff0c7-pro-v1,RED_Ultimate_V1-main/RED_Ultimate/admin_dashboard/src/pages/tabs/AuthorityTab.tsx,crlf,True,True,False,True,True
arena/019ff146-pro-v1,RED_Ultimate_V1-main/RED_Ultimate/admin_dashboard/src/pages/tabs/AuthorityTab.tsx,crlf,True,True,False,True,True
arena/019ff178-pro-v1,RED_Ultimate_V1-main/RED_Ultimate/admin_dashboard/src/pages/tabs/AuthorityTab.tsx,crlf,True,True,False,True,True
arena/019ff1f9-pro-v1,RED_Ultimate_V1-main/RED_Ultimate/admin_dashboard/src/pages/tabs/AuthorityTab.tsx,crlf,True,True,False,True,True
arena/019ff215-pro-v1,RED_Ultimate_V1-main/RED_Ultimate/admin_dashboard/src/pages/tabs/AuthorityTab.tsx,crlf,True,True,False,True,True
arena/019ff237-pro-v1,RED_Ultimate_V1-main/RED_Ultimate/admin_dashboard/src/pages/tabs/AuthorityTab.tsx,crlf,True,True,False,True,True
arena/019ff422-pro-v1,RED_Ultimate_V1-main/RED_Ultimate/admin_dashboard/src/pages/tabs/AuthorityTab.tsx,crlf,True,True,False,True,True
arena/019ff82d-pro-v1,RED_Ultimate_V1-main/RED_Ultimate/admin_dashboard/src/pages/tabs/AuthorityTab.tsx,crlf,True,True,False,True,True
arena/019ff859-pro-v1,RED_Ultimate_V1-main/RED_Ultimate/admin_dashboard/src/pages/tabs/AuthorityTab.tsx,crlf,True,True,False,True,True
arena/019ff8b4-pro-v1,RED_Ultimate_V1-main/RED_Ultimate/admin_dashboard/src/pages/tabs/AuthorityTab.tsx,crlf,True,True,False,True,True
arena/019ff8c7-pro-v1,RED_Ultimate_V1-main/RED_Ultimate/admin_dashboard/src/pages/tabs/AuthorityTab.tsx,crlf,True,True,False,True,True
arena/019ff8f2-pro-v1,RED_Ultimate_V1-main/RED_Ultimate/admin_dashboard/src/pages/tabs/AuthorityTab.tsx,crlf,True,True,False,True,True
arena/019ffce9-pro-v1,RED_Ultimate_V1-main/RED_Ultimate/admin_dashboard/src/pages/tabs/AuthorityTab.tsx,crlf,True,True,False,True,True
arena/019ffd78-pro-v1,RED_Ultimate_V1-main/RED_Ultimate/admin_dashboard/src/pages/tabs/AuthorityTab.tsx,crlf,True,True,False,True,True
arena/019ffe92-pro-v1,RED_Ultimate_V1-main/RED_Ultimate/admin_dashboard/src/pages/tabs/AuthorityTab.tsx,crlf,True,True,False,True,True
arena/019ffece-pro-v1,RED_Ultimate_V1-main/RED_Ultimate/admin_dashboard/src/pages/tabs/AuthorityTab.tsx,crlf,True,True,False,True,True
arena/019fffd5-pro-v1,RED_Ultimate_V1-main/RED_Ultimate/admin_dashboard/src/pages/tabs/AuthorityTab.tsx,crlf,True,True,False,True,True
arena/01a0064f-pro-v1,RED_Ultimate_V1-main/RED_Ultimate/admin_dashboard/src/pages/tabs/AuthorityTab.tsx,crlf,True,True,False,True,True
arena/01a00f9e-pro-v1,RED_Ultimate_V1-main/RED_Ultimate/admin_dashboard/src/pages/tabs/AuthorityTab.tsx,crlf,True,True,False,True,True
chore/platform-rebuild-baseline,RED_Ultimate_V1-main/RED_Ultimate/admin_dashboard/src/pages/tabs/AuthorityTab.tsx,crlf,True,True,False,True,True
feat/admin-social-management,RED_Ultimate_V1-main/RED_Ultimate/admin_dashboard/src/pages/tabs/AuthorityTab.tsx,crlf,True,True,False,True,True
feat/red-engineering-roadmap-20260820,RED_Ultimate_V1-main/RED_Ultimate/admin_dashboard/src/pages/tabs/AuthorityTab.tsx,crlf,True,True,False,True,True
feature/uc2000-ve-sms-browser-audit,RED_Ultimate_V1-main/RED_Ultimate/admin_dashboard/src/pages/tabs/AuthorityTab.tsx,crlf,True,True,False,True,True
fix/restore-websocket-registrations,RED_Ultimate_V1-main/RED_Ultimate/admin_dashboard/src/pages/tabs/AuthorityTab.tsx,crlf,True,True,False,True,True
revert-37-arena/019ffd78-pro-v1,RED_Ultimate_V1-main/RED_Ultimate/admin_dashboard/src/pages/tabs/AuthorityTab.tsx,crlf,True,True,False,True,True
arena/019fe8fa-pro-v1,RED_Ultimate_V1-main/RED_Ultimate/admin_dashboard/src/pages/tabs/InfrastructureTab.tsx,crlf,False,True,False,True,True
arena/019fe9e3-pro-v1,RED_Ultimate_V1-main/RED_Ultimate/admin_dashboard/src/pages/tabs/InfrastructureTab.tsx,crlf,False,True,False,True,True
arena/019ff019-pro-v1,RED_Ultimate_V1-main/RED_Ultimate/admin_dashboard/src/pages/tabs/InfrastructureTab.tsx,crlf,False,True,False,True,True
arena/019ff06b-pro-v1,RED_Ultimate_V1-main/RED_Ultimate/admin_dashboard/src/pages/tabs/InfrastructureTab.tsx,crlf,False,True,False,True,True
arena/019ff085-pro-v1,RED_Ultimate_V1-main/RED_Ultimate/admin_dashboard/src/pages/tabs/InfrastructureTab.tsx,crlf,False,True,False,True,True
arena/019ff0c7-pro-v1,RED_Ultimate_V1-main/RED_Ultimate/admin_dashboard/src/pages/tabs/InfrastructureTab.tsx,crlf,False,True,False,True,True
arena/019ff146-pro-v1,RED_Ultimate_V1-main/RED_Ultimate/admin_dashboard/src/pages/tabs/InfrastructureTab.tsx,crlf,False,True,False,True,True
arena/019ff178-pro-v1,RED_Ultimate_V1-main/RED_Ultimate/admin_dashboard/src/pages/tabs/InfrastructureTab.tsx,crlf,False,True,False,True,True
arena/019ff1f9-pro-v1,RED_Ultimate_V1-main/RED_Ultimate/admin_dashboard/src/pages/tabs/InfrastructureTab.tsx,crlf,False,True,False,True,True
arena/019ff215-pro-v1,RED_Ultimate_V1-main/RED_Ultimate/admin_dashboard/src/pages/tabs/InfrastructureTab.tsx,crlf,False,True,False,True,True
arena/019ff237-pro-v1,RED_Ultimate_V1-main/RED_Ultimate/admin_dashboard/src/pages/tabs/InfrastructureTab.tsx,crlf,False,True,False,True,True
arena/019ff422-pro-v1,RED_Ultimate_V1-main/RED_Ultimate/admin_dashboard/src/pages/tabs/InfrastructureTab.tsx,crlf,True,True,False,True,True
arena/019ff82d-pro-v1,RED_Ultimate_V1-main/RED_Ultimate/admin_dashboard/src/pages/tabs/InfrastructureTab.tsx,crlf,True,True,False,True,True
arena/019ff859-pro-v1,RED_Ultimate_V1-main/RED_Ultimate/admin_dashboard/src/pages/tabs/InfrastructureTab.tsx,crlf,True,True,False,True,True
arena/019ff8b4-pro-v1,RED_Ultimate_V1-main/RED_Ultimate/admin_dashboard/src/pages/tabs/InfrastructureTab.tsx,crlf,True,True,False,True,True
arena/019ff8c7-pro-v1,RED_Ultimate_V1-main/RED_Ultimate/admin_dashboard/src/pages/tabs/InfrastructureTab.tsx,crlf,True,True,False,True,True
arena/019ff8f2-pro-v1,RED_Ultimate_V1-main/RED_Ultimate/admin_dashboard/src/pages/tabs/InfrastructureTab.tsx,crlf,True,True,False,True,True
arena/019ffce9-pro-v1,RED_Ultimate_V1-main/RED_Ultimate/admin_dashboard/src/pages/tabs/InfrastructureTab.tsx,crlf,True,True,False,True,True
arena/019ffd78-pro-v1,RED_Ultimate_V1-main/RED_Ultimate/admin_dashboard/src/pages/tabs/InfrastructureTab.tsx,crlf,True,True,False,True,True
arena/019ffe92-pro-v1,RED_Ultimate_V1-main/RED_Ultimate/admin_dashboard/src/pages/tabs/InfrastructureTab.tsx,crlf,True,True,False,True,True
arena/019ffece-pro-v1,RED_Ultimate_V1-main/RED_Ultimate/admin_dashboard/src/pages/tabs/InfrastructureTab.tsx,crlf,True,True,False,True,True
arena/019fffd5-pro-v1,RED_Ultimate_V1-main/RED_Ultimate/admin_dashboard/src/pages/tabs/InfrastructureTab.tsx,crlf,True,True,False,True,True
arena/01a0064f-pro-v1,RED_Ultimate_V1-main/RED_Ultimate/admin_dashboard/src/pages/tabs/InfrastructureTab.tsx,crlf,True,True,False,True,True
arena/01a00f9e-pro-v1,RED_Ultimate_V1-main/RED_Ultimate/admin_dashboard/src/pages/tabs/InfrastructureTab.tsx,crlf,True,True,False,True,True
chore/platform-rebuild-baseline,RED_Ultimate_V1-main/RED_Ultimate/admin_dashboard/src/pages/tabs/InfrastructureTab.tsx,crlf,True,True,False,True,True
feat/admin-social-management,RED_Ultimate_V1-main/RED_Ultimate/admin_dashboard/src/pages/tabs/InfrastructureTab.tsx,crlf,True,True,False,True,True
feat/red-engineering-roadmap-20260820,RED_Ultimate_V1-main/RED_Ultimate/admin_dashboard/src/pages/tabs/InfrastructureTab.tsx,crlf,True,True,False,True,True
feature/uc2000-ve-sms-browser-audit,RED_Ultimate_V1-main/RED_Ultimate/admin_dashboard/src/pages/tabs/InfrastructureTab.tsx,crlf,True,True,False,True,True
fix/restore-websocket-registrations,RED_Ultimate_V1-main/RED_Ultimate/admin_dashboard/src/pages/tabs/InfrastructureTab.tsx,crlf,True,True,False,True,True
revert-37-arena/019ffd78-pro-v1,RED_Ultimate_V1-main/RED_Ultimate/admin_dashboard/src/pages/tabs/InfrastructureTab.tsx,crlf,True,True,False,True,True
arena/019fe8fa-pro-v1,RED_Ultimate_V1-main/RED_Ultimate/admin_dashboard/src/pages/tabs/LogStreamerTab.tsx,crlf,True,True,False,True,True
arena/019fe9e3-pro-v1,RED_Ultimate_V1-main/RED_Ultimate/admin_dashboard/src/pages/tabs/LogStreamerTab.tsx,crlf,True,True,False,True,True
arena/019ff019-pro-v1,RED_Ultimate_V1-main/RED_Ultimate/admin_dashboard/src/pages/tabs/LogStreamerTab.tsx,crlf,True,True,False,True,True
arena/019ff06b-pro-v1,RED_Ultimate_V1-main/RED_Ultimate/admin_dashboard/src/pages/tabs/LogStreamerTab.tsx,crlf,True,True,False,True,True
arena/019ff085-pro-v1,RED_Ultimate_V1-main/RED_Ultimate/admin_dashboard/src/pages/tabs/LogStreamerTab.tsx,crlf,True,True,False,True,True
arena/019ff0c7-pro-v1,RED_Ultimate_V1-main/RED_Ultimate/admin_dashboard/src/pages/tabs/LogStreamerTab.tsx,crlf,True,True,False,True,True
arena/019ff146-pro-v1,RED_Ultimate_V1-main/RED_Ultimate/admin_dashboard/src/pages/tabs/LogStreamerTab.tsx,crlf,True,True,False,True,True
arena/019ff178-pro-v1,RED_Ultimate_V1-main/RED_Ultimate/admin_dashboard/src/pages/tabs/LogStreamerTab.tsx,crlf,True,True,False,True,True
arena/019ff1f9-pro-v1,RED_Ultimate_V1-main/RED_Ultimate/admin_dashboard/src/pages/tabs/LogStreamerTab.tsx,crlf,True,True,False,True,True
arena/019ff215-pro-v1,RED_Ultimate_V1-main/RED_Ultimate/admin_dashboard/src/pages/tabs/LogStreamerTab.tsx,crlf,True,True,False,True,True
arena/019ff237-pro-v1,RED_Ultimate_V1-main/RED_Ultimate/admin_dashboard/src/pages/tabs/LogStreamerTab.tsx,crlf,True,True,False,True,True
arena/019ff422-pro-v1,RED_Ultimate_V1-main/RED_Ultimate/admin_dashboard/src/pages/tabs/LogStreamerTab.tsx,crlf,True,True,False,True,True
arena/019ff82d-pro-v1,RED_Ultimate_V1-main/RED_Ultimate/admin_dashboard/src/pages/tabs/LogStreamerTab.tsx,crlf,True,True,False,True,True
arena/019ff859-pro-v1,RED_Ultimate_V1-main/RED_Ultimate/admin_dashboard/src/pages/tabs/LogStreamerTab.tsx,crlf,True,True,False,True,True
arena/019ff8b4-pro-v1,RED_Ultimate_V1-main/RED_Ultimate/admin_dashboard/src/pages/tabs/LogStreamerTab.tsx,crlf,True,True,False,True,True
arena/019ff8c7-pro-v1,RED_Ultimate_V1-main/RED_Ultimate/admin_dashboard/src/pages/tabs/LogStreamerTab.tsx,crlf,True,True,False,True,True
arena/019ff8f2-pro-v1,RED_Ultimate_V1-main/RED_Ultimate/admin_dashboard/src/pages/tabs/LogStreamerTab.tsx,crlf,True,True,False,True,True
arena/019ffce9-pro-v1,RED_Ultimate_V1-main/RED_Ultimate/admin_dashboard/src/pages/tabs/LogStreamerTab.tsx,crlf,True,True,False,True,True
arena/019ffd78-pro-v1,RED_Ultimate_V1-main/RED_Ultimate/admin_dashboard/src/pages/tabs/LogStreamerTab.tsx,crlf,True,True,False,True,True
arena/019ffe92-pro-v1,RED_Ultimate_V1-main/RED_Ultimate/admin_dashboard/src/pages/tabs/LogStreamerTab.tsx,crlf,True,True,False,True,True
arena/019ffece-pro-v1,RED_Ultimate_V1-main/RED_Ultimate/admin_dashboard/src/pages/tabs/LogStreamerTab.tsx,crlf,True,True,False,True,True
arena/019fffd5-pro-v1,RED_Ultimate_V1-main/RED_Ultimate/admin_dashboard/src/pages/tabs/LogStreamerTab.tsx,crlf,True,True,False,True,True
arena/01a0064f-pro-v1,RED_Ultimate_V1-main/RED_Ultimate/admin_dashboard/src/pages/tabs/LogStreamerTab.tsx,crlf,True,True,False,True,True
arena/01a00f9e-pro-v1,RED_Ultimate_V1-main/RED_Ultimate/admin_dashboard/src/pages/tabs/LogStreamerTab.tsx,crlf,True,True,False,True,True
chore/platform-rebuild-baseline,RED_Ultimate_V1-main/RED_Ultimate/admin_dashboard/src/pages/tabs/LogStreamerTab.tsx,crlf,True,True,False,True,True
feat/admin-social-management,RED_Ultimate_V1-main/RED_Ultimate/admin_dashboard/src/pages/tabs/LogStreamerTab.tsx,crlf,True,True,False,True,True
feat/red-engineering-roadmap-20260820,RED_Ultimate_V1-main/RED_Ultimate/admin_dashboard/src/pages/tabs/LogStreamerTab.tsx,crlf,True,True,False,True,True
feature/uc2000-ve-sms-browser-audit,RED_Ultimate_V1-main/RED_Ultimate/admin_dashboard/src/pages/tabs/LogStreamerTab.tsx,crlf,True,True,False,True,True
fix/restore-websocket-registrations,RED_Ultimate_V1-main/RED_Ultimate/admin_dashboard/src/pages/tabs/LogStreamerTab.tsx,crlf,True,True,False,True,True
revert-37-arena/019ffd78-pro-v1,RED_Ultimate_V1-main/RED_Ultimate/admin_dashboard/src/pages/tabs/LogStreamerTab.tsx,crlf,True,True,False,True,True
arena/019fe8fa-pro-v1,RED_Ultimate_V1-main/RED_Ultimate/admin_dashboard/src/pages/tabs/MediaTab.tsx,crlf,False,True,False,True,True
arena/019fe9e3-pro-v1,RED_Ultimate_V1-main/RED_Ultimate/admin_dashboard/src/pages/tabs/MediaTab.tsx,crlf,False,True,False,True,True
arena/019ff019-pro-v1,RED_Ultimate_V1-main/RED_Ultimate/admin_dashboard/src/pages/tabs/MediaTab.tsx,crlf,False,True,False,True,True
arena/019ff06b-pro-v1,RED_Ultimate_V1-main/RED_Ultimate/admin_dashboard/src/pages/tabs/MediaTab.tsx,crlf,False,True,False,True,True
arena/019ff085-pro-v1,RED_Ultimate_V1-main/RED_Ultimate/admin_dashboard/src/pages/tabs/MediaTab.tsx,crlf,False,True,False,True,True
arena/019ff0c7-pro-v1,RED_Ultimate_V1-main/RED_Ultimate/admin_dashboard/src/pages/tabs/MediaTab.tsx,crlf,False,True,False,True,True
arena/019ff146-pro-v1,RED_Ultimate_V1-main/RED_Ultimate/admin_dashboard/src/pages/tabs/MediaTab.tsx,crlf,False,True,False,True,True
arena/019ff178-pro-v1,RED_Ultimate_V1-main/RED_Ultimate/admin_dashboard/src/pages/tabs/MediaTab.tsx,crlf,False,True,False,True,True
arena/019ff1f9-pro-v1,RED_Ultimate_V1-main/RED_Ultimate/admin_dashboard/src/pages/tabs/MediaTab.tsx,crlf,False,True,False,True,True
arena/019ff215-pro-v1,RED_Ultimate_V1-main/RED_Ultimate/admin_dashboard/src/pages/tabs/MediaTab.tsx,crlf,False,True,False,True,True
arena/019ff237-pro-v1,RED_Ultimate_V1-main/RED_Ultimate/admin_dashboard/src/pages/tabs/MediaTab.tsx,crlf,False,True,False,True,True
arena/019ff422-pro-v1,RED_Ultimate_V1-main/RED_Ultimate/admin_dashboard/src/pages/tabs/MediaTab.tsx,crlf,False,True,False,True,True
arena/019ff82d-pro-v1,RED_Ultimate_V1-main/RED_Ultimate/admin_dashboard/src/pages/tabs/MediaTab.tsx,crlf,False,True,False,True,True
arena/019ff859-pro-v1,RED_Ultimate_V1-main/RED_Ultimate/admin_dashboard/src/pages/tabs/MediaTab.tsx,crlf,False,True,False,True,True
arena/019ff8b4-pro-v1,RED_Ultimate_V1-main/RED_Ultimate/admin_dashboard/src/pages/tabs/MediaTab.tsx,crlf,False,True,False,True,True
arena/019ff8c7-pro-v1,RED_Ultimate_V1-main/RED_Ultimate/admin_dashboard/src/pages/tabs/MediaTab.tsx,crlf,False,True,False,True,True
arena/019ff8f2-pro-v1,RED_Ultimate_V1-main/RED_Ultimate/admin_dashboard/src/pages/tabs/MediaTab.tsx,crlf,False,True,False,True,True
arena/019ffce9-pro-v1,RED_Ultimate_V1-main/RED_Ultimate/admin_dashboard/src/pages/tabs/MediaTab.tsx,crlf,False,True,False,True,True
arena/019ffd78-pro-v1,RED_Ultimate_V1-main/RED_Ultimate/admin_dashboard/src/pages/tabs/MediaTab.tsx,crlf,False,True,False,True,True
arena/019ffe92-pro-v1,RED_Ultimate_V1-main/RED_Ultimate/admin_dashboard/src/pages/tabs/MediaTab.tsx,crlf,False,True,False,True,True
arena/019ffece-pro-v1,RED_Ultimate_V1-main/RED_Ultimate/admin_dashboard/src/pages/tabs/MediaTab.tsx,crlf,False,True,False,True,True
arena/019fffd5-pro-v1,RED_Ultimate_V1-main/RED_Ultimate/admin_dashboard/src/pages/tabs/MediaTab.tsx,crlf,False,True,False,True,True
arena/01a0064f-pro-v1,RED_Ultimate_V1-main/RED_Ultimate/admin_dashboard/src/pages/tabs/MediaTab.tsx,crlf,False,True,False,True,True
arena/01a00f9e-pro-v1,RED_Ultimate_V1-main/RED_Ultimate/admin_dashboard/src/pages/tabs/MediaTab.tsx,crlf,False,True,False,True,True
chore/platform-rebuild-baseline,RED_Ultimate_V1-main/RED_Ultimate/admin_dashboard/src/pages/tabs/MediaTab.tsx,crlf,False,True,False,True,True
feat/admin-social-management,RED_Ultimate_V1-main/RED_Ultimate/admin_dashboard/src/pages/tabs/MediaTab.tsx,crlf,False,True,False,True,True
feat/red-engineering-roadmap-20260820,RED_Ultimate_V1-main/RED_Ultimate/admin_dashboard/src/pages/tabs/MediaTab.tsx,crlf,False,True,False,True,True
feature/uc2000-ve-sms-browser-audit,RED_Ultimate_V1-main/RED_Ultimate/admin_dashboard/src/pages/tabs/MediaTab.tsx,crlf,False,True,False,True,True
fix/restore-websocket-registrations,RED_Ultimate_V1-main/RED_Ultimate/admin_dashboard/src/pages/tabs/MediaTab.tsx,crlf,False,True,False,True,True
revert-37-arena/019ffd78-pro-v1,RED_Ultimate_V1-main/RED_Ultimate/admin_dashboard/src/pages/tabs/MediaTab.tsx,crlf,False,True,False,True,True
arena/019fe8fa-pro-v1,RED_Ultimate_V1-main/RED_Ultimate/admin_dashboard/src/pages/tabs/MessagingTab.tsx,crlf,False,True,False,True,True
arena/019fe9e3-pro-v1,RED_Ultimate_V1-main/RED_Ultimate/admin_dashboard/src/pages/tabs/MessagingTab.tsx,crlf,False,True,False,True,True
arena/019ff019-pro-v1,RED_Ultimate_V1-main/RED_Ultimate/admin_dashboard/src/pages/tabs/MessagingTab.tsx,crlf,False,True,False,True,True
arena/019ff06b-pro-v1,RED_Ultimate_V1-main/RED_Ultimate/admin_dashboard/src/pages/tabs/MessagingTab.tsx,crlf,False,True,False,True,True
arena/019ff085-pro-v1,RED_Ultimate_V1-main/RED_Ultimate/admin_dashboard/src/pages/tabs/MessagingTab.tsx,crlf,False,True,False,True,True
arena/019ff0c7-pro-v1,RED_Ultimate_V1-main/RED_Ultimate/admin_dashboard/src/pages/tabs/MessagingTab.tsx,crlf,False,True,False,True,True
arena/019ff146-pro-v1,RED_Ultimate_V1-main/RED_Ultimate/admin_dashboard/src/pages/tabs/MessagingTab.tsx,crlf,False,True,False,True,True
arena/019ff178-pro-v1,RED_Ultimate_V1-main/RED_Ultimate/admin_dashboard/src/pages/tabs/MessagingTab.tsx,crlf,False,True,False,True,True
arena/019ff1f9-pro-v1,RED_Ultimate_V1-main/RED_Ultimate/admin_dashboard/src/pages/tabs/MessagingTab.tsx,crlf,False,True,False,True,True
arena/019ff215-pro-v1,RED_Ultimate_V1-main/RED_Ultimate/admin_dashboard/src/pages/tabs/MessagingTab.tsx,crlf,False,True,False,True,True
arena/019ff237-pro-v1,RED_Ultimate_V1-main/RED_Ultimate/admin_dashboard/src/pages/tabs/MessagingTab.tsx,crlf,False,True,False,True,True
arena/019ff422-pro-v1,RED_Ultimate_V1-main/RED_Ultimate/admin_dashboard/src/pages/tabs/MessagingTab.tsx,crlf,True,True,False,True,True
arena/019ff82d-pro-v1,RED_Ultimate_V1-main/RED_Ultimate/admin_dashboard/src/pages/tabs/MessagingTab.tsx,crlf,True,True,False,True,True
arena/019ff859-pro-v1,RED_Ultimate_V1-main/RED_Ultimate/admin_dashboard/src/pages/tabs/MessagingTab.tsx,crlf,True,True,False,True,True
arena/019ff8b4-pro-v1,RED_Ultimate_V1-main/RED_Ultimate/admin_dashboard/src/pages/tabs/MessagingTab.tsx,crlf,True,True,False,True,True
arena/019ff8c7-pro-v1,RED_Ultimate_V1-main/RED_Ultimate/admin_dashboard/src/pages/tabs/MessagingTab.tsx,crlf,True,True,False,True,True
arena/019ff8f2-pro-v1,RED_Ultimate_V1-main/RED_Ultimate/admin_dashboard/src/pages/tabs/MessagingTab.tsx,crlf,True,True,False,True,True
arena/019ffce9-pro-v1,RED_Ultimate_V1-main/RED_Ultimate/admin_dashboard/src/pages/tabs/MessagingTab.tsx,crlf,True,True,False,True,True
arena/019ffd78-pro-v1,RED_Ultimate_V1-main/RED_Ultimate/admin_dashboard/src/pages/tabs/MessagingTab.tsx,crlf,True,True,False,True,True
arena/019ffe92-pro-v1,RED_Ultimate_V1-main/RED_Ultimate/admin_dashboard/src/pages/tabs/MessagingTab.tsx,crlf,True,True,False,True,True
arena/019ffece-pro-v1,RED_Ultimate_V1-main/RED_Ultimate/admin_dashboard/src/pages/tabs/MessagingTab.tsx,crlf,True,True,False,True,True
arena/019fffd5-pro-v1,RED_Ultimate_V1-main/RED_Ultimate/admin_dashboard/src/pages/tabs/MessagingTab.tsx,crlf,True,True,False,True,True
arena/01a0064f-pro-v1,RED_Ultimate_V1-main/RED_Ultimate/admin_dashboard/src/pages/tabs/MessagingTab.tsx,crlf,True,True,False,True,True
arena/01a00f9e-pro-v1,RED_Ultimate_V1-main/RED_Ultimate/admin_dashboard/src/pages/tabs/MessagingTab.tsx,crlf,True,True,False,True,True
chore/platform-rebuild-baseline,RED_Ultimate_V1-main/RED_Ultimate/admin_dashboard/src/pages/tabs/MessagingTab.tsx,crlf,True,True,False,True,True
feat/admin-social-management,RED_Ultimate_V1-main/RED_Ultimate/admin_dashboard/src/pages/tabs/MessagingTab.tsx,crlf,True,True,False,True,True
feat/red-engineering-roadmap-20260820,RED_Ultimate_V1-main/RED_Ultimate/admin_dashboard/src/pages/tabs/MessagingTab.tsx,crlf,True,True,False,True,True
feature/uc2000-ve-sms-browser-audit,RED_Ultimate_V1-main/RED_Ultimate/admin_dashboard/src/pages/tabs/MessagingTab.tsx,crlf,True,True,False,True,True
fix/restore-websocket-registrations,RED_Ultimate_V1-main/RED_Ultimate/admin_dashboard/src/pages/tabs/MessagingTab.tsx,crlf,True,True,False,True,True
revert-37-arena/019ffd78-pro-v1,RED_Ultimate_V1-main/RED_Ultimate/admin_dashboard/src/pages/tabs/MessagingTab.tsx,crlf,True,True,False,True,True
arena/019fe8fa-pro-v1,RED_Ultimate_V1-main/RED_Ultimate/admin_dashboard/src/pages/tabs/NotificationsTab.tsx,crlf,False,True,False,True,True
arena/019fe9e3-pro-v1,RED_Ultimate_V1-main/RED_Ultimate/admin_dashboard/src/pages/tabs/NotificationsTab.tsx,crlf,False,True,False,True,True
arena/019ff019-pro-v1,RED_Ultimate_V1-main/RED_Ultimate/admin_dashboard/src/pages/tabs/NotificationsTab.tsx,crlf,False,True,False,True,True
arena/019ff06b-pro-v1,RED_Ultimate_V1-main/RED_Ultimate/admin_dashboard/src/pages/tabs/NotificationsTab.tsx,crlf,False,True,False,True,True
arena/019ff085-pro-v1,RED_Ultimate_V1-main/RED_Ultimate/admin_dashboard/src/pages/tabs/NotificationsTab.tsx,crlf,False,True,False,True,True
arena/019ff0c7-pro-v1,RED_Ultimate_V1-main/RED_Ultimate/admin_dashboard/src/pages/tabs/NotificationsTab.tsx,crlf,False,True,False,True,True
arena/019ff146-pro-v1,RED_Ultimate_V1-main/RED_Ultimate/admin_dashboard/src/pages/tabs/NotificationsTab.tsx,crlf,False,True,False,True,True
arena/019ff178-pro-v1,RED_Ultimate_V1-main/RED_Ultimate/admin_dashboard/src/pages/tabs/NotificationsTab.tsx,crlf,False,True,False,True,True
arena/019ff1f9-pro-v1,RED_Ultimate_V1-main/RED_Ultimate/admin_dashboard/src/pages/tabs/NotificationsTab.tsx,crlf,False,True,False,True,True
arena/019ff215-pro-v1,RED_Ultimate_V1-main/RED_Ultimate/admin_dashboard/src/pages/tabs/NotificationsTab.tsx,crlf,False,True,False,True,True
arena/019ff237-pro-v1,RED_Ultimate_V1-main/RED_Ultimate/admin_dashboard/src/pages/tabs/NotificationsTab.tsx,crlf,False,True,False,True,True
arena/019ff422-pro-v1,RED_Ultimate_V1-main/RED_Ultimate/admin_dashboard/src/pages/tabs/NotificationsTab.tsx,crlf,True,True,False,True,True
arena/019ff82d-pro-v1,RED_Ultimate_V1-main/RED_Ultimate/admin_dashboard/src/pages/tabs/NotificationsTab.tsx,crlf,True,True,False,True,True
arena/019ff859-pro-v1,RED_Ultimate_V1-main/RED_Ultimate/admin_dashboard/src/pages/tabs/NotificationsTab.tsx,crlf,True,True,False,True,True
arena/019ff8b4-pro-v1,RED_Ultimate_V1-main/RED_Ultimate/admin_dashboard/src/pages/tabs/NotificationsTab.tsx,crlf,True,True,False,True,True
arena/019ff8c7-pro-v1,RED_Ultimate_V1-main/RED_Ultimate/admin_dashboard/src/pages/tabs/NotificationsTab.tsx,crlf,True,True,False,True,True
arena/019ff8f2-pro-v1,RED_Ultimate_V1-main/RED_Ultimate/admin_dashboard/src/pages/tabs/NotificationsTab.tsx,crlf,True,True,False,True,True
arena/019ffce9-pro-v1,RED_Ultimate_V1-main/RED_Ultimate/admin_dashboard/src/pages/tabs/NotificationsTab.tsx,crlf,True,True,False,True,True
arena/019ffd78-pro-v1,RED_Ultimate_V1-main/RED_Ultimate/admin_dashboard/src/pages/tabs/NotificationsTab.tsx,crlf,True,True,False,True,True
arena/019ffe92-pro-v1,RED_Ultimate_V1-main/RED_Ultimate/admin_dashboard/src/pages/tabs/NotificationsTab.tsx,crlf,True,True,False,True,True
arena/019ffece-pro-v1,RED_Ultimate_V1-main/RED_Ultimate/admin_dashboard/src/pages/tabs/NotificationsTab.tsx,crlf,True,True,False,True,True
arena/019fffd5-pro-v1,RED_Ultimate_V1-main/RED_Ultimate/admin_dashboard/src/pages/tabs/NotificationsTab.tsx,crlf,True,True,False,True,True
arena/01a0064f-pro-v1,RED_Ultimate_V1-main/RED_Ultimate/admin_dashboard/src/pages/tabs/NotificationsTab.tsx,crlf,True,True,False,True,True
arena/01a00f9e-pro-v1,RED_Ultimate_V1-main/RED_Ultimate/admin_dashboard/src/pages/tabs/NotificationsTab.tsx,crlf,False,True,False,True,True
chore/platform-rebuild-baseline,RED_Ultimate_V1-main/RED_Ultimate/admin_dashboard/src/pages/tabs/NotificationsTab.tsx,crlf,True,True,False,True,True
feat/admin-social-management,RED_Ultimate_V1-main/RED_Ultimate/admin_dashboard/src/pages/tabs/NotificationsTab.tsx,crlf,True,True,False,True,True
feat/red-engineering-roadmap-20260820,RED_Ultimate_V1-main/RED_Ultimate/admin_dashboard/src/pages/tabs/NotificationsTab.tsx,crlf,False,True,False,True,True
feature/uc2000-ve-sms-browser-audit,RED_Ultimate_V1-main/RED_Ultimate/admin_dashboard/src/pages/tabs/NotificationsTab.tsx,crlf,True,True,False,True,True
fix/restore-websocket-registrations,RED_Ultimate_V1-main/RED_Ultimate/admin_dashboard/src/pages/tabs/NotificationsTab.tsx,crlf,True,True,False,True,True
revert-37-arena/019ffd78-pro-v1,RED_Ultimate_V1-main/RED_Ultimate/admin_dashboard/src/pages/tabs/NotificationsTab.tsx,crlf,True,True,False,True,True
arena/019fe8fa-pro-v1,RED_Ultimate_V1-main/RED_Ultimate/admin_dashboard/src/pages/tabs/SecurityTab.tsx,crlf,False,True,False,True,True
arena/019fe9e3-pro-v1,RED_Ultimate_V1-main/RED_Ultimate/admin_dashboard/src/pages/tabs/SecurityTab.tsx,crlf,False,True,False,True,True
arena/019ff019-pro-v1,RED_Ultimate_V1-main/RED_Ultimate/admin_dashboard/src/pages/tabs/SecurityTab.tsx,crlf,False,True,False,True,True
arena/019ff06b-pro-v1,RED_Ultimate_V1-main/RED_Ultimate/admin_dashboard/src/pages/tabs/SecurityTab.tsx,crlf,False,True,False,True,True
arena/019ff085-pro-v1,RED_Ultimate_V1-main/RED_Ultimate/admin_dashboard/src/pages/tabs/SecurityTab.tsx,crlf,False,True,False,True,True
arena/019ff0c7-pro-v1,RED_Ultimate_V1-main/RED_Ultimate/admin_dashboard/src/pages/tabs/SecurityTab.tsx,crlf,False,True,False,True,True
arena/019ff146-pro-v1,RED_Ultimate_V1-main/RED_Ultimate/admin_dashboard/src/pages/tabs/SecurityTab.tsx,crlf,False,True,False,True,True
arena/019ff178-pro-v1,RED_Ultimate_V1-main/RED_Ultimate/admin_dashboard/src/pages/tabs/SecurityTab.tsx,crlf,False,True,False,True,True
arena/019ff1f9-pro-v1,RED_Ultimate_V1-main/RED_Ultimate/admin_dashboard/src/pages/tabs/SecurityTab.tsx,crlf,False,True,False,True,True
arena/019ff215-pro-v1,RED_Ultimate_V1-main/RED_Ultimate/admin_dashboard/src/pages/tabs/SecurityTab.tsx,crlf,False,True,False,True,True
arena/019ff237-pro-v1,RED_Ultimate_V1-main/RED_Ultimate/admin_dashboard/src/pages/tabs/SecurityTab.tsx,crlf,False,True,False,True,True
arena/019ff422-pro-v1,RED_Ultimate_V1-main/RED_Ultimate/admin_dashboard/src/pages/tabs/SecurityTab.tsx,crlf,True,True,False,True,True
arena/019ff82d-pro-v1,RED_Ultimate_V1-main/RED_Ultimate/admin_dashboard/src/pages/tabs/SecurityTab.tsx,crlf,True,True,False,True,True
arena/019ff859-pro-v1,RED_Ultimate_V1-main/RED_Ultimate/admin_dashboard/src/pages/tabs/SecurityTab.tsx,crlf,True,True,False,True,True
arena/019ff8b4-pro-v1,RED_Ultimate_V1-main/RED_Ultimate/admin_dashboard/src/pages/tabs/SecurityTab.tsx,crlf,True,True,False,True,True
arena/019ff8c7-pro-v1,RED_Ultimate_V1-main/RED_Ultimate/admin_dashboard/src/pages/tabs/SecurityTab.tsx,crlf,True,True,False,True,True
arena/019ff8f2-pro-v1,RED_Ultimate_V1-main/RED_Ultimate/admin_dashboard/src/pages/tabs/SecurityTab.tsx,crlf,True,True,False,True,True
arena/019ffce9-pro-v1,RED_Ultimate_V1-main/RED_Ultimate/admin_dashboard/src/pages/tabs/SecurityTab.tsx,crlf,True,True,False,True,True
arena/019ffd78-pro-v1,RED_Ultimate_V1-main/RED_Ultimate/admin_dashboard/src/pages/tabs/SecurityTab.tsx,crlf,True,True,False,True,True
arena/019ffe92-pro-v1,RED_Ultimate_V1-main/RED_Ultimate/admin_dashboard/src/pages/tabs/SecurityTab.tsx,crlf,True,True,False,True,True
arena/019ffece-pro-v1,RED_Ultimate_V1-main/RED_Ultimate/admin_dashboard/src/pages/tabs/SecurityTab.tsx,crlf,True,True,False,True,True
arena/019fffd5-pro-v1,RED_Ultimate_V1-main/RED_Ultimate/admin_dashboard/src/pages/tabs/SecurityTab.tsx,crlf,True,True,False,True,True
arena/01a0064f-pro-v1,RED_Ultimate_V1-main/RED_Ultimate/admin_dashboard/src/pages/tabs/SecurityTab.tsx,crlf,True,True,False,True,True
arena/01a00f9e-pro-v1,RED_Ultimate_V1-main/RED_Ultimate/admin_dashboard/src/pages/tabs/SecurityTab.tsx,crlf,True,True,False,True,True
chore/platform-rebuild-baseline,RED_Ultimate_V1-main/RED_Ultimate/admin_dashboard/src/pages/tabs/SecurityTab.tsx,crlf,True,True,False,True,True
feat/admin-social-management,RED_Ultimate_V1-main/RED_Ultimate/admin_dashboard/src/pages/tabs/SecurityTab.tsx,crlf,True,True,False,True,True
feat/red-engineering-roadmap-20260820,RED_Ultimate_V1-main/RED_Ultimate/admin_dashboard/src/pages/tabs/SecurityTab.tsx,crlf,True,True,False,True,True
feature/uc2000-ve-sms-browser-audit,RED_Ultimate_V1-main/RED_Ultimate/admin_dashboard/src/pages/tabs/SecurityTab.tsx,crlf,True,True,False,True,True
fix/restore-websocket-registrations,RED_Ultimate_V1-main/RED_Ultimate/admin_dashboard/src/pages/tabs/SecurityTab.tsx,crlf,True,True,False,True,True
revert-37-arena/019ffd78-pro-v1,RED_Ultimate_V1-main/RED_Ultimate/admin_dashboard/src/pages/tabs/SecurityTab.tsx,crlf,True,True,False,True,True
arena/019fe8fa-pro-v1,RED_Ultimate_V1-main/RED_Ultimate/app/src/main/java/com/red/sovereign/features/calls/RedVoipMaster.kt,trailing_ws,False,False,False,True,True
arena/019fe9e3-pro-v1,RED_Ultimate_V1-main/RED_Ultimate/app/src/main/java/com/red/sovereign/features/calls/RedVoipMaster.kt,trailing_ws,False,False,False,True,True
arena/019ff019-pro-v1,RED_Ultimate_V1-main/RED_Ultimate/app/src/main/java/com/red/sovereign/features/calls/RedVoipMaster.kt,trailing_ws,False,False,False,True,True
arena/019ff06b-pro-v1,RED_Ultimate_V1-main/RED_Ultimate/app/src/main/java/com/red/sovereign/features/calls/RedVoipMaster.kt,trailing_ws,False,False,False,True,True
arena/019ff085-pro-v1,RED_Ultimate_V1-main/RED_Ultimate/app/src/main/java/com/red/sovereign/features/calls/RedVoipMaster.kt,trailing_ws,False,False,False,True,True
arena/019ff0c7-pro-v1,RED_Ultimate_V1-main/RED_Ultimate/app/src/main/java/com/red/sovereign/features/calls/RedVoipMaster.kt,trailing_ws,False,False,False,True,True
arena/019ff146-pro-v1,RED_Ultimate_V1-main/RED_Ultimate/app/src/main/java/com/red/sovereign/features/calls/RedVoipMaster.kt,trailing_ws,False,False,False,True,True
arena/019ff178-pro-v1,RED_Ultimate_V1-main/RED_Ultimate/app/src/main/java/com/red/sovereign/features/calls/RedVoipMaster.kt,trailing_ws,False,False,False,True,True
arena/019ff1f9-pro-v1,RED_Ultimate_V1-main/RED_Ultimate/app/src/main/java/com/red/sovereign/features/calls/RedVoipMaster.kt,trailing_ws,False,False,False,True,True
arena/019ff215-pro-v1,RED_Ultimate_V1-main/RED_Ultimate/app/src/main/java/com/red/sovereign/features/calls/RedVoipMaster.kt,trailing_ws,False,False,False,True,True
arena/019ff237-pro-v1,RED_Ultimate_V1-main/RED_Ultimate/app/src/main/java/com/red/sovereign/features/calls/RedVoipMaster.kt,trailing_ws,False,False,False,True,True
arena/019ff422-pro-v1,RED_Ultimate_V1-main/RED_Ultimate/app/src/main/java/com/red/sovereign/features/calls/RedVoipMaster.kt,trailing_ws,False,False,False,True,True
arena/019ff82d-pro-v1,RED_Ultimate_V1-main/RED_Ultimate/app/src/main/java/com/red/sovereign/features/calls/RedVoipMaster.kt,trailing_ws,False,False,False,True,True
arena/019ff859-pro-v1,RED_Ultimate_V1-main/RED_Ultimate/app/src/main/java/com/red/sovereign/features/calls/RedVoipMaster.kt,trailing_ws,False,False,False,True,True
arena/019ff8b4-pro-v1,RED_Ultimate_V1-main/RED_Ultimate/app/src/main/java/com/red/sovereign/features/calls/RedVoipMaster.kt,trailing_ws,False,False,False,True,True
arena/019ff8c7-pro-v1,RED_Ultimate_V1-main/RED_Ultimate/app/src/main/java/com/red/sovereign/features/calls/RedVoipMaster.kt,trailing_ws,False,False,False,True,True
arena/019ff8f2-pro-v1,RED_Ultimate_V1-main/RED_Ultimate/app/src/main/java/com/red/sovereign/features/calls/RedVoipMaster.kt,trailing_ws,False,False,False,True,True
arena/019ffce9-pro-v1,RED_Ultimate_V1-main/RED_Ultimate/app/src/main/java/com/red/sovereign/features/calls/RedVoipMaster.kt,trailing_ws,False,False,False,True,True
arena/019ffd78-pro-v1,RED_Ultimate_V1-main/RED_Ultimate/app/src/main/java/com/red/sovereign/features/calls/RedVoipMaster.kt,trailing_ws,False,False,False,True,True
arena/019ffe92-pro-v1,RED_Ultimate_V1-main/RED_Ultimate/app/src/main/java/com/red/sovereign/features/calls/RedVoipMaster.kt,trailing_ws,False,False,False,True,True
arena/019ffece-pro-v1,RED_Ultimate_V1-main/RED_Ultimate/app/src/main/java/com/red/sovereign/features/calls/RedVoipMaster.kt,trailing_ws,False,False,False,True,True
arena/019fffd5-pro-v1,RED_Ultimate_V1-main/RED_Ultimate/app/src/main/java/com/red/sovereign/features/calls/RedVoipMaster.kt,trailing_ws,False,False,False,True,True
arena/01a0064f-pro-v1,RED_Ultimate_V1-main/RED_Ultimate/app/src/main/java/com/red/sovereign/features/calls/RedVoipMaster.kt,trailing_ws,False,False,False,True,True
arena/01a00f9e-pro-v1,RED_Ultimate_V1-main/RED_Ultimate/app/src/main/java/com/red/sovereign/features/calls/RedVoipMaster.kt,trailing_ws,False,False,False,True,True
chore/platform-rebuild-baseline,RED_Ultimate_V1-main/RED_Ultimate/app/src/main/java/com/red/sovereign/features/calls/RedVoipMaster.kt,trailing_ws,False,False,False,True,True
feat/admin-social-management,RED_Ultimate_V1-main/RED_Ultimate/app/src/main/java/com/red/sovereign/features/calls/RedVoipMaster.kt,trailing_ws,False,False,False,True,True
feat/red-engineering-roadmap-20260820,RED_Ultimate_V1-main/RED_Ultimate/app/src/main/java/com/red/sovereign/features/calls/RedVoipMaster.kt,trailing_ws,False,False,False,True,True
feature/uc2000-ve-sms-browser-audit,RED_Ultimate_V1-main/RED_Ultimate/app/src/main/java/com/red/sovereign/features/calls/RedVoipMaster.kt,trailing_ws,False,False,False,True,True
fix/restore-websocket-registrations,RED_Ultimate_V1-main/RED_Ultimate/app/src/main/java/com/red/sovereign/features/calls/RedVoipMaster.kt,trailing_ws,False,False,False,True,True
revert-37-arena/019ffd78-pro-v1,RED_Ultimate_V1-main/RED_Ultimate/app/src/main/java/com/red/sovereign/features/calls/RedVoipMaster.kt,trailing_ws,False,False,False,True,True
arena/019fe8fa-pro-v1,RED_Ultimate_V1-main/RED_Ultimate/app/src/main/java/com/red/sovereign/features/chat/LuxuryChatBubble.kt,trailing_ws,False,False,False,True,True
arena/019fe9e3-pro-v1,RED_Ultimate_V1-main/RED_Ultimate/app/src/main/java/com/red/sovereign/features/chat/LuxuryChatBubble.kt,trailing_ws,False,False,False,True,True
arena/019ff019-pro-v1,RED_Ultimate_V1-main/RED_Ultimate/app/src/main/java/com/red/sovereign/features/chat/LuxuryChatBubble.kt,trailing_ws,False,False,False,True,True
arena/019ff06b-pro-v1,RED_Ultimate_V1-main/RED_Ultimate/app/src/main/java/com/red/sovereign/features/chat/LuxuryChatBubble.kt,trailing_ws,False,False,False,True,True
arena/019ff085-pro-v1,RED_Ultimate_V1-main/RED_Ultimate/app/src/main/java/com/red/sovereign/features/chat/LuxuryChatBubble.kt,trailing_ws,False,False,False,True,True
arena/019ff0c7-pro-v1,RED_Ultimate_V1-main/RED_Ultimate/app/src/main/java/com/red/sovereign/features/chat/LuxuryChatBubble.kt,trailing_ws,False,False,False,True,True
arena/019ff146-pro-v1,RED_Ultimate_V1-main/RED_Ultimate/app/src/main/java/com/red/sovereign/features/chat/LuxuryChatBubble.kt,trailing_ws,False,False,False,True,True
arena/019ff178-pro-v1,RED_Ultimate_V1-main/RED_Ultimate/app/src/main/java/com/red/sovereign/features/chat/LuxuryChatBubble.kt,trailing_ws,False,False,False,True,True
arena/019ff1f9-pro-v1,RED_Ultimate_V1-main/RED_Ultimate/app/src/main/java/com/red/sovereign/features/chat/LuxuryChatBubble.kt,trailing_ws,False,False,False,True,True
arena/019ff215-pro-v1,RED_Ultimate_V1-main/RED_Ultimate/app/src/main/java/com/red/sovereign/features/chat/LuxuryChatBubble.kt,trailing_ws,False,False,False,True,True
arena/019ff237-pro-v1,RED_Ultimate_V1-main/RED_Ultimate/app/src/main/java/com/red/sovereign/features/chat/LuxuryChatBubble.kt,trailing_ws,False,False,False,True,True
arena/019ff422-pro-v1,RED_Ultimate_V1-main/RED_Ultimate/app/src/main/java/com/red/sovereign/features/chat/LuxuryChatBubble.kt,trailing_ws,False,False,False,True,True
arena/019ff82d-pro-v1,RED_Ultimate_V1-main/RED_Ultimate/app/src/main/java/com/red/sovereign/features/chat/LuxuryChatBubble.kt,trailing_ws,False,False,False,True,True
arena/019ff859-pro-v1,RED_Ultimate_V1-main/RED_Ultimate/app/src/main/java/com/red/sovereign/features/chat/LuxuryChatBubble.kt,trailing_ws,False,False,False,True,True
arena/019ff8b4-pro-v1,RED_Ultimate_V1-main/RED_Ultimate/app/src/main/java/com/red/sovereign/features/chat/LuxuryChatBubble.kt,trailing_ws,False,False,False,True,True
arena/019ff8c7-pro-v1,RED_Ultimate_V1-main/RED_Ultimate/app/src/main/java/com/red/sovereign/features/chat/LuxuryChatBubble.kt,trailing_ws,False,False,False,True,True
arena/019ff8f2-pro-v1,RED_Ultimate_V1-main/RED_Ultimate/app/src/main/java/com/red/sovereign/features/chat/LuxuryChatBubble.kt,trailing_ws,False,False,False,True,True
arena/019ffce9-pro-v1,RED_Ultimate_V1-main/RED_Ultimate/app/src/main/java/com/red/sovereign/features/chat/LuxuryChatBubble.kt,trailing_ws,False,False,False,True,True
arena/019ffd78-pro-v1,RED_Ultimate_V1-main/RED_Ultimate/app/src/main/java/com/red/sovereign/features/chat/LuxuryChatBubble.kt,trailing_ws,False,False,False,True,True
arena/019ffe92-pro-v1,RED_Ultimate_V1-main/RED_Ultimate/app/src/main/java/com/red/sovereign/features/chat/LuxuryChatBubble.kt,trailing_ws,False,False,False,True,True
arena/019ffece-pro-v1,RED_Ultimate_V1-main/RED_Ultimate/app/src/main/java/com/red/sovereign/features/chat/LuxuryChatBubble.kt,trailing_ws,False,False,False,True,True
arena/019fffd5-pro-v1,RED_Ultimate_V1-main/RED_Ultimate/app/src/main/java/com/red/sovereign/features/chat/LuxuryChatBubble.kt,trailing_ws,False,False,False,True,True
arena/01a0064f-pro-v1,RED_Ultimate_V1-main/RED_Ultimate/app/src/main/java/com/red/sovereign/features/chat/LuxuryChatBubble.kt,trailing_ws,False,False,False,True,True
arena/01a00f9e-pro-v1,RED_Ultimate_V1-main/RED_Ultimate/app/src/main/java/com/red/sovereign/features/chat/LuxuryChatBubble.kt,trailing_ws,False,False,False,True,True
chore/platform-rebuild-baseline,RED_Ultimate_V1-main/RED_Ultimate/app/src/main/java/com/red/sovereign/features/chat/LuxuryChatBubble.kt,trailing_ws,False,False,False,True,True
feat/admin-social-management,RED_Ultimate_V1-main/RED_Ultimate/app/src/main/java/com/red/sovereign/features/chat/LuxuryChatBubble.kt,trailing_ws,False,False,False,True,True
feat/red-engineering-roadmap-20260820,RED_Ultimate_V1-main/RED_Ultimate/app/src/main/java/com/red/sovereign/features/chat/LuxuryChatBubble.kt,trailing_ws,False,False,False,True,True
feature/uc2000-ve-sms-browser-audit,RED_Ultimate_V1-main/RED_Ultimate/app/src/main/java/com/red/sovereign/features/chat/LuxuryChatBubble.kt,trailing_ws,False,False,False,True,True
fix/restore-websocket-registrations,RED_Ultimate_V1-main/RED_Ultimate/app/src/main/java/com/red/sovereign/features/chat/LuxuryChatBubble.kt,trailing_ws,False,False,False,True,True
revert-37-arena/019ffd78-pro-v1,RED_Ultimate_V1-main/RED_Ultimate/app/src/main/java/com/red/sovereign/features/chat/LuxuryChatBubble.kt,trailing_ws,False,False,False,True,True
arena/019fe8fa-pro-v1,RED_Ultimate_V1-main/RED_Ultimate/app/src/main/java/com/red/sovereign/features/pstn/DialPadScreen.kt,trailing_ws,False,False,False,True,True
arena/019fe9e3-pro-v1,RED_Ultimate_V1-main/RED_Ultimate/app/src/main/java/com/red/sovereign/features/pstn/DialPadScreen.kt,trailing_ws,False,False,False,True,True
arena/019ff019-pro-v1,RED_Ultimate_V1-main/RED_Ultimate/app/src/main/java/com/red/sovereign/features/pstn/DialPadScreen.kt,trailing_ws,False,False,False,True,True
arena/019ff06b-pro-v1,RED_Ultimate_V1-main/RED_Ultimate/app/src/main/java/com/red/sovereign/features/pstn/DialPadScreen.kt,trailing_ws,False,False,False,True,True
arena/019ff085-pro-v1,RED_Ultimate_V1-main/RED_Ultimate/app/src/main/java/com/red/sovereign/features/pstn/DialPadScreen.kt,trailing_ws,False,False,False,True,True
arena/019ff0c7-pro-v1,RED_Ultimate_V1-main/RED_Ultimate/app/src/main/java/com/red/sovereign/features/pstn/DialPadScreen.kt,trailing_ws,False,False,False,True,True
arena/019ff146-pro-v1,RED_Ultimate_V1-main/RED_Ultimate/app/src/main/java/com/red/sovereign/features/pstn/DialPadScreen.kt,trailing_ws,False,False,False,True,True
arena/019ff178-pro-v1,RED_Ultimate_V1-main/RED_Ultimate/app/src/main/java/com/red/sovereign/features/pstn/DialPadScreen.kt,trailing_ws,False,False,False,True,True
arena/019ff1f9-pro-v1,RED_Ultimate_V1-main/RED_Ultimate/app/src/main/java/com/red/sovereign/features/pstn/DialPadScreen.kt,trailing_ws,False,False,False,True,True
arena/019ff215-pro-v1,RED_Ultimate_V1-main/RED_Ultimate/app/src/main/java/com/red/sovereign/features/pstn/DialPadScreen.kt,trailing_ws,False,False,False,True,True
arena/019ff237-pro-v1,RED_Ultimate_V1-main/RED_Ultimate/app/src/main/java/com/red/sovereign/features/pstn/DialPadScreen.kt,trailing_ws,False,False,False,True,True
arena/019ff422-pro-v1,RED_Ultimate_V1-main/RED_Ultimate/app/src/main/java/com/red/sovereign/features/pstn/DialPadScreen.kt,trailing_ws,False,False,False,True,True
arena/019ff82d-pro-v1,RED_Ultimate_V1-main/RED_Ultimate/app/src/main/java/com/red/sovereign/features/pstn/DialPadScreen.kt,trailing_ws,False,False,False,True,True
arena/019ff859-pro-v1,RED_Ultimate_V1-main/RED_Ultimate/app/src/main/java/com/red/sovereign/features/pstn/DialPadScreen.kt,trailing_ws,False,False,False,True,True
arena/019ff8b4-pro-v1,RED_Ultimate_V1-main/RED_Ultimate/app/src/main/java/com/red/sovereign/features/pstn/DialPadScreen.kt,trailing_ws,False,False,False,True,True
arena/019ff8c7-pro-v1,RED_Ultimate_V1-main/RED_Ultimate/app/src/main/java/com/red/sovereign/features/pstn/DialPadScreen.kt,trailing_ws,False,False,False,True,True
arena/019ff8f2-pro-v1,RED_Ultimate_V1-main/RED_Ultimate/app/src/main/java/com/red/sovereign/features/pstn/DialPadScreen.kt,trailing_ws,False,False,False,True,True
arena/019ffce9-pro-v1,RED_Ultimate_V1-main/RED_Ultimate/app/src/main/java/com/red/sovereign/features/pstn/DialPadScreen.kt,trailing_ws,False,False,False,True,True
arena/019ffd78-pro-v1,RED_Ultimate_V1-main/RED_Ultimate/app/src/main/java/com/red/sovereign/features/pstn/DialPadScreen.kt,trailing_ws,False,False,False,True,True
arena/019ffe92-pro-v1,RED_Ultimate_V1-main/RED_Ultimate/app/src/main/java/com/red/sovereign/features/pstn/DialPadScreen.kt,trailing_ws,False,False,False,True,True
arena/019ffece-pro-v1,RED_Ultimate_V1-main/RED_Ultimate/app/src/main/java/com/red/sovereign/features/pstn/DialPadScreen.kt,trailing_ws,False,False,False,True,True
arena/019fffd5-pro-v1,RED_Ultimate_V1-main/RED_Ultimate/app/src/main/java/com/red/sovereign/features/pstn/DialPadScreen.kt,trailing_ws,False,False,False,True,True
arena/01a0064f-pro-v1,RED_Ultimate_V1-main/RED_Ultimate/app/src/main/java/com/red/sovereign/features/pstn/DialPadScreen.kt,trailing_ws,False,False,False,True,True
arena/01a00f9e-pro-v1,RED_Ultimate_V1-main/RED_Ultimate/app/src/main/java/com/red/sovereign/features/pstn/DialPadScreen.kt,trailing_ws,False,False,False,True,True
chore/platform-rebuild-baseline,RED_Ultimate_V1-main/RED_Ultimate/app/src/main/java/com/red/sovereign/features/pstn/DialPadScreen.kt,trailing_ws,False,False,False,True,True
feat/admin-social-management,RED_Ultimate_V1-main/RED_Ultimate/app/src/main/java/com/red/sovereign/features/pstn/DialPadScreen.kt,trailing_ws,False,False,False,True,True
feat/red-engineering-roadmap-20260820,RED_Ultimate_V1-main/RED_Ultimate/app/src/main/java/com/red/sovereign/features/pstn/DialPadScreen.kt,trailing_ws,False,False,False,True,True
feature/uc2000-ve-sms-browser-audit,RED_Ultimate_V1-main/RED_Ultimate/app/src/main/java/com/red/sovereign/features/pstn/DialPadScreen.kt,trailing_ws,False,False,False,True,True
fix/restore-websocket-registrations,RED_Ultimate_V1-main/RED_Ultimate/app/src/main/java/com/red/sovereign/features/pstn/DialPadScreen.kt,trailing_ws,False,False,False,True,True
revert-37-arena/019ffd78-pro-v1,RED_Ultimate_V1-main/RED_Ultimate/app/src/main/java/com/red/sovereign/features/pstn/DialPadScreen.kt,trailing_ws,False,False,False,True,True
arena/019fe8fa-pro-v1,RED_Ultimate_V1-main/RED_Ultimate/app/src/main/java/org/thoughtcrime/securesms/components/settings/app/backups/BackupState.kt,crlf,True,True,False,True,True
arena/019fe9e3-pro-v1,RED_Ultimate_V1-main/RED_Ultimate/app/src/main/java/org/thoughtcrime/securesms/components/settings/app/backups/BackupState.kt,crlf,True,True,False,True,True
arena/019ff019-pro-v1,RED_Ultimate_V1-main/RED_Ultimate/app/src/main/java/org/thoughtcrime/securesms/components/settings/app/backups/BackupState.kt,crlf,True,True,False,True,True
arena/019ff06b-pro-v1,RED_Ultimate_V1-main/RED_Ultimate/app/src/main/java/org/thoughtcrime/securesms/components/settings/app/backups/BackupState.kt,crlf,True,True,False,True,True
arena/019ff085-pro-v1,RED_Ultimate_V1-main/RED_Ultimate/app/src/main/java/org/thoughtcrime/securesms/components/settings/app/backups/BackupState.kt,crlf,True,True,False,True,True
arena/019ff0c7-pro-v1,RED_Ultimate_V1-main/RED_Ultimate/app/src/main/java/org/thoughtcrime/securesms/components/settings/app/backups/BackupState.kt,crlf,True,True,False,True,True
arena/019ff146-pro-v1,RED_Ultimate_V1-main/RED_Ultimate/app/src/main/java/org/thoughtcrime/securesms/components/settings/app/backups/BackupState.kt,crlf,True,True,False,True,True
arena/019ff178-pro-v1,RED_Ultimate_V1-main/RED_Ultimate/app/src/main/java/org/thoughtcrime/securesms/components/settings/app/backups/BackupState.kt,crlf,True,True,False,True,True
arena/019ff1f9-pro-v1,RED_Ultimate_V1-main/RED_Ultimate/app/src/main/java/org/thoughtcrime/securesms/components/settings/app/backups/BackupState.kt,crlf,True,True,False,True,True
arena/019ff215-pro-v1,RED_Ultimate_V1-main/RED_Ultimate/app/src/main/java/org/thoughtcrime/securesms/components/settings/app/backups/BackupState.kt,crlf,True,True,False,True,True
arena/019ff237-pro-v1,RED_Ultimate_V1-main/RED_Ultimate/app/src/main/java/org/thoughtcrime/securesms/components/settings/app/backups/BackupState.kt,crlf,True,True,False,True,True
arena/019ff422-pro-v1,RED_Ultimate_V1-main/RED_Ultimate/app/src/main/java/org/thoughtcrime/securesms/components/settings/app/backups/BackupState.kt,crlf,True,True,False,True,True
arena/019ff82d-pro-v1,RED_Ultimate_V1-main/RED_Ultimate/app/src/main/java/org/thoughtcrime/securesms/components/settings/app/backups/BackupState.kt,crlf,True,True,False,True,True
arena/019ff859-pro-v1,RED_Ultimate_V1-main/RED_Ultimate/app/src/main/java/org/thoughtcrime/securesms/components/settings/app/backups/BackupState.kt,crlf,True,True,False,True,True
arena/019ff8b4-pro-v1,RED_Ultimate_V1-main/RED_Ultimate/app/src/main/java/org/thoughtcrime/securesms/components/settings/app/backups/BackupState.kt,crlf,True,True,False,True,True
arena/019ff8c7-pro-v1,RED_Ultimate_V1-main/RED_Ultimate/app/src/main/java/org/thoughtcrime/securesms/components/settings/app/backups/BackupState.kt,crlf,True,True,False,True,True
arena/019ff8f2-pro-v1,RED_Ultimate_V1-main/RED_Ultimate/app/src/main/java/org/thoughtcrime/securesms/components/settings/app/backups/BackupState.kt,crlf,True,True,False,True,True
arena/019ffce9-pro-v1,RED_Ultimate_V1-main/RED_Ultimate/app/src/main/java/org/thoughtcrime/securesms/components/settings/app/backups/BackupState.kt,crlf,True,True,False,True,True
arena/019ffd78-pro-v1,RED_Ultimate_V1-main/RED_Ultimate/app/src/main/java/org/thoughtcrime/securesms/components/settings/app/backups/BackupState.kt,crlf,True,True,False,True,True
arena/019ffe92-pro-v1,RED_Ultimate_V1-main/RED_Ultimate/app/src/main/java/org/thoughtcrime/securesms/components/settings/app/backups/BackupState.kt,crlf,True,True,False,True,True
arena/019ffece-pro-v1,RED_Ultimate_V1-main/RED_Ultimate/app/src/main/java/org/thoughtcrime/securesms/components/settings/app/backups/BackupState.kt,crlf,True,True,False,True,True
arena/019fffd5-pro-v1,RED_Ultimate_V1-main/RED_Ultimate/app/src/main/java/org/thoughtcrime/securesms/components/settings/app/backups/BackupState.kt,crlf,True,True,False,True,True
arena/01a0064f-pro-v1,RED_Ultimate_V1-main/RED_Ultimate/app/src/main/java/org/thoughtcrime/securesms/components/settings/app/backups/BackupState.kt,crlf,True,True,False,True,True
arena/01a00f9e-pro-v1,RED_Ultimate_V1-main/RED_Ultimate/app/src/main/java/org/thoughtcrime/securesms/components/settings/app/backups/BackupState.kt,crlf,True,True,False,True,True
chore/platform-rebuild-baseline,RED_Ultimate_V1-main/RED_Ultimate/app/src/main/java/org/thoughtcrime/securesms/components/settings/app/backups/BackupState.kt,crlf,True,True,False,True,True
feat/admin-social-management,RED_Ultimate_V1-main/RED_Ultimate/app/src/main/java/org/thoughtcrime/securesms/components/settings/app/backups/BackupState.kt,crlf,True,True,False,True,True
feat/red-engineering-roadmap-20260820,RED_Ultimate_V1-main/RED_Ultimate/app/src/main/java/org/thoughtcrime/securesms/components/settings/app/backups/BackupState.kt,crlf,True,True,False,True,True
feature/uc2000-ve-sms-browser-audit,RED_Ultimate_V1-main/RED_Ultimate/app/src/main/java/org/thoughtcrime/securesms/components/settings/app/backups/BackupState.kt,crlf,True,True,False,True,True
fix/restore-websocket-registrations,RED_Ultimate_V1-main/RED_Ultimate/app/src/main/java/org/thoughtcrime/securesms/components/settings/app/backups/BackupState.kt,crlf,True,True,False,True,True
revert-37-arena/019ffd78-pro-v1,RED_Ultimate_V1-main/RED_Ultimate/app/src/main/java/org/thoughtcrime/securesms/components/settings/app/backups/BackupState.kt,crlf,True,True,False,True,True
arena/019fe8fa-pro-v1,RED_Ultimate_V1-main/RED_Ultimate/app/src/main/java/org/thoughtcrime/securesms/components/settings/app/backups/BackupStateObserver.kt,crlf,True,True,False,True,True
arena/019fe9e3-pro-v1,RED_Ultimate_V1-main/RED_Ultimate/app/src/main/java/org/thoughtcrime/securesms/components/settings/app/backups/BackupStateObserver.kt,crlf,True,True,False,True,True
arena/019ff019-pro-v1,RED_Ultimate_V1-main/RED_Ultimate/app/src/main/java/org/thoughtcrime/securesms/components/settings/app/backups/BackupStateObserver.kt,crlf,True,True,False,True,True
arena/019ff06b-pro-v1,RED_Ultimate_V1-main/RED_Ultimate/app/src/main/java/org/thoughtcrime/securesms/components/settings/app/backups/BackupStateObserver.kt,crlf,True,True,False,True,True
arena/019ff085-pro-v1,RED_Ultimate_V1-main/RED_Ultimate/app/src/main/java/org/thoughtcrime/securesms/components/settings/app/backups/BackupStateObserver.kt,crlf,True,True,False,True,True
arena/019ff0c7-pro-v1,RED_Ultimate_V1-main/RED_Ultimate/app/src/main/java/org/thoughtcrime/securesms/components/settings/app/backups/BackupStateObserver.kt,crlf,True,True,False,True,True
arena/019ff146-pro-v1,RED_Ultimate_V1-main/RED_Ultimate/app/src/main/java/org/thoughtcrime/securesms/components/settings/app/backups/BackupStateObserver.kt,crlf,True,True,False,True,True
arena/019ff178-pro-v1,RED_Ultimate_V1-main/RED_Ultimate/app/src/main/java/org/thoughtcrime/securesms/components/settings/app/backups/BackupStateObserver.kt,crlf,True,True,False,True,True
arena/019ff1f9-pro-v1,RED_Ultimate_V1-main/RED_Ultimate/app/src/main/java/org/thoughtcrime/securesms/components/settings/app/backups/BackupStateObserver.kt,crlf,True,True,False,True,True
arena/019ff215-pro-v1,RED_Ultimate_V1-main/RED_Ultimate/app/src/main/java/org/thoughtcrime/securesms/components/settings/app/backups/BackupStateObserver.kt,crlf,True,True,False,True,True
arena/019ff237-pro-v1,RED_Ultimate_V1-main/RED_Ultimate/app/src/main/java/org/thoughtcrime/securesms/components/settings/app/backups/BackupStateObserver.kt,crlf,True,True,False,True,True
arena/019ff422-pro-v1,RED_Ultimate_V1-main/RED_Ultimate/app/src/main/java/org/thoughtcrime/securesms/components/settings/app/backups/BackupStateObserver.kt,crlf,True,True,False,True,True
arena/019ff82d-pro-v1,RED_Ultimate_V1-main/RED_Ultimate/app/src/main/java/org/thoughtcrime/securesms/components/settings/app/backups/BackupStateObserver.kt,crlf,True,True,False,True,True
arena/019ff859-pro-v1,RED_Ultimate_V1-main/RED_Ultimate/app/src/main/java/org/thoughtcrime/securesms/components/settings/app/backups/BackupStateObserver.kt,crlf,True,True,False,True,True
arena/019ff8b4-pro-v1,RED_Ultimate_V1-main/RED_Ultimate/app/src/main/java/org/thoughtcrime/securesms/components/settings/app/backups/BackupStateObserver.kt,crlf,True,True,False,True,True
arena/019ff8c7-pro-v1,RED_Ultimate_V1-main/RED_Ultimate/app/src/main/java/org/thoughtcrime/securesms/components/settings/app/backups/BackupStateObserver.kt,crlf,True,True,False,True,True
arena/019ff8f2-pro-v1,RED_Ultimate_V1-main/RED_Ultimate/app/src/main/java/org/thoughtcrime/securesms/components/settings/app/backups/BackupStateObserver.kt,crlf,True,True,False,True,True
arena/019ffce9-pro-v1,RED_Ultimate_V1-main/RED_Ultimate/app/src/main/java/org/thoughtcrime/securesms/components/settings/app/backups/BackupStateObserver.kt,crlf,True,True,False,True,True
arena/019ffd78-pro-v1,RED_Ultimate_V1-main/RED_Ultimate/app/src/main/java/org/thoughtcrime/securesms/components/settings/app/backups/BackupStateObserver.kt,crlf,True,True,False,True,True
arena/019ffe92-pro-v1,RED_Ultimate_V1-main/RED_Ultimate/app/src/main/java/org/thoughtcrime/securesms/components/settings/app/backups/BackupStateObserver.kt,crlf,True,True,False,True,True
arena/019ffece-pro-v1,RED_Ultimate_V1-main/RED_Ultimate/app/src/main/java/org/thoughtcrime/securesms/components/settings/app/backups/BackupStateObserver.kt,crlf,True,True,False,True,True
arena/019fffd5-pro-v1,RED_Ultimate_V1-main/RED_Ultimate/app/src/main/java/org/thoughtcrime/securesms/components/settings/app/backups/BackupStateObserver.kt,crlf,True,True,False,True,True
arena/01a0064f-pro-v1,RED_Ultimate_V1-main/RED_Ultimate/app/src/main/java/org/thoughtcrime/securesms/components/settings/app/backups/BackupStateObserver.kt,crlf,True,True,False,True,True
arena/01a00f9e-pro-v1,RED_Ultimate_V1-main/RED_Ultimate/app/src/main/java/org/thoughtcrime/securesms/components/settings/app/backups/BackupStateObserver.kt,crlf,True,True,False,True,True
chore/platform-rebuild-baseline,RED_Ultimate_V1-main/RED_Ultimate/app/src/main/java/org/thoughtcrime/securesms/components/settings/app/backups/BackupStateObserver.kt,crlf,True,True,False,True,True
feat/admin-social-management,RED_Ultimate_V1-main/RED_Ultimate/app/src/main/java/org/thoughtcrime/securesms/components/settings/app/backups/BackupStateObserver.kt,crlf,True,True,False,True,True
feat/red-engineering-roadmap-20260820,RED_Ultimate_V1-main/RED_Ultimate/app/src/main/java/org/thoughtcrime/securesms/components/settings/app/backups/BackupStateObserver.kt,crlf,True,True,False,True,True
feature/uc2000-ve-sms-browser-audit,RED_Ultimate_V1-main/RED_Ultimate/app/src/main/java/org/thoughtcrime/securesms/components/settings/app/backups/BackupStateObserver.kt,crlf,True,True,False,True,True
fix/restore-websocket-registrations,RED_Ultimate_V1-main/RED_Ultimate/app/src/main/java/org/thoughtcrime/securesms/components/settings/app/backups/BackupStateObserver.kt,crlf,True,True,False,True,True
revert-37-arena/019ffd78-pro-v1,RED_Ultimate_V1-main/RED_Ultimate/app/src/main/java/org/thoughtcrime/securesms/components/settings/app/backups/BackupStateObserver.kt,crlf,True,True,False,True,True
arena/019fe8fa-pro-v1,RED_Ultimate_V1-main/RED_Ultimate/app/src/main/java/org/thoughtcrime/securesms/components/settings/app/backups/BackupsSettingsFragment.kt,crlf,True,True,False,True,True
arena/019fe9e3-pro-v1,RED_Ultimate_V1-main/RED_Ultimate/app/src/main/java/org/thoughtcrime/securesms/components/settings/app/backups/BackupsSettingsFragment.kt,crlf,True,True,False,True,True
arena/019ff019-pro-v1,RED_Ultimate_V1-main/RED_Ultimate/app/src/main/java/org/thoughtcrime/securesms/components/settings/app/backups/BackupsSettingsFragment.kt,crlf,True,True,False,True,True
arena/019ff06b-pro-v1,RED_Ultimate_V1-main/RED_Ultimate/app/src/main/java/org/thoughtcrime/securesms/components/settings/app/backups/BackupsSettingsFragment.kt,crlf,True,True,False,True,True
arena/019ff085-pro-v1,RED_Ultimate_V1-main/RED_Ultimate/app/src/main/java/org/thoughtcrime/securesms/components/settings/app/backups/BackupsSettingsFragment.kt,crlf,True,True,False,True,True
arena/019ff0c7-pro-v1,RED_Ultimate_V1-main/RED_Ultimate/app/src/main/java/org/thoughtcrime/securesms/components/settings/app/backups/BackupsSettingsFragment.kt,crlf,True,True,False,True,True
arena/019ff146-pro-v1,RED_Ultimate_V1-main/RED_Ultimate/app/src/main/java/org/thoughtcrime/securesms/components/settings/app/backups/BackupsSettingsFragment.kt,crlf,True,True,False,True,True
arena/019ff178-pro-v1,RED_Ultimate_V1-main/RED_Ultimate/app/src/main/java/org/thoughtcrime/securesms/components/settings/app/backups/BackupsSettingsFragment.kt,crlf,True,True,False,True,True
arena/019ff1f9-pro-v1,RED_Ultimate_V1-main/RED_Ultimate/app/src/main/java/org/thoughtcrime/securesms/components/settings/app/backups/BackupsSettingsFragment.kt,crlf,True,True,False,True,True
arena/019ff215-pro-v1,RED_Ultimate_V1-main/RED_Ultimate/app/src/main/java/org/thoughtcrime/securesms/components/settings/app/backups/BackupsSettingsFragment.kt,crlf,True,True,False,True,True
arena/019ff237-pro-v1,RED_Ultimate_V1-main/RED_Ultimate/app/src/main/java/org/thoughtcrime/securesms/components/settings/app/backups/BackupsSettingsFragment.kt,crlf,True,True,False,True,True
arena/019ff422-pro-v1,RED_Ultimate_V1-main/RED_Ultimate/app/src/main/java/org/thoughtcrime/securesms/components/settings/app/backups/BackupsSettingsFragment.kt,crlf,True,True,False,True,True
arena/019ff82d-pro-v1,RED_Ultimate_V1-main/RED_Ultimate/app/src/main/java/org/thoughtcrime/securesms/components/settings/app/backups/BackupsSettingsFragment.kt,crlf,True,True,False,True,True
arena/019ff859-pro-v1,RED_Ultimate_V1-main/RED_Ultimate/app/src/main/java/org/thoughtcrime/securesms/components/settings/app/backups/BackupsSettingsFragment.kt,crlf,True,True,False,True,True
arena/019ff8b4-pro-v1,RED_Ultimate_V1-main/RED_Ultimate/app/src/main/java/org/thoughtcrime/securesms/components/settings/app/backups/BackupsSettingsFragment.kt,crlf,True,True,False,True,True
arena/019ff8c7-pro-v1,RED_Ultimate_V1-main/RED_Ultimate/app/src/main/java/org/thoughtcrime/securesms/components/settings/app/backups/BackupsSettingsFragment.kt,crlf,True,True,False,True,True
arena/019ff8f2-pro-v1,RED_Ultimate_V1-main/RED_Ultimate/app/src/main/java/org/thoughtcrime/securesms/components/settings/app/backups/BackupsSettingsFragment.kt,crlf,True,True,False,True,True
arena/019ffce9-pro-v1,RED_Ultimate_V1-main/RED_Ultimate/app/src/main/java/org/thoughtcrime/securesms/components/settings/app/backups/BackupsSettingsFragment.kt,crlf,True,True,False,True,True
arena/019ffd78-pro-v1,RED_Ultimate_V1-main/RED_Ultimate/app/src/main/java/org/thoughtcrime/securesms/components/settings/app/backups/BackupsSettingsFragment.kt,crlf,True,True,False,True,True
arena/019ffe92-pro-v1,RED_Ultimate_V1-main/RED_Ultimate/app/src/main/java/org/thoughtcrime/securesms/components/settings/app/backups/BackupsSettingsFragment.kt,crlf,True,True,False,True,True
arena/019ffece-pro-v1,RED_Ultimate_V1-main/RED_Ultimate/app/src/main/java/org/thoughtcrime/securesms/components/settings/app/backups/BackupsSettingsFragment.kt,crlf,True,True,False,True,True
arena/019fffd5-pro-v1,RED_Ultimate_V1-main/RED_Ultimate/app/src/main/java/org/thoughtcrime/securesms/components/settings/app/backups/BackupsSettingsFragment.kt,crlf,True,True,False,True,True
arena/01a0064f-pro-v1,RED_Ultimate_V1-main/RED_Ultimate/app/src/main/java/org/thoughtcrime/securesms/components/settings/app/backups/BackupsSettingsFragment.kt,crlf,True,True,False,True,True
arena/01a00f9e-pro-v1,RED_Ultimate_V1-main/RED_Ultimate/app/src/main/java/org/thoughtcrime/securesms/components/settings/app/backups/BackupsSettingsFragment.kt,crlf,True,True,False,True,True
chore/platform-rebuild-baseline,RED_Ultimate_V1-main/RED_Ultimate/app/src/main/java/org/thoughtcrime/securesms/components/settings/app/backups/BackupsSettingsFragment.kt,crlf,True,True,False,True,True
feat/admin-social-management,RED_Ultimate_V1-main/RED_Ultimate/app/src/main/java/org/thoughtcrime/securesms/components/settings/app/backups/BackupsSettingsFragment.kt,crlf,True,True,False,True,True
feat/red-engineering-roadmap-20260820,RED_Ultimate_V1-main/RED_Ultimate/app/src/main/java/org/thoughtcrime/securesms/components/settings/app/backups/BackupsSettingsFragment.kt,crlf,True,True,False,True,True
feature/uc2000-ve-sms-browser-audit,RED_Ultimate_V1-main/RED_Ultimate/app/src/main/java/org/thoughtcrime/securesms/components/settings/app/backups/BackupsSettingsFragment.kt,crlf,True,True,False,True,True
fix/restore-websocket-registrations,RED_Ultimate_V1-main/RED_Ultimate/app/src/main/java/org/thoughtcrime/securesms/components/settings/app/backups/BackupsSettingsFragment.kt,crlf,True,True,False,True,True
revert-37-arena/019ffd78-pro-v1,RED_Ultimate_V1-main/RED_Ultimate/app/src/main/java/org/thoughtcrime/securesms/components/settings/app/backups/BackupsSettingsFragment.kt,crlf,True,True,False,True,True
arena/019fe8fa-pro-v1,RED_Ultimate_V1-main/RED_Ultimate/app/src/main/java/org/thoughtcrime/securesms/components/settings/app/backups/BackupsSettingsState.kt,crlf,True,True,False,True,True
arena/019fe9e3-pro-v1,RED_Ultimate_V1-main/RED_Ultimate/app/src/main/java/org/thoughtcrime/securesms/components/settings/app/backups/BackupsSettingsState.kt,crlf,True,True,False,True,True
arena/019ff019-pro-v1,RED_Ultimate_V1-main/RED_Ultimate/app/src/main/java/org/thoughtcrime/securesms/components/settings/app/backups/BackupsSettingsState.kt,crlf,True,True,False,True,True
arena/019ff06b-pro-v1,RED_Ultimate_V1-main/RED_Ultimate/app/src/main/java/org/thoughtcrime/securesms/components/settings/app/backups/BackupsSettingsState.kt,crlf,True,True,False,True,True
arena/019ff085-pro-v1,RED_Ultimate_V1-main/RED_Ultimate/app/src/main/java/org/thoughtcrime/securesms/components/settings/app/backups/BackupsSettingsState.kt,crlf,True,True,False,True,True
arena/019ff0c7-pro-v1,RED_Ultimate_V1-main/RED_Ultimate/app/src/main/java/org/thoughtcrime/securesms/components/settings/app/backups/BackupsSettingsState.kt,crlf,True,True,False,True,True
arena/019ff146-pro-v1,RED_Ultimate_V1-main/RED_Ultimate/app/src/main/java/org/thoughtcrime/securesms/components/settings/app/backups/BackupsSettingsState.kt,crlf,True,True,False,True,True
arena/019ff178-pro-v1,RED_Ultimate_V1-main/RED_Ultimate/app/src/main/java/org/thoughtcrime/securesms/components/settings/app/backups/BackupsSettingsState.kt,crlf,True,True,False,True,True
arena/019ff1f9-pro-v1,RED_Ultimate_V1-main/RED_Ultimate/app/src/main/java/org/thoughtcrime/securesms/components/settings/app/backups/BackupsSettingsState.kt,crlf,True,True,False,True,True
arena/019ff215-pro-v1,RED_Ultimate_V1-main/RED_Ultimate/app/src/main/java/org/thoughtcrime/securesms/components/settings/app/backups/BackupsSettingsState.kt,crlf,True,True,False,True,True
arena/019ff237-pro-v1,RED_Ultimate_V1-main/RED_Ultimate/app/src/main/java/org/thoughtcrime/securesms/components/settings/app/backups/BackupsSettingsState.kt,crlf,True,True,False,True,True
arena/019ff422-pro-v1,RED_Ultimate_V1-main/RED_Ultimate/app/src/main/java/org/thoughtcrime/securesms/components/settings/app/backups/BackupsSettingsState.kt,crlf,True,True,False,True,True
arena/019ff82d-pro-v1,RED_Ultimate_V1-main/RED_Ultimate/app/src/main/java/org/thoughtcrime/securesms/components/settings/app/backups/BackupsSettingsState.kt,crlf,True,True,False,True,True
arena/019ff859-pro-v1,RED_Ultimate_V1-main/RED_Ultimate/app/src/main/java/org/thoughtcrime/securesms/components/settings/app/backups/BackupsSettingsState.kt,crlf,True,True,False,True,True
arena/019ff8b4-pro-v1,RED_Ultimate_V1-main/RED_Ultimate/app/src/main/java/org/thoughtcrime/securesms/components/settings/app/backups/BackupsSettingsState.kt,crlf,True,True,False,True,True
arena/019ff8c7-pro-v1,RED_Ultimate_V1-main/RED_Ultimate/app/src/main/java/org/thoughtcrime/securesms/components/settings/app/backups/BackupsSettingsState.kt,crlf,True,True,False,True,True
arena/019ff8f2-pro-v1,RED_Ultimate_V1-main/RED_Ultimate/app/src/main/java/org/thoughtcrime/securesms/components/settings/app/backups/BackupsSettingsState.kt,crlf,True,True,False,True,True
arena/019ffce9-pro-v1,RED_Ultimate_V1-main/RED_Ultimate/app/src/main/java/org/thoughtcrime/securesms/components/settings/app/backups/BackupsSettingsState.kt,crlf,True,True,False,True,True
arena/019ffd78-pro-v1,RED_Ultimate_V1-main/RED_Ultimate/app/src/main/java/org/thoughtcrime/securesms/components/settings/app/backups/BackupsSettingsState.kt,crlf,True,True,False,True,True
arena/019ffe92-pro-v1,RED_Ultimate_V1-main/RED_Ultimate/app/src/main/java/org/thoughtcrime/securesms/components/settings/app/backups/BackupsSettingsState.kt,crlf,True,True,False,True,True
arena/019ffece-pro-v1,RED_Ultimate_V1-main/RED_Ultimate/app/src/main/java/org/thoughtcrime/securesms/components/settings/app/backups/BackupsSettingsState.kt,crlf,True,True,False,True,True
arena/019fffd5-pro-v1,RED_Ultimate_V1-main/RED_Ultimate/app/src/main/java/org/thoughtcrime/securesms/components/settings/app/backups/BackupsSettingsState.kt,crlf,True,True,False,True,True
arena/01a0064f-pro-v1,RED_Ultimate_V1-main/RED_Ultimate/app/src/main/java/org/thoughtcrime/securesms/components/settings/app/backups/BackupsSettingsState.kt,crlf,True,True,False,True,True
arena/01a00f9e-pro-v1,RED_Ultimate_V1-main/RED_Ultimate/app/src/main/java/org/thoughtcrime/securesms/components/settings/app/backups/BackupsSettingsState.kt,crlf,True,True,False,True,True
chore/platform-rebuild-baseline,RED_Ultimate_V1-main/RED_Ultimate/app/src/main/java/org/thoughtcrime/securesms/components/settings/app/backups/BackupsSettingsState.kt,crlf,True,True,False,True,True
feat/admin-social-management,RED_Ultimate_V1-main/RED_Ultimate/app/src/main/java/org/thoughtcrime/securesms/components/settings/app/backups/BackupsSettingsState.kt,crlf,True,True,False,True,True
feat/red-engineering-roadmap-20260820,RED_Ultimate_V1-main/RED_Ultimate/app/src/main/java/org/thoughtcrime/securesms/components/settings/app/backups/BackupsSettingsState.kt,crlf,True,True,False,True,True
feature/uc2000-ve-sms-browser-audit,RED_Ultimate_V1-main/RED_Ultimate/app/src/main/java/org/thoughtcrime/securesms/components/settings/app/backups/BackupsSettingsState.kt,crlf,True,True,False,True,True
fix/restore-websocket-registrations,RED_Ultimate_V1-main/RED_Ultimate/app/src/main/java/org/thoughtcrime/securesms/components/settings/app/backups/BackupsSettingsState.kt,crlf,True,True,False,True,True
revert-37-arena/019ffd78-pro-v1,RED_Ultimate_V1-main/RED_Ultimate/app/src/main/java/org/thoughtcrime/securesms/components/settings/app/backups/BackupsSettingsState.kt,crlf,True,True,False,True,True
arena/019fe8fa-pro-v1,RED_Ultimate_V1-main/RED_Ultimate/app/src/main/java/org/thoughtcrime/securesms/components/settings/app/backups/BackupsSettingsViewModel.kt,crlf,True,True,False,True,True
arena/019fe9e3-pro-v1,RED_Ultimate_V1-main/RED_Ultimate/app/src/main/java/org/thoughtcrime/securesms/components/settings/app/backups/BackupsSettingsViewModel.kt,crlf,True,True,False,True,True
arena/019ff019-pro-v1,RED_Ultimate_V1-main/RED_Ultimate/app/src/main/java/org/thoughtcrime/securesms/components/settings/app/backups/BackupsSettingsViewModel.kt,crlf,True,True,False,True,True
arena/019ff06b-pro-v1,RED_Ultimate_V1-main/RED_Ultimate/app/src/main/java/org/thoughtcrime/securesms/components/settings/app/backups/BackupsSettingsViewModel.kt,crlf,True,True,False,True,True
arena/019ff085-pro-v1,RED_Ultimate_V1-main/RED_Ultimate/app/src/main/java/org/thoughtcrime/securesms/components/settings/app/backups/BackupsSettingsViewModel.kt,crlf,True,True,False,True,True
arena/019ff0c7-pro-v1,RED_Ultimate_V1-main/RED_Ultimate/app/src/main/java/org/thoughtcrime/securesms/components/settings/app/backups/BackupsSettingsViewModel.kt,crlf,True,True,False,True,True
arena/019ff146-pro-v1,RED_Ultimate_V1-main/RED_Ultimate/app/src/main/java/org/thoughtcrime/securesms/components/settings/app/backups/BackupsSettingsViewModel.kt,crlf,True,True,False,True,True
arena/019ff178-pro-v1,RED_Ultimate_V1-main/RED_Ultimate/app/src/main/java/org/thoughtcrime/securesms/components/settings/app/backups/BackupsSettingsViewModel.kt,crlf,True,True,False,True,True
arena/019ff1f9-pro-v1,RED_Ultimate_V1-main/RED_Ultimate/app/src/main/java/org/thoughtcrime/securesms/components/settings/app/backups/BackupsSettingsViewModel.kt,crlf,True,True,False,True,True
arena/019ff215-pro-v1,RED_Ultimate_V1-main/RED_Ultimate/app/src/main/java/org/thoughtcrime/securesms/components/settings/app/backups/BackupsSettingsViewModel.kt,crlf,True,True,False,True,True
arena/019ff237-pro-v1,RED_Ultimate_V1-main/RED_Ultimate/app/src/main/java/org/thoughtcrime/securesms/components/settings/app/backups/BackupsSettingsViewModel.kt,crlf,True,True,False,True,True
arena/019ff422-pro-v1,RED_Ultimate_V1-main/RED_Ultimate/app/src/main/java/org/thoughtcrime/securesms/components/settings/app/backups/BackupsSettingsViewModel.kt,crlf,True,True,False,True,True
arena/019ff82d-pro-v1,RED_Ultimate_V1-main/RED_Ultimate/app/src/main/java/org/thoughtcrime/securesms/components/settings/app/backups/BackupsSettingsViewModel.kt,crlf,True,True,False,True,True
arena/019ff859-pro-v1,RED_Ultimate_V1-main/RED_Ultimate/app/src/main/java/org/thoughtcrime/securesms/components/settings/app/backups/BackupsSettingsViewModel.kt,crlf,True,True,False,True,True
arena/019ff8b4-pro-v1,RED_Ultimate_V1-main/RED_Ultimate/app/src/main/java/org/thoughtcrime/securesms/components/settings/app/backups/BackupsSettingsViewModel.kt,crlf,True,True,False,True,True
arena/019ff8c7-pro-v1,RED_Ultimate_V1-main/RED_Ultimate/app/src/main/java/org/thoughtcrime/securesms/components/settings/app/backups/BackupsSettingsViewModel.kt,crlf,True,True,False,True,True
arena/019ff8f2-pro-v1,RED_Ultimate_V1-main/RED_Ultimate/app/src/main/java/org/thoughtcrime/securesms/components/settings/app/backups/BackupsSettingsViewModel.kt,crlf,True,True,False,True,True
arena/019ffce9-pro-v1,RED_Ultimate_V1-main/RED_Ultimate/app/src/main/java/org/thoughtcrime/securesms/components/settings/app/backups/BackupsSettingsViewModel.kt,crlf,True,True,False,True,True
arena/019ffd78-pro-v1,RED_Ultimate_V1-main/RED_Ultimate/app/src/main/java/org/thoughtcrime/securesms/components/settings/app/backups/BackupsSettingsViewModel.kt,crlf,True,True,False,True,True
arena/019ffe92-pro-v1,RED_Ultimate_V1-main/RED_Ultimate/app/src/main/java/org/thoughtcrime/securesms/components/settings/app/backups/BackupsSettingsViewModel.kt,crlf,True,True,False,True,True
arena/019ffece-pro-v1,RED_Ultimate_V1-main/RED_Ultimate/app/src/main/java/org/thoughtcrime/securesms/components/settings/app/backups/BackupsSettingsViewModel.kt,crlf,True,True,False,True,True
arena/019fffd5-pro-v1,RED_Ultimate_V1-main/RED_Ultimate/app/src/main/java/org/thoughtcrime/securesms/components/settings/app/backups/BackupsSettingsViewModel.kt,crlf,True,True,False,True,True
arena/01a0064f-pro-v1,RED_Ultimate_V1-main/RED_Ultimate/app/src/main/java/org/thoughtcrime/securesms/components/settings/app/backups/BackupsSettingsViewModel.kt,crlf,True,True,False,True,True
arena/01a00f9e-pro-v1,RED_Ultimate_V1-main/RED_Ultimate/app/src/main/java/org/thoughtcrime/securesms/components/settings/app/backups/BackupsSettingsViewModel.kt,crlf,True,True,False,True,True
chore/platform-rebuild-baseline,RED_Ultimate_V1-main/RED_Ultimate/app/src/main/java/org/thoughtcrime/securesms/components/settings/app/backups/BackupsSettingsViewModel.kt,crlf,True,True,False,True,True
feat/admin-social-management,RED_Ultimate_V1-main/RED_Ultimate/app/src/main/java/org/thoughtcrime/securesms/components/settings/app/backups/BackupsSettingsViewModel.kt,crlf,True,True,False,True,True
feat/red-engineering-roadmap-20260820,RED_Ultimate_V1-main/RED_Ultimate/app/src/main/java/org/thoughtcrime/securesms/components/settings/app/backups/BackupsSettingsViewModel.kt,crlf,True,True,False,True,True
feature/uc2000-ve-sms-browser-audit,RED_Ultimate_V1-main/RED_Ultimate/app/src/main/java/org/thoughtcrime/securesms/components/settings/app/backups/BackupsSettingsViewModel.kt,crlf,True,True,False,True,True
fix/restore-websocket-registrations,RED_Ultimate_V1-main/RED_Ultimate/app/src/main/java/org/thoughtcrime/securesms/components/settings/app/backups/BackupsSettingsViewModel.kt,crlf,True,True,False,True,True
revert-37-arena/019ffd78-pro-v1,RED_Ultimate_V1-main/RED_Ultimate/app/src/main/java/org/thoughtcrime/securesms/components/settings/app/backups/BackupsSettingsViewModel.kt,crlf,True,True,False,True,True
arena/019fe8fa-pro-v1,RED_Ultimate_V1-main/RED_Ultimate/app/src/main/java/org/thoughtcrime/securesms/components/settings/app/backups/local/LocalBackupsFragment.kt,crlf,True,True,False,True,True
arena/019fe9e3-pro-v1,RED_Ultimate_V1-main/RED_Ultimate/app/src/main/java/org/thoughtcrime/securesms/components/settings/app/backups/local/LocalBackupsFragment.kt,crlf,True,True,False,True,True
arena/019ff019-pro-v1,RED_Ultimate_V1-main/RED_Ultimate/app/src/main/java/org/thoughtcrime/securesms/components/settings/app/backups/local/LocalBackupsFragment.kt,crlf,True,True,False,True,True
arena/019ff06b-pro-v1,RED_Ultimate_V1-main/RED_Ultimate/app/src/main/java/org/thoughtcrime/securesms/components/settings/app/backups/local/LocalBackupsFragment.kt,crlf,True,True,False,True,True
arena/019ff085-pro-v1,RED_Ultimate_V1-main/RED_Ultimate/app/src/main/java/org/thoughtcrime/securesms/components/settings/app/backups/local/LocalBackupsFragment.kt,crlf,True,True,False,True,True
arena/019ff0c7-pro-v1,RED_Ultimate_V1-main/RED_Ultimate/app/src/main/java/org/thoughtcrime/securesms/components/settings/app/backups/local/LocalBackupsFragment.kt,crlf,True,True,False,True,True
arena/019ff146-pro-v1,RED_Ultimate_V1-main/RED_Ultimate/app/src/main/java/org/thoughtcrime/securesms/components/settings/app/backups/local/LocalBackupsFragment.kt,crlf,True,True,False,True,True
arena/019ff178-pro-v1,RED_Ultimate_V1-main/RED_Ultimate/app/src/main/java/org/thoughtcrime/securesms/components/settings/app/backups/local/LocalBackupsFragment.kt,crlf,True,True,False,True,True
arena/019ff1f9-pro-v1,RED_Ultimate_V1-main/RED_Ultimate/app/src/main/java/org/thoughtcrime/securesms/components/settings/app/backups/local/LocalBackupsFragment.kt,crlf,True,True,False,True,True
arena/019ff215-pro-v1,RED_Ultimate_V1-main/RED_Ultimate/app/src/main/java/org/thoughtcrime/securesms/components/settings/app/backups/local/LocalBackupsFragment.kt,crlf,True,True,False,True,True
arena/019ff237-pro-v1,RED_Ultimate_V1-main/RED_Ultimate/app/src/main/java/org/thoughtcrime/securesms/components/settings/app/backups/local/LocalBackupsFragment.kt,crlf,True,True,False,True,True
arena/019ff422-pro-v1,RED_Ultimate_V1-main/RED_Ultimate/app/src/main/java/org/thoughtcrime/securesms/components/settings/app/backups/local/LocalBackupsFragment.kt,crlf,True,True,False,True,True
arena/019ff82d-pro-v1,RED_Ultimate_V1-main/RED_Ultimate/app/src/main/java/org/thoughtcrime/securesms/components/settings/app/backups/local/LocalBackupsFragment.kt,crlf,True,True,False,True,True
arena/019ff859-pro-v1,RED_Ultimate_V1-main/RED_Ultimate/app/src/main/java/org/thoughtcrime/securesms/components/settings/app/backups/local/LocalBackupsFragment.kt,crlf,True,True,False,True,True
arena/019ff8b4-pro-v1,RED_Ultimate_V1-main/RED_Ultimate/app/src/main/java/org/thoughtcrime/securesms/components/settings/app/backups/local/LocalBackupsFragment.kt,crlf,True,True,False,True,True
arena/019ff8c7-pro-v1,RED_Ultimate_V1-main/RED_Ultimate/app/src/main/java/org/thoughtcrime/securesms/components/settings/app/backups/local/LocalBackupsFragment.kt,crlf,True,True,False,True,True
arena/019ff8f2-pro-v1,RED_Ultimate_V1-main/RED_Ultimate/app/src/main/java/org/thoughtcrime/securesms/components/settings/app/backups/local/LocalBackupsFragment.kt,crlf,True,True,False,True,True
arena/019ffce9-pro-v1,RED_Ultimate_V1-main/RED_Ultimate/app/src/main/java/org/thoughtcrime/securesms/components/settings/app/backups/local/LocalBackupsFragment.kt,crlf,True,True,False,True,True
arena/019ffd78-pro-v1,RED_Ultimate_V1-main/RED_Ultimate/app/src/main/java/org/thoughtcrime/securesms/components/settings/app/backups/local/LocalBackupsFragment.kt,crlf,True,True,False,True,True
arena/019ffe92-pro-v1,RED_Ultimate_V1-main/RED_Ultimate/app/src/main/java/org/thoughtcrime/securesms/components/settings/app/backups/local/LocalBackupsFragment.kt,crlf,True,True,False,True,True
arena/019ffece-pro-v1,RED_Ultimate_V1-main/RED_Ultimate/app/src/main/java/org/thoughtcrime/securesms/components/settings/app/backups/local/LocalBackupsFragment.kt,crlf,True,True,False,True,True
arena/019fffd5-pro-v1,RED_Ultimate_V1-main/RED_Ultimate/app/src/main/java/org/thoughtcrime/securesms/components/settings/app/backups/local/LocalBackupsFragment.kt,crlf,True,True,False,True,True
arena/01a0064f-pro-v1,RED_Ultimate_V1-main/RED_Ultimate/app/src/main/java/org/thoughtcrime/securesms/components/settings/app/backups/local/LocalBackupsFragment.kt,crlf,True,True,False,True,True
arena/01a00f9e-pro-v1,RED_Ultimate_V1-main/RED_Ultimate/app/src/main/java/org/thoughtcrime/securesms/components/settings/app/backups/local/LocalBackupsFragment.kt,crlf,True,True,False,True,True
chore/platform-rebuild-baseline,RED_Ultimate_V1-main/RED_Ultimate/app/src/main/java/org/thoughtcrime/securesms/components/settings/app/backups/local/LocalBackupsFragment.kt,crlf,True,True,False,True,True
feat/admin-social-management,RED_Ultimate_V1-main/RED_Ultimate/app/src/main/java/org/thoughtcrime/securesms/components/settings/app/backups/local/LocalBackupsFragment.kt,crlf,True,True,False,True,True
feat/red-engineering-roadmap-20260820,RED_Ultimate_V1-main/RED_Ultimate/app/src/main/java/org/thoughtcrime/securesms/components/settings/app/backups/local/LocalBackupsFragment.kt,crlf,True,True,False,True,True
feature/uc2000-ve-sms-browser-audit,RED_Ultimate_V1-main/RED_Ultimate/app/src/main/java/org/thoughtcrime/securesms/components/settings/app/backups/local/LocalBackupsFragment.kt,crlf,True,True,False,True,True
fix/restore-websocket-registrations,RED_Ultimate_V1-main/RED_Ultimate/app/src/main/java/org/thoughtcrime/securesms/components/settings/app/backups/local/LocalBackupsFragment.kt,crlf,True,True,False,True,True
revert-37-arena/019ffd78-pro-v1,RED_Ultimate_V1-main/RED_Ultimate/app/src/main/java/org/thoughtcrime/securesms/components/settings/app/backups/local/LocalBackupsFragment.kt,crlf,True,True,False,True,True
arena/019fe8fa-pro-v1,RED_Ultimate_V1-main/RED_Ultimate/app/src/main/java/org/thoughtcrime/securesms/components/settings/app/backups/local/LocalBackupsImprovementsScreen.kt,crlf,True,True,False,True,True
arena/019fe9e3-pro-v1,RED_Ultimate_V1-main/RED_Ultimate/app/src/main/java/org/thoughtcrime/securesms/components/settings/app/backups/local/LocalBackupsImprovementsScreen.kt,crlf,True,True,False,True,True
arena/019ff019-pro-v1,RED_Ultimate_V1-main/RED_Ultimate/app/src/main/java/org/thoughtcrime/securesms/components/settings/app/backups/local/LocalBackupsImprovementsScreen.kt,crlf,True,True,False,True,True
arena/019ff06b-pro-v1,RED_Ultimate_V1-main/RED_Ultimate/app/src/main/java/org/thoughtcrime/securesms/components/settings/app/backups/local/LocalBackupsImprovementsScreen.kt,crlf,True,True,False,True,True
arena/019ff085-pro-v1,RED_Ultimate_V1-main/RED_Ultimate/app/src/main/java/org/thoughtcrime/securesms/components/settings/app/backups/local/LocalBackupsImprovementsScreen.kt,crlf,True,True,False,True,True
arena/019ff0c7-pro-v1,RED_Ultimate_V1-main/RED_Ultimate/app/src/main/java/org/thoughtcrime/securesms/components/settings/app/backups/local/LocalBackupsImprovementsScreen.kt,crlf,True,True,False,True,True
arena/019ff146-pro-v1,RED_Ultimate_V1-main/RED_Ultimate/app/src/main/java/org/thoughtcrime/securesms/components/settings/app/backups/local/LocalBackupsImprovementsScreen.kt,crlf,True,True,False,True,True
arena/019ff178-pro-v1,RED_Ultimate_V1-main/RED_Ultimate/app/src/main/java/org/thoughtcrime/securesms/components/settings/app/backups/local/LocalBackupsImprovementsScreen.kt,crlf,True,True,False,True,True
arena/019ff1f9-pro-v1,RED_Ultimate_V1-main/RED_Ultimate/app/src/main/java/org/thoughtcrime/securesms/components/settings/app/backups/local/LocalBackupsImprovementsScreen.kt,crlf,True,True,False,True,True
arena/019ff215-pro-v1,RED_Ultimate_V1-main/RED_Ultimate/app/src/main/java/org/thoughtcrime/securesms/components/settings/app/backups/local/LocalBackupsImprovementsScreen.kt,crlf,True,True,False,True,True
arena/019ff237-pro-v1,RED_Ultimate_V1-main/RED_Ultimate/app/src/main/java/org/thoughtcrime/securesms/components/settings/app/backups/local/LocalBackupsImprovementsScreen.kt,crlf,True,True,False,True,True
arena/019ff422-pro-v1,RED_Ultimate_V1-main/RED_Ultimate/app/src/main/java/org/thoughtcrime/securesms/components/settings/app/backups/local/LocalBackupsImprovementsScreen.kt,crlf,True,True,False,True,True
arena/019ff82d-pro-v1,RED_Ultimate_V1-main/RED_Ultimate/app/src/main/java/org/thoughtcrime/securesms/components/settings/app/backups/local/LocalBackupsImprovementsScreen.kt,crlf,True,True,False,True,True
arena/019ff859-pro-v1,RED_Ultimate_V1-main/RED_Ultimate/app/src/main/java/org/thoughtcrime/securesms/components/settings/app/backups/local/LocalBackupsImprovementsScreen.kt,crlf,True,True,False,True,True
arena/019ff8b4-pro-v1,RED_Ultimate_V1-main/RED_Ultimate/app/src/main/java/org/thoughtcrime/securesms/components/settings/app/backups/local/LocalBackupsImprovementsScreen.kt,crlf,True,True,False,True,True
arena/019ff8c7-pro-v1,RED_Ultimate_V1-main/RED_Ultimate/app/src/main/java/org/thoughtcrime/securesms/components/settings/app/backups/local/LocalBackupsImprovementsScreen.kt,crlf,True,True,False,True,True
arena/019ff8f2-pro-v1,RED_Ultimate_V1-main/RED_Ultimate/app/src/main/java/org/thoughtcrime/securesms/components/settings/app/backups/local/LocalBackupsImprovementsScreen.kt,crlf,True,True,False,True,True
arena/019ffce9-pro-v1,RED_Ultimate_V1-main/RED_Ultimate/app/src/main/java/org/thoughtcrime/securesms/components/settings/app/backups/local/LocalBackupsImprovementsScreen.kt,crlf,True,True,False,True,True
arena/019ffd78-pro-v1,RED_Ultimate_V1-main/RED_Ultimate/app/src/main/java/org/thoughtcrime/securesms/components/settings/app/backups/local/LocalBackupsImprovementsScreen.kt,crlf,True,True,False,True,True
arena/019ffe92-pro-v1,RED_Ultimate_V1-main/RED_Ultimate/app/src/main/java/org/thoughtcrime/securesms/components/settings/app/backups/local/LocalBackupsImprovementsScreen.kt,crlf,True,True,False,True,True
arena/019ffece-pro-v1,RED_Ultimate_V1-main/RED_Ultimate/app/src/main/java/org/thoughtcrime/securesms/components/settings/app/backups/local/LocalBackupsImprovementsScreen.kt,crlf,True,True,False,True,True
arena/019fffd5-pro-v1,RED_Ultimate_V1-main/RED_Ultimate/app/src/main/java/org/thoughtcrime/securesms/components/settings/app/backups/local/LocalBackupsImprovementsScreen.kt,crlf,True,True,False,True,True
arena/01a0064f-pro-v1,RED_Ultimate_V1-main/RED_Ultimate/app/src/main/java/org/thoughtcrime/securesms/components/settings/app/backups/local/LocalBackupsImprovementsScreen.kt,crlf,True,True,False,True,True
arena/01a00f9e-pro-v1,RED_Ultimate_V1-main/RED_Ultimate/app/src/main/java/org/thoughtcrime/securesms/components/settings/app/backups/local/LocalBackupsImprovementsScreen.kt,crlf,True,True,False,True,True
chore/platform-rebuild-baseline,RED_Ultimate_V1-main/RED_Ultimate/app/src/main/java/org/thoughtcrime/securesms/components/settings/app/backups/local/LocalBackupsImprovementsScreen.kt,crlf,True,True,False,True,True
feat/admin-social-management,RED_Ultimate_V1-main/RED_Ultimate/app/src/main/java/org/thoughtcrime/securesms/components/settings/app/backups/local/LocalBackupsImprovementsScreen.kt,crlf,True,True,False,True,True
feat/red-engineering-roadmap-20260820,RED_Ultimate_V1-main/RED_Ultimate/app/src/main/java/org/thoughtcrime/securesms/components/settings/app/backups/local/LocalBackupsImprovementsScreen.kt,crlf,True,True,False,True,True
feature/uc2000-ve-sms-browser-audit,RED_Ultimate_V1-main/RED_Ultimate/app/src/main/java/org/thoughtcrime/securesms/components/settings/app/backups/local/LocalBackupsImprovementsScreen.kt,crlf,True,True,False,True,True
fix/restore-websocket-registrations,RED_Ultimate_V1-main/RED_Ultimate/app/src/main/java/org/thoughtcrime/securesms/components/settings/app/backups/local/LocalBackupsImprovementsScreen.kt,crlf,True,True,False,True,True
revert-37-arena/019ffd78-pro-v1,RED_Ultimate_V1-main/RED_Ultimate/app/src/main/java/org/thoughtcrime/securesms/components/settings/app/backups/local/LocalBackupsImprovementsScreen.kt,crlf,True,True,False,True,True
arena/019fe8fa-pro-v1,RED_Ultimate_V1-main/RED_Ultimate/app/src/main/java/org/thoughtcrime/securesms/components/settings/app/backups/local/LocalBackupsKeyState.kt,crlf,True,True,False,True,True
arena/019fe9e3-pro-v1,RED_Ultimate_V1-main/RED_Ultimate/app/src/main/java/org/thoughtcrime/securesms/components/settings/app/backups/local/LocalBackupsKeyState.kt,crlf,True,True,False,True,True
arena/019ff019-pro-v1,RED_Ultimate_V1-main/RED_Ultimate/app/src/main/java/org/thoughtcrime/securesms/components/settings/app/backups/local/LocalBackupsKeyState.kt,crlf,True,True,False,True,True
arena/019ff06b-pro-v1,RED_Ultimate_V1-main/RED_Ultimate/app/src/main/java/org/thoughtcrime/securesms/components/settings/app/backups/local/LocalBackupsKeyState.kt,crlf,True,True,False,True,True
arena/019ff085-pro-v1,RED_Ultimate_V1-main/RED_Ultimate/app/src/main/java/org/thoughtcrime/securesms/components/settings/app/backups/local/LocalBackupsKeyState.kt,crlf,True,True,False,True,True
arena/019ff0c7-pro-v1,RED_Ultimate_V1-main/RED_Ultimate/app/src/main/java/org/thoughtcrime/securesms/components/settings/app/backups/local/LocalBackupsKeyState.kt,crlf,True,True,False,True,True
arena/019ff146-pro-v1,RED_Ultimate_V1-main/RED_Ultimate/app/src/main/java/org/thoughtcrime/securesms/components/settings/app/backups/local/LocalBackupsKeyState.kt,crlf,True,True,False,True,True
arena/019ff178-pro-v1,RED_Ultimate_V1-main/RED_Ultimate/app/src/main/java/org/thoughtcrime/securesms/components/settings/app/backups/local/LocalBackupsKeyState.kt,crlf,True,True,False,True,True
arena/019ff1f9-pro-v1,RED_Ultimate_V1-main/RED_Ultimate/app/src/main/java/org/thoughtcrime/securesms/components/settings/app/backups/local/LocalBackupsKeyState.kt,crlf,True,True,False,True,True
arena/019ff215-pro-v1,RED_Ultimate_V1-main/RED_Ultimate/app/src/main/java/org/thoughtcrime/securesms/components/settings/app/backups/local/LocalBackupsKeyState.kt,crlf,True,True,False,True,True
arena/019ff237-pro-v1,RED_Ultimate_V1-main/RED_Ultimate/app/src/main/java/org/thoughtcrime/securesms/components/settings/app/backups/local/LocalBackupsKeyState.kt,crlf,True,True,False,True,True
arena/019ff422-pro-v1,RED_Ultimate_V1-main/RED_Ultimate/app/src/main/java/org/thoughtcrime/securesms/components/settings/app/backups/local/LocalBackupsKeyState.kt,crlf,True,True,False,True,True
arena/019ff82d-pro-v1,RED_Ultimate_V1-main/RED_Ultimate/app/src/main/java/org/thoughtcrime/securesms/components/settings/app/backups/local/LocalBackupsKeyState.kt,crlf,True,True,False,True,True
arena/019ff859-pro-v1,RED_Ultimate_V1-main/RED_Ultimate/app/src/main/java/org/thoughtcrime/securesms/components/settings/app/backups/local/LocalBackupsKeyState.kt,crlf,True,True,False,True,True
arena/019ff8b4-pro-v1,RED_Ultimate_V1-main/RED_Ultimate/app/src/main/java/org/thoughtcrime/securesms/components/settings/app/backups/local/LocalBackupsKeyState.kt,crlf,True,True,False,True,True
arena/019ff8c7-pro-v1,RED_Ultimate_V1-main/RED_Ultimate/app/src/main/java/org/thoughtcrime/securesms/components/settings/app/backups/local/LocalBackupsKeyState.kt,crlf,True,True,False,True,True
arena/019ff8f2-pro-v1,RED_Ultimate_V1-main/RED_Ultimate/app/src/main/java/org/thoughtcrime/securesms/components/settings/app/backups/local/LocalBackupsKeyState.kt,crlf,True,True,False,True,True
arena/019ffce9-pro-v1,RED_Ultimate_V1-main/RED_Ultimate/app/src/main/java/org/thoughtcrime/securesms/components/settings/app/backups/local/LocalBackupsKeyState.kt,crlf,True,True,False,True,True
arena/019ffd78-pro-v1,RED_Ultimate_V1-main/RED_Ultimate/app/src/main/java/org/thoughtcrime/securesms/components/settings/app/backups/local/LocalBackupsKeyState.kt,crlf,True,True,False,True,True
arena/019ffe92-pro-v1,RED_Ultimate_V1-main/RED_Ultimate/app/src/main/java/org/thoughtcrime/securesms/components/settings/app/backups/local/LocalBackupsKeyState.kt,crlf,True,True,False,True,True
arena/019ffece-pro-v1,RED_Ultimate_V1-main/RED_Ultimate/app/src/main/java/org/thoughtcrime/securesms/components/settings/app/backups/local/LocalBackupsKeyState.kt,crlf,True,True,False,True,True
arena/019fffd5-pro-v1,RED_Ultimate_V1-main/RED_Ultimate/app/src/main/java/org/thoughtcrime/securesms/components/settings/app/backups/local/LocalBackupsKeyState.kt,crlf,True,True,False,True,True
arena/01a0064f-pro-v1,RED_Ultimate_V1-main/RED_Ultimate/app/src/main/java/org/thoughtcrime/securesms/components/settings/app/backups/local/LocalBackupsKeyState.kt,crlf,True,True,False,True,True
arena/01a00f9e-pro-v1,RED_Ultimate_V1-main/RED_Ultimate/app/src/main/java/org/thoughtcrime/securesms/components/settings/app/backups/local/LocalBackupsKeyState.kt,crlf,True,True,False,True,True
chore/platform-rebuild-baseline,RED_Ultimate_V1-main/RED_Ultimate/app/src/main/java/org/thoughtcrime/securesms/components/settings/app/backups/local/LocalBackupsKeyState.kt,crlf,True,True,False,True,True
feat/admin-social-management,RED_Ultimate_V1-main/RED_Ultimate/app/src/main/java/org/thoughtcrime/securesms/components/settings/app/backups/local/LocalBackupsKeyState.kt,crlf,True,True,False,True,True
feat/red-engineering-roadmap-20260820,RED_Ultimate_V1-main/RED_Ultimate/app/src/main/java/org/thoughtcrime/securesms/components/settings/app/backups/local/LocalBackupsKeyState.kt,crlf,True,True,False,True,True
feature/uc2000-ve-sms-browser-audit,RED_Ultimate_V1-main/RED_Ultimate/app/src/main/java/org/thoughtcrime/securesms/components/settings/app/backups/local/LocalBackupsKeyState.kt,crlf,True,True,False,True,True
fix/restore-websocket-registrations,RED_Ultimate_V1-main/RED_Ultimate/app/src/main/java/org/thoughtcrime/securesms/components/settings/app/backups/local/LocalBackupsKeyState.kt,crlf,True,True,False,True,True
revert-37-arena/019ffd78-pro-v1,RED_Ultimate_V1-main/RED_Ultimate/app/src/main/java/org/thoughtcrime/securesms/components/settings/app/backups/local/LocalBackupsKeyState.kt,crlf,True,True,False,True,True
arena/019fe8fa-pro-v1,RED_Ultimate_V1-main/RED_Ultimate/app/src/main/java/org/thoughtcrime/securesms/components/settings/app/backups/local/LocalBackupsNavKey.kt,crlf,True,True,False,True,True
arena/019fe9e3-pro-v1,RED_Ultimate_V1-main/RED_Ultimate/app/src/main/java/org/thoughtcrime/securesms/components/settings/app/backups/local/LocalBackupsNavKey.kt,crlf,True,True,False,True,True
arena/019ff019-pro-v1,RED_Ultimate_V1-main/RED_Ultimate/app/src/main/java/org/thoughtcrime/securesms/components/settings/app/backups/local/LocalBackupsNavKey.kt,crlf,True,True,False,True,True
arena/019ff06b-pro-v1,RED_Ultimate_V1-main/RED_Ultimate/app/src/main/java/org/thoughtcrime/securesms/components/settings/app/backups/local/LocalBackupsNavKey.kt,crlf,True,True,False,True,True
arena/019ff085-pro-v1,RED_Ultimate_V1-main/RED_Ultimate/app/src/main/java/org/thoughtcrime/securesms/components/settings/app/backups/local/LocalBackupsNavKey.kt,crlf,True,True,False,True,True
arena/019ff0c7-pro-v1,RED_Ultimate_V1-main/RED_Ultimate/app/src/main/java/org/thoughtcrime/securesms/components/settings/app/backups/local/LocalBackupsNavKey.kt,crlf,True,True,False,True,True
arena/019ff146-pro-v1,RED_Ultimate_V1-main/RED_Ultimate/app/src/main/java/org/thoughtcrime/securesms/components/settings/app/backups/local/LocalBackupsNavKey.kt,crlf,True,True,False,True,True
arena/019ff178-pro-v1,RED_Ultimate_V1-main/RED_Ultimate/app/src/main/java/org/thoughtcrime/securesms/components/settings/app/backups/local/LocalBackupsNavKey.kt,crlf,True,True,False,True,True
arena/019ff1f9-pro-v1,RED_Ultimate_V1-main/RED_Ultimate/app/src/main/java/org/thoughtcrime/securesms/components/settings/app/backups/local/LocalBackupsNavKey.kt,crlf,True,True,False,True,True
arena/019ff215-pro-v1,RED_Ultimate_V1-main/RED_Ultimate/app/src/main/java/org/thoughtcrime/securesms/components/settings/app/backups/local/LocalBackupsNavKey.kt,crlf,True,True,False,True,True
arena/019ff237-pro-v1,RED_Ultimate_V1-main/RED_Ultimate/app/src/main/java/org/thoughtcrime/securesms/components/settings/app/backups/local/LocalBackupsNavKey.kt,crlf,True,True,False,True,True
arena/019ff422-pro-v1,RED_Ultimate_V1-main/RED_Ultimate/app/src/main/java/org/thoughtcrime/securesms/components/settings/app/backups/local/LocalBackupsNavKey.kt,crlf,True,True,False,True,True
arena/019ff82d-pro-v1,RED_Ultimate_V1-main/RED_Ultimate/app/src/main/java/org/thoughtcrime/securesms/components/settings/app/backups/local/LocalBackupsNavKey.kt,crlf,True,True,False,True,True
arena/019ff859-pro-v1,RED_Ultimate_V1-main/RED_Ultimate/app/src/main/java/org/thoughtcrime/securesms/components/settings/app/backups/local/LocalBackupsNavKey.kt,crlf,True,True,False,True,True
arena/019ff8b4-pro-v1,RED_Ultimate_V1-main/RED_Ultimate/app/src/main/java/org/thoughtcrime/securesms/components/settings/app/backups/local/LocalBackupsNavKey.kt,crlf,True,True,False,True,True
arena/019ff8c7-pro-v1,RED_Ultimate_V1-main/RED_Ultimate/app/src/main/java/org/thoughtcrime/securesms/components/settings/app/backups/local/LocalBackupsNavKey.kt,crlf,True,True,False,True,True
arena/019ff8f2-pro-v1,RED_Ultimate_V1-main/RED_Ultimate/app/src/main/java/org/thoughtcrime/securesms/components/settings/app/backups/local/LocalBackupsNavKey.kt,crlf,True,True,False,True,True
arena/019ffce9-pro-v1,RED_Ultimate_V1-main/RED_Ultimate/app/src/main/java/org/thoughtcrime/securesms/components/settings/app/backups/local/LocalBackupsNavKey.kt,crlf,True,True,False,True,True
arena/019ffd78-pro-v1,RED_Ultimate_V1-main/RED_Ultimate/app/src/main/java/org/thoughtcrime/securesms/components/settings/app/backups/local/LocalBackupsNavKey.kt,crlf,True,True,False,True,True
arena/019ffe92-pro-v1,RED_Ultimate_V1-main/RED_Ultimate/app/src/main/java/org/thoughtcrime/securesms/components/settings/app/backups/local/LocalBackupsNavKey.kt,crlf,True,True,False,True,True
arena/019ffece-pro-v1,RED_Ultimate_V1-main/RED_Ultimate/app/src/main/java/org/thoughtcrime/securesms/components/settings/app/backups/local/LocalBackupsNavKey.kt,crlf,True,True,False,True,True
arena/019fffd5-pro-v1,RED_Ultimate_V1-main/RED_Ultimate/app/src/main/java/org/thoughtcrime/securesms/components/settings/app/backups/local/LocalBackupsNavKey.kt,crlf,True,True,False,True,True
arena/01a0064f-pro-v1,RED_Ultimate_V1-main/RED_Ultimate/app/src/main/java/org/thoughtcrime/securesms/components/settings/app/backups/local/LocalBackupsNavKey.kt,crlf,True,True,False,True,True
arena/01a00f9e-pro-v1,RED_Ultimate_V1-main/RED_Ultimate/app/src/main/java/org/thoughtcrime/securesms/components/settings/app/backups/local/LocalBackupsNavKey.kt,crlf,True,True,False,True,True
chore/platform-rebuild-baseline,RED_Ultimate_V1-main/RED_Ultimate/app/src/main/java/org/thoughtcrime/securesms/components/settings/app/backups/local/LocalBackupsNavKey.kt,crlf,True,True,False,True,True
feat/admin-social-management,RED_Ultimate_V1-main/RED_Ultimate/app/src/main/java/org/thoughtcrime/securesms/components/settings/app/backups/local/LocalBackupsNavKey.kt,crlf,True,True,False,True,True
feat/red-engineering-roadmap-20260820,RED_Ultimate_V1-main/RED_Ultimate/app/src/main/java/org/thoughtcrime/securesms/components/settings/app/backups/local/LocalBackupsNavKey.kt,crlf,True,True,False,True,True
feature/uc2000-ve-sms-browser-audit,RED_Ultimate_V1-main/RED_Ultimate/app/src/main/java/org/thoughtcrime/securesms/components/settings/app/backups/local/LocalBackupsNavKey.kt,crlf,True,True,False,True,True
fix/restore-websocket-registrations,RED_Ultimate_V1-main/RED_Ultimate/app/src/main/java/org/thoughtcrime/securesms/components/settings/app/backups/local/LocalBackupsNavKey.kt,crlf,True,True,False,True,True
revert-37-arena/019ffd78-pro-v1,RED_Ultimate_V1-main/RED_Ultimate/app/src/main/java/org/thoughtcrime/securesms/components/settings/app/backups/local/LocalBackupsNavKey.kt,crlf,True,True,False,True,True
arena/019fe8fa-pro-v1,RED_Ultimate_V1-main/RED_Ultimate/app/src/main/java/org/thoughtcrime/securesms/components/settings/app/backups/local/LocalBackupsSettingsCallback.kt,crlf,True,True,False,True,True
arena/019fe9e3-pro-v1,RED_Ultimate_V1-main/RED_Ultimate/app/src/main/java/org/thoughtcrime/securesms/components/settings/app/backups/local/LocalBackupsSettingsCallback.kt,crlf,True,True,False,True,True
arena/019ff019-pro-v1,RED_Ultimate_V1-main/RED_Ultimate/app/src/main/java/org/thoughtcrime/securesms/components/settings/app/backups/local/LocalBackupsSettingsCallback.kt,crlf,True,True,False,True,True
arena/019ff06b-pro-v1,RED_Ultimate_V1-main/RED_Ultimate/app/src/main/java/org/thoughtcrime/securesms/components/settings/app/backups/local/LocalBackupsSettingsCallback.kt,crlf,True,True,False,True,True
arena/019ff085-pro-v1,RED_Ultimate_V1-main/RED_Ultimate/app/src/main/java/org/thoughtcrime/securesms/components/settings/app/backups/local/LocalBackupsSettingsCallback.kt,crlf,True,True,False,True,True
arena/019ff0c7-pro-v1,RED_Ultimate_V1-main/RED_Ultimate/app/src/main/java/org/thoughtcrime/securesms/components/settings/app/backups/local/LocalBackupsSettingsCallback.kt,crlf,True,True,False,True,True
arena/019ff146-pro-v1,RED_Ultimate_V1-main/RED_Ultimate/app/src/main/java/org/thoughtcrime/securesms/components/settings/app/backups/local/LocalBackupsSettingsCallback.kt,crlf,True,True,False,True,True
arena/019ff178-pro-v1,RED_Ultimate_V1-main/RED_Ultimate/app/src/main/java/org/thoughtcrime/securesms/components/settings/app/backups/local/LocalBackupsSettingsCallback.kt,crlf,True,True,False,True,True
arena/019ff1f9-pro-v1,RED_Ultimate_V1-main/RED_Ultimate/app/src/main/java/org/thoughtcrime/securesms/components/settings/app/backups/local/LocalBackupsSettingsCallback.kt,crlf,True,True,False,True,True
arena/019ff215-pro-v1,RED_Ultimate_V1-main/RED_Ultimate/app/src/main/java/org/thoughtcrime/securesms/components/settings/app/backups/local/LocalBackupsSettingsCallback.kt,crlf,True,True,False,True,True
arena/019ff237-pro-v1,RED_Ultimate_V1-main/RED_Ultimate/app/src/main/java/org/thoughtcrime/securesms/components/settings/app/backups/local/LocalBackupsSettingsCallback.kt,crlf,True,True,False,True,True
arena/019ff422-pro-v1,RED_Ultimate_V1-main/RED_Ultimate/app/src/main/java/org/thoughtcrime/securesms/components/settings/app/backups/local/LocalBackupsSettingsCallback.kt,crlf,True,True,False,True,True
arena/019ff82d-pro-v1,RED_Ultimate_V1-main/RED_Ultimate/app/src/main/java/org/thoughtcrime/securesms/components/settings/app/backups/local/LocalBackupsSettingsCallback.kt,crlf,True,True,False,True,True
arena/019ff859-pro-v1,RED_Ultimate_V1-main/RED_Ultimate/app/src/main/java/org/thoughtcrime/securesms/components/settings/app/backups/local/LocalBackupsSettingsCallback.kt,crlf,True,True,False,True,True
arena/019ff8b4-pro-v1,RED_Ultimate_V1-main/RED_Ultimate/app/src/main/java/org/thoughtcrime/securesms/components/settings/app/backups/local/LocalBackupsSettingsCallback.kt,crlf,True,True,False,True,True
arena/019ff8c7-pro-v1,RED_Ultimate_V1-main/RED_Ultimate/app/src/main/java/org/thoughtcrime/securesms/components/settings/app/backups/local/LocalBackupsSettingsCallback.kt,crlf,True,True,False,True,True
arena/019ff8f2-pro-v1,RED_Ultimate_V1-main/RED_Ultimate/app/src/main/java/org/thoughtcrime/securesms/components/settings/app/backups/local/LocalBackupsSettingsCallback.kt,crlf,True,True,False,True,True
arena/019ffce9-pro-v1,RED_Ultimate_V1-main/RED_Ultimate/app/src/main/java/org/thoughtcrime/securesms/components/settings/app/backups/local/LocalBackupsSettingsCallback.kt,crlf,True,True,False,True,True
arena/019ffd78-pro-v1,RED_Ultimate_V1-main/RED_Ultimate/app/src/main/java/org/thoughtcrime/securesms/components/settings/app/backups/local/LocalBackupsSettingsCallback.kt,crlf,True,True,False,True,True
arena/019ffe92-pro-v1,RED_Ultimate_V1-main/RED_Ultimate/app/src/main/java/org/thoughtcrime/securesms/components/settings/app/backups/local/LocalBackupsSettingsCallback.kt,crlf,True,True,False,True,True
arena/019ffece-pro-v1,RED_Ultimate_V1-main/RED_Ultimate/app/src/main/java/org/thoughtcrime/securesms/components/settings/app/backups/local/LocalBackupsSettingsCallback.kt,crlf,True,True,False,True,True
arena/019fffd5-pro-v1,RED_Ultimate_V1-main/RED_Ultimate/app/src/main/java/org/thoughtcrime/securesms/components/settings/app/backups/local/LocalBackupsSettingsCallback.kt,crlf,True,True,False,True,True
arena/01a0064f-pro-v1,RED_Ultimate_V1-main/RED_Ultimate/app/src/main/java/org/thoughtcrime/securesms/components/settings/app/backups/local/LocalBackupsSettingsCallback.kt,crlf,True,True,False,True,True
arena/01a00f9e-pro-v1,RED_Ultimate_V1-main/RED_Ultimate/app/src/main/java/org/thoughtcrime/securesms/components/settings/app/backups/local/LocalBackupsSettingsCallback.kt,crlf,True,True,False,True,True
chore/platform-rebuild-baseline,RED_Ultimate_V1-main/RED_Ultimate/app/src/main/java/org/thoughtcrime/securesms/components/settings/app/backups/local/LocalBackupsSettingsCallback.kt,crlf,True,True,False,True,True
feat/admin-social-management,RED_Ultimate_V1-main/RED_Ultimate/app/src/main/java/org/thoughtcrime/securesms/components/settings/app/backups/local/LocalBackupsSettingsCallback.kt,crlf,True,True,False,True,True
feat/red-engineering-roadmap-20260820,RED_Ultimate_V1-main/RED_Ultimate/app/src/main/java/org/thoughtcrime/securesms/components/settings/app/backups/local/LocalBackupsSettingsCallback.kt,crlf,True,True,False,True,True
feature/uc2000-ve-sms-browser-audit,RED_Ultimate_V1-main/RED_Ultimate/app/src/main/java/org/thoughtcrime/securesms/components/settings/app/backups/local/LocalBackupsSettingsCallback.kt,crlf,True,True,False,True,True
fix/restore-websocket-registrations,RED_Ultimate_V1-main/RED_Ultimate/app/src/main/java/org/thoughtcrime/securesms/components/settings/app/backups/local/LocalBackupsSettingsCallback.kt,crlf,True,True,False,True,True
revert-37-arena/019ffd78-pro-v1,RED_Ultimate_V1-main/RED_Ultimate/app/src/main/java/org/thoughtcrime/securesms/components/settings/app/backups/local/LocalBackupsSettingsCallback.kt,crlf,True,True,False,True,True
arena/019fe8fa-pro-v1,RED_Ultimate_V1-main/RED_Ultimate/app/src/main/java/org/thoughtcrime/securesms/components/settings/app/backups/local/LocalBackupsSettingsScreen.kt,crlf,True,True,False,True,True
arena/019fe9e3-pro-v1,RED_Ultimate_V1-main/RED_Ultimate/app/src/main/java/org/thoughtcrime/securesms/components/settings/app/backups/local/LocalBackupsSettingsScreen.kt,crlf,True,True,False,True,True
arena/019ff019-pro-v1,RED_Ultimate_V1-main/RED_Ultimate/app/src/main/java/org/thoughtcrime/securesms/components/settings/app/backups/local/LocalBackupsSettingsScreen.kt,crlf,True,True,False,True,True
arena/019ff06b-pro-v1,RED_Ultimate_V1-main/RED_Ultimate/app/src/main/java/org/thoughtcrime/securesms/components/settings/app/backups/local/LocalBackupsSettingsScreen.kt,crlf,True,True,False,True,True
arena/019ff085-pro-v1,RED_Ultimate_V1-main/RED_Ultimate/app/src/main/java/org/thoughtcrime/securesms/components/settings/app/backups/local/LocalBackupsSettingsScreen.kt,crlf,True,True,False,True,True
arena/019ff0c7-pro-v1,RED_Ultimate_V1-main/RED_Ultimate/app/src/main/java/org/thoughtcrime/securesms/components/settings/app/backups/local/LocalBackupsSettingsScreen.kt,crlf,True,True,False,True,True
arena/019ff146-pro-v1,RED_Ultimate_V1-main/RED_Ultimate/app/src/main/java/org/thoughtcrime/securesms/components/settings/app/backups/local/LocalBackupsSettingsScreen.kt,crlf,True,True,False,True,True
arena/019ff178-pro-v1,RED_Ultimate_V1-main/RED_Ultimate/app/src/main/java/org/thoughtcrime/securesms/components/settings/app/backups/local/LocalBackupsSettingsScreen.kt,crlf,True,True,False,True,True
arena/019ff1f9-pro-v1,RED_Ultimate_V1-main/RED_Ultimate/app/src/main/java/org/thoughtcrime/securesms/components/settings/app/backups/local/LocalBackupsSettingsScreen.kt,crlf,True,True,False,True,True
arena/019ff215-pro-v1,RED_Ultimate_V1-main/RED_Ultimate/app/src/main/java/org/thoughtcrime/securesms/components/settings/app/backups/local/LocalBackupsSettingsScreen.kt,crlf,True,True,False,True,True
arena/019ff237-pro-v1,RED_Ultimate_V1-main/RED_Ultimate/app/src/main/java/org/thoughtcrime/securesms/components/settings/app/backups/local/LocalBackupsSettingsScreen.kt,crlf,True,True,False,True,True
arena/019ff422-pro-v1,RED_Ultimate_V1-main/RED_Ultimate/app/src/main/java/org/thoughtcrime/securesms/components/settings/app/backups/local/LocalBackupsSettingsScreen.kt,crlf,True,True,False,True,True
arena/019ff82d-pro-v1,RED_Ultimate_V1-main/RED_Ultimate/app/src/main/java/org/thoughtcrime/securesms/components/settings/app/backups/local/LocalBackupsSettingsScreen.kt,crlf,True,True,False,True,True
arena/019ff859-pro-v1,RED_Ultimate_V1-main/RED_Ultimate/app/src/main/java/org/thoughtcrime/securesms/components/settings/app/backups/local/LocalBackupsSettingsScreen.kt,crlf,True,True,False,True,True
arena/019ff8b4-pro-v1,RED_Ultimate_V1-main/RED_Ultimate/app/src/main/java/org/thoughtcrime/securesms/components/settings/app/backups/local/LocalBackupsSettingsScreen.kt,crlf,True,True,False,True,True
arena/019ff8c7-pro-v1,RED_Ultimate_V1-main/RED_Ultimate/app/src/main/java/org/thoughtcrime/securesms/components/settings/app/backups/local/LocalBackupsSettingsScreen.kt,crlf,True,True,False,True,True
arena/019ff8f2-pro-v1,RED_Ultimate_V1-main/RED_Ultimate/app/src/main/java/org/thoughtcrime/securesms/components/settings/app/backups/local/LocalBackupsSettingsScreen.kt,crlf,True,True,False,True,True
arena/019ffce9-pro-v1,RED_Ultimate_V1-main/RED_Ultimate/app/src/main/java/org/thoughtcrime/securesms/components/settings/app/backups/local/LocalBackupsSettingsScreen.kt,crlf,True,True,False,True,True
arena/019ffd78-pro-v1,RED_Ultimate_V1-main/RED_Ultimate/app/src/main/java/org/thoughtcrime/securesms/components/settings/app/backups/local/LocalBackupsSettingsScreen.kt,crlf,True,True,False,True,True
arena/019ffe92-pro-v1,RED_Ultimate_V1-main/RED_Ultimate/app/src/main/java/org/thoughtcrime/securesms/components/settings/app/backups/local/LocalBackupsSettingsScreen.kt,crlf,True,True,False,True,True
arena/019ffece-pro-v1,RED_Ultimate_V1-main/RED_Ultimate/app/src/main/java/org/thoughtcrime/securesms/components/settings/app/backups/local/LocalBackupsSettingsScreen.kt,crlf,True,True,False,True,True
arena/019fffd5-pro-v1,RED_Ultimate_V1-main/RED_Ultimate/app/src/main/java/org/thoughtcrime/securesms/components/settings/app/backups/local/LocalBackupsSettingsScreen.kt,crlf,True,True,False,True,True
arena/01a0064f-pro-v1,RED_Ultimate_V1-main/RED_Ultimate/app/src/main/java/org/thoughtcrime/securesms/components/settings/app/backups/local/LocalBackupsSettingsScreen.kt,crlf,True,True,False,True,True
arena/01a00f9e-pro-v1,RED_Ultimate_V1-main/RED_Ultimate/app/src/main/java/org/thoughtcrime/securesms/components/settings/app/backups/local/LocalBackupsSettingsScreen.kt,crlf,True,True,False,True,True
chore/platform-rebuild-baseline,RED_Ultimate_V1-main/RED_Ultimate/app/src/main/java/org/thoughtcrime/securesms/components/settings/app/backups/local/LocalBackupsSettingsScreen.kt,crlf,True,True,False,True,True
feat/admin-social-management,RED_Ultimate_V1-main/RED_Ultimate/app/src/main/java/org/thoughtcrime/securesms/components/settings/app/backups/local/LocalBackupsSettingsScreen.kt,crlf,True,True,False,True,True
feat/red-engineering-roadmap-20260820,RED_Ultimate_V1-main/RED_Ultimate/app/src/main/java/org/thoughtcrime/securesms/components/settings/app/backups/local/LocalBackupsSettingsScreen.kt,crlf,True,True,False,True,True
feature/uc2000-ve-sms-browser-audit,RED_Ultimate_V1-main/RED_Ultimate/app/src/main/java/org/thoughtcrime/securesms/components/settings/app/backups/local/LocalBackupsSettingsScreen.kt,crlf,True,True,False,True,True
fix/restore-websocket-registrations,RED_Ultimate_V1-main/RED_Ultimate/app/src/main/java/org/thoughtcrime/securesms/components/settings/app/backups/local/LocalBackupsSettingsScreen.kt,crlf,True,True,False,True,True
revert-37-arena/019ffd78-pro-v1,RED_Ultimate_V1-main/RED_Ultimate/app/src/main/java/org/thoughtcrime/securesms/components/settings/app/backups/local/LocalBackupsSettingsScreen.kt,crlf,True,True,False,True,True
arena/019fe8fa-pro-v1,RED_Ultimate_V1-main/RED_Ultimate/app/src/main/java/org/thoughtcrime/securesms/components/settings/app/backups/local/LocalBackupsSettingsState.kt,crlf,True,True,False,True,True
arena/019fe9e3-pro-v1,RED_Ultimate_V1-main/RED_Ultimate/app/src/main/java/org/thoughtcrime/securesms/components/settings/app/backups/local/LocalBackupsSettingsState.kt,crlf,True,True,False,True,True
arena/019ff019-pro-v1,RED_Ultimate_V1-main/RED_Ultimate/app/src/main/java/org/thoughtcrime/securesms/components/settings/app/backups/local/LocalBackupsSettingsState.kt,crlf,True,True,False,True,True
arena/019ff06b-pro-v1,RED_Ultimate_V1-main/RED_Ultimate/app/src/main/java/org/thoughtcrime/securesms/components/settings/app/backups/local/LocalBackupsSettingsState.kt,crlf,True,True,False,True,True
arena/019ff085-pro-v1,RED_Ultimate_V1-main/RED_Ultimate/app/src/main/java/org/thoughtcrime/securesms/components/settings/app/backups/local/LocalBackupsSettingsState.kt,crlf,True,True,False,True,True
arena/019ff0c7-pro-v1,RED_Ultimate_V1-main/RED_Ultimate/app/src/main/java/org/thoughtcrime/securesms/components/settings/app/backups/local/LocalBackupsSettingsState.kt,crlf,True,True,False,True,True
arena/019ff146-pro-v1,RED_Ultimate_V1-main/RED_Ultimate/app/src/main/java/org/thoughtcrime/securesms/components/settings/app/backups/local/LocalBackupsSettingsState.kt,crlf,True,True,False,True,True
arena/019ff178-pro-v1,RED_Ultimate_V1-main/RED_Ultimate/app/src/main/java/org/thoughtcrime/securesms/components/settings/app/backups/local/LocalBackupsSettingsState.kt,crlf,True,True,False,True,True
arena/019ff1f9-pro-v1,RED_Ultimate_V1-main/RED_Ultimate/app/src/main/java/org/thoughtcrime/securesms/components/settings/app/backups/local/LocalBackupsSettingsState.kt,crlf,True,True,False,True,True
arena/019ff215-pro-v1,RED_Ultimate_V1-main/RED_Ultimate/app/src/main/java/org/thoughtcrime/securesms/components/settings/app/backups/local/LocalBackupsSettingsState.kt,crlf,True,True,False,True,True
arena/019ff237-pro-v1,RED_Ultimate_V1-main/RED_Ultimate/app/src/main/java/org/thoughtcrime/securesms/components/settings/app/backups/local/LocalBackupsSettingsState.kt,crlf,True,True,False,True,True
arena/019ff422-pro-v1,RED_Ultimate_V1-main/RED_Ultimate/app/src/main/java/org/thoughtcrime/securesms/components/settings/app/backups/local/LocalBackupsSettingsState.kt,crlf,True,True,False,True,True
arena/019ff82d-pro-v1,RED_Ultimate_V1-main/RED_Ultimate/app/src/main/java/org/thoughtcrime/securesms/components/settings/app/backups/local/LocalBackupsSettingsState.kt,crlf,True,True,False,True,True
arena/019ff859-pro-v1,RED_Ultimate_V1-main/RED_Ultimate/app/src/main/java/org/thoughtcrime/securesms/components/settings/app/backups/local/LocalBackupsSettingsState.kt,crlf,True,True,False,True,True
arena/019ff8b4-pro-v1,RED_Ultimate_V1-main/RED_Ultimate/app/src/main/java/org/thoughtcrime/securesms/components/settings/app/backups/local/LocalBackupsSettingsState.kt,crlf,True,True,False,True,True
arena/019ff8c7-pro-v1,RED_Ultimate_V1-main/RED_Ultimate/app/src/main/java/org/thoughtcrime/securesms/components/settings/app/backups/local/LocalBackupsSettingsState.kt,crlf,True,True,False,True,True
arena/019ff8f2-pro-v1,RED_Ultimate_V1-main/RED_Ultimate/app/src/main/java/org/thoughtcrime/securesms/components/settings/app/backups/local/LocalBackupsSettingsState.kt,crlf,True,True,False,True,True
arena/019ffce9-pro-v1,RED_Ultimate_V1-main/RED_Ultimate/app/src/main/java/org/thoughtcrime/securesms/components/settings/app/backups/local/LocalBackupsSettingsState.kt,crlf,True,True,False,True,True
arena/019ffd78-pro-v1,RED_Ultimate_V1-main/RED_Ultimate/app/src/main/java/org/thoughtcrime/securesms/components/settings/app/backups/local/LocalBackupsSettingsState.kt,crlf,True,True,False,True,True
arena/019ffe92-pro-v1,RED_Ultimate_V1-main/RED_Ultimate/app/src/main/java/org/thoughtcrime/securesms/components/settings/app/backups/local/LocalBackupsSettingsState.kt,crlf,True,True,False,True,True
arena/019ffece-pro-v1,RED_Ultimate_V1-main/RED_Ultimate/app/src/main/java/org/thoughtcrime/securesms/components/settings/app/backups/local/LocalBackupsSettingsState.kt,crlf,True,True,False,True,True
arena/019fffd5-pro-v1,RED_Ultimate_V1-main/RED_Ultimate/app/src/main/java/org/thoughtcrime/securesms/components/settings/app/backups/local/LocalBackupsSettingsState.kt,crlf,True,True,False,True,True
arena/01a0064f-pro-v1,RED_Ultimate_V1-main/RED_Ultimate/app/src/main/java/org/thoughtcrime/securesms/components/settings/app/backups/local/LocalBackupsSettingsState.kt,crlf,True,True,False,True,True
arena/01a00f9e-pro-v1,RED_Ultimate_V1-main/RED_Ultimate/app/src/main/java/org/thoughtcrime/securesms/components/settings/app/backups/local/LocalBackupsSettingsState.kt,crlf,True,True,False,True,True
chore/platform-rebuild-baseline,RED_Ultimate_V1-main/RED_Ultimate/app/src/main/java/org/thoughtcrime/securesms/components/settings/app/backups/local/LocalBackupsSettingsState.kt,crlf,True,True,False,True,True
feat/admin-social-management,RED_Ultimate_V1-main/RED_Ultimate/app/src/main/java/org/thoughtcrime/securesms/components/settings/app/backups/local/LocalBackupsSettingsState.kt,crlf,True,True,False,True,True
feat/red-engineering-roadmap-20260820,RED_Ultimate_V1-main/RED_Ultimate/app/src/main/java/org/thoughtcrime/securesms/components/settings/app/backups/local/LocalBackupsSettingsState.kt,crlf,True,True,False,True,True
feature/uc2000-ve-sms-browser-audit,RED_Ultimate_V1-main/RED_Ultimate/app/src/main/java/org/thoughtcrime/securesms/components/settings/app/backups/local/LocalBackupsSettingsState.kt,crlf,True,True,False,True,True
fix/restore-websocket-registrations,RED_Ultimate_V1-main/RED_Ultimate/app/src/main/java/org/thoughtcrime/securesms/components/settings/app/backups/local/LocalBackupsSettingsState.kt,crlf,True,True,False,True,True
revert-37-arena/019ffd78-pro-v1,RED_Ultimate_V1-main/RED_Ultimate/app/src/main/java/org/thoughtcrime/securesms/components/settings/app/backups/local/LocalBackupsSettingsState.kt,crlf,True,True,False,True,True
arena/019fe8fa-pro-v1,RED_Ultimate_V1-main/RED_Ultimate/app/src/main/java/org/thoughtcrime/securesms/components/settings/app/backups/local/LocalBackupsViewModel.kt,crlf,True,True,False,True,True
arena/019fe9e3-pro-v1,RED_Ultimate_V1-main/RED_Ultimate/app/src/main/java/org/thoughtcrime/securesms/components/settings/app/backups/local/LocalBackupsViewModel.kt,crlf,True,True,False,True,True
arena/019ff019-pro-v1,RED_Ultimate_V1-main/RED_Ultimate/app/src/main/java/org/thoughtcrime/securesms/components/settings/app/backups/local/LocalBackupsViewModel.kt,crlf,True,True,False,True,True
arena/019ff06b-pro-v1,RED_Ultimate_V1-main/RED_Ultimate/app/src/main/java/org/thoughtcrime/securesms/components/settings/app/backups/local/LocalBackupsViewModel.kt,crlf,True,True,False,True,True
arena/019ff085-pro-v1,RED_Ultimate_V1-main/RED_Ultimate/app/src/main/java/org/thoughtcrime/securesms/components/settings/app/backups/local/LocalBackupsViewModel.kt,crlf,True,True,False,True,True
arena/019ff0c7-pro-v1,RED_Ultimate_V1-main/RED_Ultimate/app/src/main/java/org/thoughtcrime/securesms/components/settings/app/backups/local/LocalBackupsViewModel.kt,crlf,True,True,False,True,True
arena/019ff146-pro-v1,RED_Ultimate_V1-main/RED_Ultimate/app/src/main/java/org/thoughtcrime/securesms/components/settings/app/backups/local/LocalBackupsViewModel.kt,crlf,True,True,False,True,True
arena/019ff178-pro-v1,RED_Ultimate_V1-main/RED_Ultimate/app/src/main/java/org/thoughtcrime/securesms/components/settings/app/backups/local/LocalBackupsViewModel.kt,crlf,True,True,False,True,True
arena/019ff1f9-pro-v1,RED_Ultimate_V1-main/RED_Ultimate/app/src/main/java/org/thoughtcrime/securesms/components/settings/app/backups/local/LocalBackupsViewModel.kt,crlf,True,True,False,True,True
arena/019ff215-pro-v1,RED_Ultimate_V1-main/RED_Ultimate/app/src/main/java/org/thoughtcrime/securesms/components/settings/app/backups/local/LocalBackupsViewModel.kt,crlf,True,True,False,True,True
arena/019ff237-pro-v1,RED_Ultimate_V1-main/RED_Ultimate/app/src/main/java/org/thoughtcrime/securesms/components/settings/app/backups/local/LocalBackupsViewModel.kt,crlf,True,True,False,True,True
arena/019ff422-pro-v1,RED_Ultimate_V1-main/RED_Ultimate/app/src/main/java/org/thoughtcrime/securesms/components/settings/app/backups/local/LocalBackupsViewModel.kt,crlf,True,True,False,True,True
arena/019ff82d-pro-v1,RED_Ultimate_V1-main/RED_Ultimate/app/src/main/java/org/thoughtcrime/securesms/components/settings/app/backups/local/LocalBackupsViewModel.kt,crlf,True,True,False,True,True
arena/019ff859-pro-v1,RED_Ultimate_V1-main/RED_Ultimate/app/src/main/java/org/thoughtcrime/securesms/components/settings/app/backups/local/LocalBackupsViewModel.kt,crlf,True,True,False,True,True
arena/019ff8b4-pro-v1,RED_Ultimate_V1-main/RED_Ultimate/app/src/main/java/org/thoughtcrime/securesms/components/settings/app/backups/local/LocalBackupsViewModel.kt,crlf,True,True,False,True,True
arena/019ff8c7-pro-v1,RED_Ultimate_V1-main/RED_Ultimate/app/src/main/java/org/thoughtcrime/securesms/components/settings/app/backups/local/LocalBackupsViewModel.kt,crlf,True,True,False,True,True
arena/019ff8f2-pro-v1,RED_Ultimate_V1-main/RED_Ultimate/app/src/main/java/org/thoughtcrime/securesms/components/settings/app/backups/local/LocalBackupsViewModel.kt,crlf,True,True,False,True,True
arena/019ffce9-pro-v1,RED_Ultimate_V1-main/RED_Ultimate/app/src/main/java/org/thoughtcrime/securesms/components/settings/app/backups/local/LocalBackupsViewModel.kt,crlf,True,True,False,True,True
arena/019ffd78-pro-v1,RED_Ultimate_V1-main/RED_Ultimate/app/src/main/java/org/thoughtcrime/securesms/components/settings/app/backups/local/LocalBackupsViewModel.kt,crlf,True,True,False,True,True
arena/019ffe92-pro-v1,RED_Ultimate_V1-main/RED_Ultimate/app/src/main/java/org/thoughtcrime/securesms/components/settings/app/backups/local/LocalBackupsViewModel.kt,crlf,True,True,False,True,True
arena/019ffece-pro-v1,RED_Ultimate_V1-main/RED_Ultimate/app/src/main/java/org/thoughtcrime/securesms/components/settings/app/backups/local/LocalBackupsViewModel.kt,crlf,True,True,False,True,True
arena/019fffd5-pro-v1,RED_Ultimate_V1-main/RED_Ultimate/app/src/main/java/org/thoughtcrime/securesms/components/settings/app/backups/local/LocalBackupsViewModel.kt,crlf,True,True,False,True,True
arena/01a0064f-pro-v1,RED_Ultimate_V1-main/RED_Ultimate/app/src/main/java/org/thoughtcrime/securesms/components/settings/app/backups/local/LocalBackupsViewModel.kt,crlf,True,True,False,True,True
arena/01a00f9e-pro-v1,RED_Ultimate_V1-main/RED_Ultimate/app/src/main/java/org/thoughtcrime/securesms/components/settings/app/backups/local/LocalBackupsViewModel.kt,crlf,True,True,False,True,True
chore/platform-rebuild-baseline,RED_Ultimate_V1-main/RED_Ultimate/app/src/main/java/org/thoughtcrime/securesms/components/settings/app/backups/local/LocalBackupsViewModel.kt,crlf,True,True,False,True,True
feat/admin-social-management,RED_Ultimate_V1-main/RED_Ultimate/app/src/main/java/org/thoughtcrime/securesms/components/settings/app/backups/local/LocalBackupsViewModel.kt,crlf,True,True,False,True,True
feat/red-engineering-roadmap-20260820,RED_Ultimate_V1-main/RED_Ultimate/app/src/main/java/org/thoughtcrime/securesms/components/settings/app/backups/local/LocalBackupsViewModel.kt,crlf,True,True,False,True,True
feature/uc2000-ve-sms-browser-audit,RED_Ultimate_V1-main/RED_Ultimate/app/src/main/java/org/thoughtcrime/securesms/components/settings/app/backups/local/LocalBackupsViewModel.kt,crlf,True,True,False,True,True
fix/restore-websocket-registrations,RED_Ultimate_V1-main/RED_Ultimate/app/src/main/java/org/thoughtcrime/securesms/components/settings/app/backups/local/LocalBackupsViewModel.kt,crlf,True,True,False,True,True
revert-37-arena/019ffd78-pro-v1,RED_Ultimate_V1-main/RED_Ultimate/app/src/main/java/org/thoughtcrime/securesms/components/settings/app/backups/local/LocalBackupsViewModel.kt,crlf,True,True,False,True,True
arena/019fe8fa-pro-v1,RED_Ultimate_V1-main/RED_Ultimate/app/src/main/java/org/thoughtcrime/securesms/components/settings/app/backups/remote/BackupKeyCredentialManagerHandler.kt,crlf,True,True,False,True,True
arena/019fe9e3-pro-v1,RED_Ultimate_V1-main/RED_Ultimate/app/src/main/java/org/thoughtcrime/securesms/components/settings/app/backups/remote/BackupKeyCredentialManagerHandler.kt,crlf,True,True,False,True,True
arena/019ff019-pro-v1,RED_Ultimate_V1-main/RED_Ultimate/app/src/main/java/org/thoughtcrime/securesms/components/settings/app/backups/remote/BackupKeyCredentialManagerHandler.kt,crlf,True,True,False,True,True
arena/019ff06b-pro-v1,RED_Ultimate_V1-main/RED_Ultimate/app/src/main/java/org/thoughtcrime/securesms/components/settings/app/backups/remote/BackupKeyCredentialManagerHandler.kt,crlf,True,True,False,True,True
arena/019ff085-pro-v1,RED_Ultimate_V1-main/RED_Ultimate/app/src/main/java/org/thoughtcrime/securesms/components/settings/app/backups/remote/BackupKeyCredentialManagerHandler.kt,crlf,True,True,False,True,True
arena/019ff0c7-pro-v1,RED_Ultimate_V1-main/RED_Ultimate/app/src/main/java/org/thoughtcrime/securesms/components/settings/app/backups/remote/BackupKeyCredentialManagerHandler.kt,crlf,True,True,False,True,True
arena/019ff146-pro-v1,RED_Ultimate_V1-main/RED_Ultimate/app/src/main/java/org/thoughtcrime/securesms/components/settings/app/backups/remote/BackupKeyCredentialManagerHandler.kt,crlf,True,True,False,True,True
arena/019ff178-pro-v1,RED_Ultimate_V1-main/RED_Ultimate/app/src/main/java/org/thoughtcrime/securesms/components/settings/app/backups/remote/BackupKeyCredentialManagerHandler.kt,crlf,True,True,False,True,True
arena/019ff1f9-pro-v1,RED_Ultimate_V1-main/RED_Ultimate/app/src/main/java/org/thoughtcrime/securesms/components/settings/app/backups/remote/BackupKeyCredentialManagerHandler.kt,crlf,True,True,False,True,True
arena/019ff215-pro-v1,RED_Ultimate_V1-main/RED_Ultimate/app/src/main/java/org/thoughtcrime/securesms/components/settings/app/backups/remote/BackupKeyCredentialManagerHandler.kt,crlf,True,True,False,True,True
arena/019ff237-pro-v1,RED_Ultimate_V1-main/RED_Ultimate/app/src/main/java/org/thoughtcrime/securesms/components/settings/app/backups/remote/BackupKeyCredentialManagerHandler.kt,crlf,True,True,False,True,True
arena/019ff422-pro-v1,RED_Ultimate_V1-main/RED_Ultimate/app/src/main/java/org/thoughtcrime/securesms/components/settings/app/backups/remote/BackupKeyCredentialManagerHandler.kt,crlf,True,True,False,True,True
arena/019ff82d-pro-v1,RED_Ultimate_V1-main/RED_Ultimate/app/src/main/java/org/thoughtcrime/securesms/components/settings/app/backups/remote/BackupKeyCredentialManagerHandler.kt,crlf,True,True,False,True,True
arena/019ff859-pro-v1,RED_Ultimate_V1-main/RED_Ultimate/app/src/main/java/org/thoughtcrime/securesms/components/settings/app/backups/remote/BackupKeyCredentialManagerHandler.kt,crlf,True,True,False,True,True
arena/019ff8b4-pro-v1,RED_Ultimate_V1-main/RED_Ultimate/app/src/main/java/org/thoughtcrime/securesms/components/settings/app/backups/remote/BackupKeyCredentialManagerHandler.kt,crlf,True,True,False,True,True
arena/019ff8c7-pro-v1,RED_Ultimate_V1-main/RED_Ultimate/app/src/main/java/org/thoughtcrime/securesms/components/settings/app/backups/remote/BackupKeyCredentialManagerHandler.kt,crlf,True,True,False,True,True
arena/019ff8f2-pro-v1,RED_Ultimate_V1-main/RED_Ultimate/app/src/main/java/org/thoughtcrime/securesms/components/settings/app/backups/remote/BackupKeyCredentialManagerHandler.kt,crlf,True,True,False,True,True
arena/019ffce9-pro-v1,RED_Ultimate_V1-main/RED_Ultimate/app/src/main/java/org/thoughtcrime/securesms/components/settings/app/backups/remote/BackupKeyCredentialManagerHandler.kt,crlf,True,True,False,True,True
arena/019ffd78-pro-v1,RED_Ultimate_V1-main/RED_Ultimate/app/src/main/java/org/thoughtcrime/securesms/components/settings/app/backups/remote/BackupKeyCredentialManagerHandler.kt,crlf,True,True,False,True,True
arena/019ffe92-pro-v1,RED_Ultimate_V1-main/RED_Ultimate/app/src/main/java/org/thoughtcrime/securesms/components/settings/app/backups/remote/BackupKeyCredentialManagerHandler.kt,crlf,True,True,False,True,True
arena/019ffece-pro-v1,RED_Ultimate_V1-main/RED_Ultimate/app/src/main/java/org/thoughtcrime/securesms/components/settings/app/backups/remote/BackupKeyCredentialManagerHandler.kt,crlf,True,True,False,True,True
arena/019fffd5-pro-v1,RED_Ultimate_V1-main/RED_Ultimate/app/src/main/java/org/thoughtcrime/securesms/components/settings/app/backups/remote/BackupKeyCredentialManagerHandler.kt,crlf,True,True,False,True,True
arena/01a0064f-pro-v1,RED_Ultimate_V1-main/RED_Ultimate/app/src/main/java/org/thoughtcrime/securesms/components/settings/app/backups/remote/BackupKeyCredentialManagerHandler.kt,crlf,True,True,False,True,True
arena/01a00f9e-pro-v1,RED_Ultimate_V1-main/RED_Ultimate/app/src/main/java/org/thoughtcrime/securesms/components/settings/app/backups/remote/BackupKeyCredentialManagerHandler.kt,crlf,True,True,False,True,True
chore/platform-rebuild-baseline,RED_Ultimate_V1-main/RED_Ultimate/app/src/main/java/org/thoughtcrime/securesms/components/settings/app/backups/remote/BackupKeyCredentialManagerHandler.kt,crlf,True,True,False,True,True
feat/admin-social-management,RED_Ultimate_V1-main/RED_Ultimate/app/src/main/java/org/thoughtcrime/securesms/components/settings/app/backups/remote/BackupKeyCredentialManagerHandler.kt,crlf,True,True,False,True,True
feat/red-engineering-roadmap-20260820,RED_Ultimate_V1-main/RED_Ultimate/app/src/main/java/org/thoughtcrime/securesms/components/settings/app/backups/remote/BackupKeyCredentialManagerHandler.kt,crlf,True,True,False,True,True
feature/uc2000-ve-sms-browser-audit,RED_Ultimate_V1-main/RED_Ultimate/app/src/main/java/org/thoughtcrime/securesms/components/settings/app/backups/remote/BackupKeyCredentialManagerHandler.kt,crlf,True,True,False,True,True
fix/restore-websocket-registrations,RED_Ultimate_V1-main/RED_Ultimate/app/src/main/java/org/thoughtcrime/securesms/components/settings/app/backups/remote/BackupKeyCredentialManagerHandler.kt,crlf,True,True,False,True,True
revert-37-arena/019ffd78-pro-v1,RED_Ultimate_V1-main/RED_Ultimate/app/src/main/java/org/thoughtcrime/securesms/components/settings/app/backups/remote/BackupKeyCredentialManagerHandler.kt,crlf,True,True,False,True,True
arena/019fe8fa-pro-v1,RED_Ultimate_V1-main/RED_Ultimate/app/src/main/java/org/thoughtcrime/securesms/components/settings/app/backups/remote/BackupKeyDisplayFragment.kt,crlf,True,True,False,True,True
arena/019fe9e3-pro-v1,RED_Ultimate_V1-main/RED_Ultimate/app/src/main/java/org/thoughtcrime/securesms/components/settings/app/backups/remote/BackupKeyDisplayFragment.kt,crlf,True,True,False,True,True
arena/019ff019-pro-v1,RED_Ultimate_V1-main/RED_Ultimate/app/src/main/java/org/thoughtcrime/securesms/components/settings/app/backups/remote/BackupKeyDisplayFragment.kt,crlf,True,True,False,True,True
arena/019ff06b-pro-v1,RED_Ultimate_V1-main/RED_Ultimate/app/src/main/java/org/thoughtcrime/securesms/components/settings/app/backups/remote/BackupKeyDisplayFragment.kt,crlf,True,True,False,True,True
arena/019ff085-pro-v1,RED_Ultimate_V1-main/RED_Ultimate/app/src/main/java/org/thoughtcrime/securesms/components/settings/app/backups/remote/BackupKeyDisplayFragment.kt,crlf,True,True,False,True,True
arena/019ff0c7-pro-v1,RED_Ultimate_V1-main/RED_Ultimate/app/src/main/java/org/thoughtcrime/securesms/components/settings/app/backups/remote/BackupKeyDisplayFragment.kt,crlf,True,True,False,True,True
arena/019ff146-pro-v1,RED_Ultimate_V1-main/RED_Ultimate/app/src/main/java/org/thoughtcrime/securesms/components/settings/app/backups/remote/BackupKeyDisplayFragment.kt,crlf,True,True,False,True,True
arena/019ff178-pro-v1,RED_Ultimate_V1-main/RED_Ultimate/app/src/main/java/org/thoughtcrime/securesms/components/settings/app/backups/remote/BackupKeyDisplayFragment.kt,crlf,True,True,False,True,True
arena/019ff1f9-pro-v1,RED_Ultimate_V1-main/RED_Ultimate/app/src/main/java/org/thoughtcrime/securesms/components/settings/app/backups/remote/BackupKeyDisplayFragment.kt,crlf,True,True,False,True,True
arena/019ff215-pro-v1,RED_Ultimate_V1-main/RED_Ultimate/app/src/main/java/org/thoughtcrime/securesms/components/settings/app/backups/remote/BackupKeyDisplayFragment.kt,crlf,True,True,False,True,True
arena/019ff237-pro-v1,RED_Ultimate_V1-main/RED_Ultimate/app/src/main/java/org/thoughtcrime/securesms/components/settings/app/backups/remote/BackupKeyDisplayFragment.kt,crlf,True,True,False,True,True
arena/019ff422-pro-v1,RED_Ultimate_V1-main/RED_Ultimate/app/src/main/java/org/thoughtcrime/securesms/components/settings/app/backups/remote/BackupKeyDisplayFragment.kt,crlf,True,True,False,True,True
arena/019ff82d-pro-v1,RED_Ultimate_V1-main/RED_Ultimate/app/src/main/java/org/thoughtcrime/securesms/components/settings/app/backups/remote/BackupKeyDisplayFragment.kt,crlf,True,True,False,True,True
arena/019ff859-pro-v1,RED_Ultimate_V1-main/RED_Ultimate/app/src/main/java/org/thoughtcrime/securesms/components/settings/app/backups/remote/BackupKeyDisplayFragment.kt,crlf,True,True,False,True,True
arena/019ff8b4-pro-v1,RED_Ultimate_V1-main/RED_Ultimate/app/src/main/java/org/thoughtcrime/securesms/components/settings/app/backups/remote/BackupKeyDisplayFragment.kt,crlf,True,True,False,True,True
arena/019ff8c7-pro-v1,RED_Ultimate_V1-main/RED_Ultimate/app/src/main/java/org/thoughtcrime/securesms/components/settings/app/backups/remote/BackupKeyDisplayFragment.kt,crlf,True,True,False,True,True
arena/019ff8f2-pro-v1,RED_Ultimate_V1-main/RED_Ultimate/app/src/main/java/org/thoughtcrime/securesms/components/settings/app/backups/remote/BackupKeyDisplayFragment.kt,crlf,True,True,False,True,True
arena/019ffce9-pro-v1,RED_Ultimate_V1-main/RED_Ultimate/app/src/main/java/org/thoughtcrime/securesms/components/settings/app/backups/remote/BackupKeyDisplayFragment.kt,crlf,True,True,False,True,True
arena/019ffd78-pro-v1,RED_Ultimate_V1-main/RED_Ultimate/app/src/main/java/org/thoughtcrime/securesms/components/settings/app/backups/remote/BackupKeyDisplayFragment.kt,crlf,True,True,False,True,True
arena/019ffe92-pro-v1,RED_Ultimate_V1-main/RED_Ultimate/app/src/main/java/org/thoughtcrime/securesms/components/settings/app/backups/remote/BackupKeyDisplayFragment.kt,crlf,True,True,False,True,True
arena/019ffece-pro-v1,RED_Ultimate_V1-main/RED_Ultimate/app/src/main/java/org/thoughtcrime/securesms/components/settings/app/backups/remote/BackupKeyDisplayFragment.kt,crlf,True,True,False,True,True
arena/019fffd5-pro-v1,RED_Ultimate_V1-main/RED_Ultimate/app/src/main/java/org/thoughtcrime/securesms/components/settings/app/backups/remote/BackupKeyDisplayFragment.kt,crlf,True,True,False,True,True
arena/01a0064f-pro-v1,RED_Ultimate_V1-main/RED_Ultimate/app/src/main/java/org/thoughtcrime/securesms/components/settings/app/backups/remote/BackupKeyDisplayFragment.kt,crlf,True,True,False,True,True
arena/01a00f9e-pro-v1,RED_Ultimate_V1-main/RED_Ultimate/app/src/main/java/org/thoughtcrime/securesms/components/settings/app/backups/remote/BackupKeyDisplayFragment.kt,crlf,True,True,False,True,True
chore/platform-rebuild-baseline,RED_Ultimate_V1-main/RED_Ultimate/app/src/main/java/org/thoughtcrime/securesms/components/settings/app/backups/remote/BackupKeyDisplayFragment.kt,crlf,True,True,False,True,True
feat/admin-social-management,RED_Ultimate_V1-main/RED_Ultimate/app/src/main/java/org/thoughtcrime/securesms/components/settings/app/backups/remote/BackupKeyDisplayFragment.kt,crlf,True,True,False,True,True
feat/red-engineering-roadmap-20260820,RED_Ultimate_V1-main/RED_Ultimate/app/src/main/java/org/thoughtcrime/securesms/components/settings/app/backups/remote/BackupKeyDisplayFragment.kt,crlf,True,True,False,True,True
feature/uc2000-ve-sms-browser-audit,RED_Ultimate_V1-main/RED_Ultimate/app/src/main/java/org/thoughtcrime/securesms/components/settings/app/backups/remote/BackupKeyDisplayFragment.kt,crlf,True,True,False,True,True
fix/restore-websocket-registrations,RED_Ultimate_V1-main/RED_Ultimate/app/src/main/java/org/thoughtcrime/securesms/components/settings/app/backups/remote/BackupKeyDisplayFragment.kt,crlf,True,True,False,True,True
revert-37-arena/019ffd78-pro-v1,RED_Ultimate_V1-main/RED_Ultimate/app/src/main/java/org/thoughtcrime/securesms/components/settings/app/backups/remote/BackupKeyDisplayFragment.kt,crlf,True,True,False,True,True
arena/019fe8fa-pro-v1,RED_Ultimate_V1-main/RED_Ultimate/app/src/main/java/org/thoughtcrime/securesms/components/settings/app/backups/remote/BackupKeyDisplayViewModel.kt,crlf,True,True,False,True,True
arena/019fe9e3-pro-v1,RED_Ultimate_V1-main/RED_Ultimate/app/src/main/java/org/thoughtcrime/securesms/components/settings/app/backups/remote/BackupKeyDisplayViewModel.kt,crlf,True,True,False,True,True
arena/019ff019-pro-v1,RED_Ultimate_V1-main/RED_Ultimate/app/src/main/java/org/thoughtcrime/securesms/components/settings/app/backups/remote/BackupKeyDisplayViewModel.kt,crlf,True,True,False,True,True
arena/019ff06b-pro-v1,RED_Ultimate_V1-main/RED_Ultimate/app/src/main/java/org/thoughtcrime/securesms/components/settings/app/backups/remote/BackupKeyDisplayViewModel.kt,crlf,True,True,False,True,True
arena/019ff085-pro-v1,RED_Ultimate_V1-main/RED_Ultimate/app/src/main/java/org/thoughtcrime/securesms/components/settings/app/backups/remote/BackupKeyDisplayViewModel.kt,crlf,True,True,False,True,True
arena/019ff0c7-pro-v1,RED_Ultimate_V1-main/RED_Ultimate/app/src/main/java/org/thoughtcrime/securesms/components/settings/app/backups/remote/BackupKeyDisplayViewModel.kt,crlf,True,True,False,True,True
arena/019ff146-pro-v1,RED_Ultimate_V1-main/RED_Ultimate/app/src/main/java/org/thoughtcrime/securesms/components/settings/app/backups/remote/BackupKeyDisplayViewModel.kt,crlf,True,True,False,True,True
arena/019ff178-pro-v1,RED_Ultimate_V1-main/RED_Ultimate/app/src/main/java/org/thoughtcrime/securesms/components/settings/app/backups/remote/BackupKeyDisplayViewModel.kt,crlf,True,True,False,True,True
arena/019ff1f9-pro-v1,RED_Ultimate_V1-main/RED_Ultimate/app/src/main/java/org/thoughtcrime/securesms/components/settings/app/backups/remote/BackupKeyDisplayViewModel.kt,crlf,True,True,False,True,True
arena/019ff215-pro-v1,RED_Ultimate_V1-main/RED_Ultimate/app/src/main/java/org/thoughtcrime/securesms/components/settings/app/backups/remote/BackupKeyDisplayViewModel.kt,crlf,True,True,False,True,True
arena/019ff237-pro-v1,RED_Ultimate_V1-main/RED_Ultimate/app/src/main/java/org/thoughtcrime/securesms/components/settings/app/backups/remote/BackupKeyDisplayViewModel.kt,crlf,True,True,False,True,True
arena/019ff422-pro-v1,RED_Ultimate_V1-main/RED_Ultimate/app/src/main/java/org/thoughtcrime/securesms/components/settings/app/backups/remote/BackupKeyDisplayViewModel.kt,crlf,True,True,False,True,True
arena/019ff82d-pro-v1,RED_Ultimate_V1-main/RED_Ultimate/app/src/main/java/org/thoughtcrime/securesms/components/settings/app/backups/remote/BackupKeyDisplayViewModel.kt,crlf,True,True,False,True,True
arena/019ff859-pro-v1,RED_Ultimate_V1-main/RED_Ultimate/app/src/main/java/org/thoughtcrime/securesms/components/settings/app/backups/remote/BackupKeyDisplayViewModel.kt,crlf,True,True,False,True,True
arena/019ff8b4-pro-v1,RED_Ultimate_V1-main/RED_Ultimate/app/src/main/java/org/thoughtcrime/securesms/components/settings/app/backups/remote/BackupKeyDisplayViewModel.kt,crlf,True,True,False,True,True
arena/019ff8c7-pro-v1,RED_Ultimate_V1-main/RED_Ultimate/app/src/main/java/org/thoughtcrime/securesms/components/settings/app/backups/remote/BackupKeyDisplayViewModel.kt,crlf,True,True,False,True,True
arena/019ff8f2-pro-v1,RED_Ultimate_V1-main/RED_Ultimate/app/src/main/java/org/thoughtcrime/securesms/components/settings/app/backups/remote/BackupKeyDisplayViewModel.kt,crlf,True,True,False,True,True
arena/019ffce9-pro-v1,RED_Ultimate_V1-main/RED_Ultimate/app/src/main/java/org/thoughtcrime/securesms/components/settings/app/backups/remote/BackupKeyDisplayViewModel.kt,crlf,True,True,False,True,True
arena/019ffd78-pro-v1,RED_Ultimate_V1-main/RED_Ultimate/app/src/main/java/org/thoughtcrime/securesms/components/settings/app/backups/remote/BackupKeyDisplayViewModel.kt,crlf,True,True,False,True,True
arena/019ffe92-pro-v1,RED_Ultimate_V1-main/RED_Ultimate/app/src/main/java/org/thoughtcrime/securesms/components/settings/app/backups/remote/BackupKeyDisplayViewModel.kt,crlf,True,True,False,True,True
arena/019ffece-pro-v1,RED_Ultimate_V1-main/RED_Ultimate/app/src/main/java/org/thoughtcrime/securesms/components/settings/app/backups/remote/BackupKeyDisplayViewModel.kt,crlf,True,True,False,True,True
arena/019fffd5-pro-v1,RED_Ultimate_V1-main/RED_Ultimate/app/src/main/java/org/thoughtcrime/securesms/components/settings/app/backups/remote/BackupKeyDisplayViewModel.kt,crlf,True,True,False,True,True
arena/01a0064f-pro-v1,RED_Ultimate_V1-main/RED_Ultimate/app/src/main/java/org/thoughtcrime/securesms/components/settings/app/backups/remote/BackupKeyDisplayViewModel.kt,crlf,True,True,False,True,True
arena/01a00f9e-pro-v1,RED_Ultimate_V1-main/RED_Ultimate/app/src/main/java/org/thoughtcrime/securesms/components/settings/app/backups/remote/BackupKeyDisplayViewModel.kt,crlf,True,True,False,True,True
chore/platform-rebuild-baseline,RED_Ultimate_V1-main/RED_Ultimate/app/src/main/java/org/thoughtcrime/securesms/components/settings/app/backups/remote/BackupKeyDisplayViewModel.kt,crlf,True,True,False,True,True
feat/admin-social-management,RED_Ultimate_V1-main/RED_Ultimate/app/src/main/java/org/thoughtcrime/securesms/components/settings/app/backups/remote/BackupKeyDisplayViewModel.kt,crlf,True,True,False,True,True
feat/red-engineering-roadmap-20260820,RED_Ultimate_V1-main/RED_Ultimate/app/src/main/java/org/thoughtcrime/securesms/components/settings/app/backups/remote/BackupKeyDisplayViewModel.kt,crlf,True,True,False,True,True
feature/uc2000-ve-sms-browser-audit,RED_Ultimate_V1-main/RED_Ultimate/app/src/main/java/org/thoughtcrime/securesms/components/settings/app/backups/remote/BackupKeyDisplayViewModel.kt,crlf,True,True,False,True,True
fix/restore-websocket-registrations,RED_Ultimate_V1-main/RED_Ultimate/app/src/main/java/org/thoughtcrime/securesms/components/settings/app/backups/remote/BackupKeyDisplayViewModel.kt,crlf,True,True,False,True,True
revert-37-arena/019ffd78-pro-v1,RED_Ultimate_V1-main/RED_Ultimate/app/src/main/java/org/thoughtcrime/securesms/components/settings/app/backups/remote/BackupKeyDisplayViewModel.kt,crlf,True,True,False,True,True
arena/019fe8fa-pro-v1,RED_Ultimate_V1-main/RED_Ultimate/app/src/main/java/org/thoughtcrime/securesms/components/settings/app/backups/remote/BackupRestoreState.kt,crlf,True,True,False,True,True
arena/019fe9e3-pro-v1,RED_Ultimate_V1-main/RED_Ultimate/app/src/main/java/org/thoughtcrime/securesms/components/settings/app/backups/remote/BackupRestoreState.kt,crlf,True,True,False,True,True
arena/019ff019-pro-v1,RED_Ultimate_V1-main/RED_Ultimate/app/src/main/java/org/thoughtcrime/securesms/components/settings/app/backups/remote/BackupRestoreState.kt,crlf,True,True,False,True,True
arena/019ff06b-pro-v1,RED_Ultimate_V1-main/RED_Ultimate/app/src/main/java/org/thoughtcrime/securesms/components/settings/app/backups/remote/BackupRestoreState.kt,crlf,True,True,False,True,True
arena/019ff085-pro-v1,RED_Ultimate_V1-main/RED_Ultimate/app/src/main/java/org/thoughtcrime/securesms/components/settings/app/backups/remote/BackupRestoreState.kt,crlf,True,True,False,True,True
arena/019ff0c7-pro-v1,RED_Ultimate_V1-main/RED_Ultimate/app/src/main/java/org/thoughtcrime/securesms/components/settings/app/backups/remote/BackupRestoreState.kt,crlf,True,True,False,True,True
arena/019ff146-pro-v1,RED_Ultimate_V1-main/RED_Ultimate/app/src/main/java/org/thoughtcrime/securesms/components/settings/app/backups/remote/BackupRestoreState.kt,crlf,True,True,False,True,True
arena/019ff178-pro-v1,RED_Ultimate_V1-main/RED_Ultimate/app/src/main/java/org/thoughtcrime/securesms/components/settings/app/backups/remote/BackupRestoreState.kt,crlf,True,True,False,True,True
arena/019ff1f9-pro-v1,RED_Ultimate_V1-main/RED_Ultimate/app/src/main/java/org/thoughtcrime/securesms/components/settings/app/backups/remote/BackupRestoreState.kt,crlf,True,True,False,True,True
arena/019ff215-pro-v1,RED_Ultimate_V1-main/RED_Ultimate/app/src/main/java/org/thoughtcrime/securesms/components/settings/app/backups/remote/BackupRestoreState.kt,crlf,True,True,False,True,True
arena/019ff237-pro-v1,RED_Ultimate_V1-main/RED_Ultimate/app/src/main/java/org/thoughtcrime/securesms/components/settings/app/backups/remote/BackupRestoreState.kt,crlf,True,True,False,True,True
arena/019ff422-pro-v1,RED_Ultimate_V1-main/RED_Ultimate/app/src/main/java/org/thoughtcrime/securesms/components/settings/app/backups/remote/BackupRestoreState.kt,crlf,True,True,False,True,True
arena/019ff82d-pro-v1,RED_Ultimate_V1-main/RED_Ultimate/app/src/main/java/org/thoughtcrime/securesms/components/settings/app/backups/remote/BackupRestoreState.kt,crlf,True,True,False,True,True
arena/019ff859-pro-v1,RED_Ultimate_V1-main/RED_Ultimate/app/src/main/java/org/thoughtcrime/securesms/components/settings/app/backups/remote/BackupRestoreState.kt,crlf,True,True,False,True,True
arena/019ff8b4-pro-v1,RED_Ultimate_V1-main/RED_Ultimate/app/src/main/java/org/thoughtcrime/securesms/components/settings/app/backups/remote/BackupRestoreState.kt,crlf,True,True,False,True,True
arena/019ff8c7-pro-v1,RED_Ultimate_V1-main/RED_Ultimate/app/src/main/java/org/thoughtcrime/securesms/components/settings/app/backups/remote/BackupRestoreState.kt,crlf,True,True,False,True,True
arena/019ff8f2-pro-v1,RED_Ultimate_V1-main/RED_Ultimate/app/src/main/java/org/thoughtcrime/securesms/components/settings/app/backups/remote/BackupRestoreState.kt,crlf,True,True,False,True,True
arena/019ffce9-pro-v1,RED_Ultimate_V1-main/RED_Ultimate/app/src/main/java/org/thoughtcrime/securesms/components/settings/app/backups/remote/BackupRestoreState.kt,crlf,True,True,False,True,True
arena/019ffd78-pro-v1,RED_Ultimate_V1-main/RED_Ultimate/app/src/main/java/org/thoughtcrime/securesms/components/settings/app/backups/remote/BackupRestoreState.kt,crlf,True,True,False,True,True
arena/019ffe92-pro-v1,RED_Ultimate_V1-main/RED_Ultimate/app/src/main/java/org/thoughtcrime/securesms/components/settings/app/backups/remote/BackupRestoreState.kt,crlf,True,True,False,True,True
arena/019ffece-pro-v1,RED_Ultimate_V1-main/RED_Ultimate/app/src/main/java/org/thoughtcrime/securesms/components/settings/app/backups/remote/BackupRestoreState.kt,crlf,True,True,False,True,True
arena/019fffd5-pro-v1,RED_Ultimate_V1-main/RED_Ultimate/app/src/main/java/org/thoughtcrime/securesms/components/settings/app/backups/remote/BackupRestoreState.kt,crlf,True,True,False,True,True
arena/01a0064f-pro-v1,RED_Ultimate_V1-main/RED_Ultimate/app/src/main/java/org/thoughtcrime/securesms/components/settings/app/backups/remote/BackupRestoreState.kt,crlf,True,True,False,True,True
arena/01a00f9e-pro-v1,RED_Ultimate_V1-main/RED_Ultimate/app/src/main/java/org/thoughtcrime/securesms/components/settings/app/backups/remote/BackupRestoreState.kt,crlf,True,True,False,True,True
chore/platform-rebuild-baseline,RED_Ultimate_V1-main/RED_Ultimate/app/src/main/java/org/thoughtcrime/securesms/components/settings/app/backups/remote/BackupRestoreState.kt,crlf,True,True,False,True,True
feat/admin-social-management,RED_Ultimate_V1-main/RED_Ultimate/app/src/main/java/org/thoughtcrime/securesms/components/settings/app/backups/remote/BackupRestoreState.kt,crlf,True,True,False,True,True
feat/red-engineering-roadmap-20260820,RED_Ultimate_V1-main/RED_Ultimate/app/src/main/java/org/thoughtcrime/securesms/components/settings/app/backups/remote/BackupRestoreState.kt,crlf,True,True,False,True,True
feature/uc2000-ve-sms-browser-audit,RED_Ultimate_V1-main/RED_Ultimate/app/src/main/java/org/thoughtcrime/securesms/components/settings/app/backups/remote/BackupRestoreState.kt,crlf,True,True,False,True,True
fix/restore-websocket-registrations,RED_Ultimate_V1-main/RED_Ultimate/app/src/main/java/org/thoughtcrime/securesms/components/settings/app/backups/remote/BackupRestoreState.kt,crlf,True,True,False,True,True
revert-37-arena/019ffd78-pro-v1,RED_Ultimate_V1-main/RED_Ultimate/app/src/main/java/org/thoughtcrime/securesms/components/settings/app/backups/remote/BackupRestoreState.kt,crlf,True,True,False,True,True
arena/019fe8fa-pro-v1,RED_Ultimate_V1-main/RED_Ultimate/app/src/main/java/org/thoughtcrime/securesms/components/settings/app/backups/remote/RemoteBackupsSettingsFragment.kt,crlf,True,True,False,True,True
arena/019fe9e3-pro-v1,RED_Ultimate_V1-main/RED_Ultimate/app/src/main/java/org/thoughtcrime/securesms/components/settings/app/backups/remote/RemoteBackupsSettingsFragment.kt,crlf,True,True,False,True,True
arena/019ff019-pro-v1,RED_Ultimate_V1-main/RED_Ultimate/app/src/main/java/org/thoughtcrime/securesms/components/settings/app/backups/remote/RemoteBackupsSettingsFragment.kt,crlf,True,True,False,True,True
arena/019ff06b-pro-v1,RED_Ultimate_V1-main/RED_Ultimate/app/src/main/java/org/thoughtcrime/securesms/components/settings/app/backups/remote/RemoteBackupsSettingsFragment.kt,crlf,True,True,False,True,True
arena/019ff085-pro-v1,RED_Ultimate_V1-main/RED_Ultimate/app/src/main/java/org/thoughtcrime/securesms/components/settings/app/backups/remote/RemoteBackupsSettingsFragment.kt,crlf,True,True,False,True,True
arena/019ff0c7-pro-v1,RED_Ultimate_V1-main/RED_Ultimate/app/src/main/java/org/thoughtcrime/securesms/components/settings/app/backups/remote/RemoteBackupsSettingsFragment.kt,crlf,True,True,False,True,True
arena/019ff146-pro-v1,RED_Ultimate_V1-main/RED_Ultimate/app/src/main/java/org/thoughtcrime/securesms/components/settings/app/backups/remote/RemoteBackupsSettingsFragment.kt,crlf,True,True,False,True,True
arena/019ff178-pro-v1,RED_Ultimate_V1-main/RED_Ultimate/app/src/main/java/org/thoughtcrime/securesms/components/settings/app/backups/remote/RemoteBackupsSettingsFragment.kt,crlf,True,True,False,True,True
arena/019ff1f9-pro-v1,RED_Ultimate_V1-main/RED_Ultimate/app/src/main/java/org/thoughtcrime/securesms/components/settings/app/backups/remote/RemoteBackupsSettingsFragment.kt,crlf,True,True,False,True,True
arena/019ff215-pro-v1,RED_Ultimate_V1-main/RED_Ultimate/app/src/main/java/org/thoughtcrime/securesms/components/settings/app/backups/remote/RemoteBackupsSettingsFragment.kt,crlf,True,True,False,True,True
arena/019ff237-pro-v1,RED_Ultimate_V1-main/RED_Ultimate/app/src/main/java/org/thoughtcrime/securesms/components/settings/app/backups/remote/RemoteBackupsSettingsFragment.kt,crlf,True,True,False,True,True
arena/019ff422-pro-v1,RED_Ultimate_V1-main/RED_Ultimate/app/src/main/java/org/thoughtcrime/securesms/components/settings/app/backups/remote/RemoteBackupsSettingsFragment.kt,crlf,True,True,False,True,True
arena/019ff82d-pro-v1,RED_Ultimate_V1-main/RED_Ultimate/app/src/main/java/org/thoughtcrime/securesms/components/settings/app/backups/remote/RemoteBackupsSettingsFragment.kt,crlf,True,True,False,True,True
arena/019ff859-pro-v1,RED_Ultimate_V1-main/RED_Ultimate/app/src/main/java/org/thoughtcrime/securesms/components/settings/app/backups/remote/RemoteBackupsSettingsFragment.kt,crlf,True,True,False,True,True
arena/019ff8b4-pro-v1,RED_Ultimate_V1-main/RED_Ultimate/app/src/main/java/org/thoughtcrime/securesms/components/settings/app/backups/remote/RemoteBackupsSettingsFragment.kt,crlf,True,True,False,True,True
arena/019ff8c7-pro-v1,RED_Ultimate_V1-main/RED_Ultimate/app/src/main/java/org/thoughtcrime/securesms/components/settings/app/backups/remote/RemoteBackupsSettingsFragment.kt,crlf,True,True,False,True,True
arena/019ff8f2-pro-v1,RED_Ultimate_V1-main/RED_Ultimate/app/src/main/java/org/thoughtcrime/securesms/components/settings/app/backups/remote/RemoteBackupsSettingsFragment.kt,crlf,True,True,False,True,True
arena/019ffce9-pro-v1,RED_Ultimate_V1-main/RED_Ultimate/app/src/main/java/org/thoughtcrime/securesms/components/settings/app/backups/remote/RemoteBackupsSettingsFragment.kt,crlf,True,True,False,True,True
arena/019ffd78-pro-v1,RED_Ultimate_V1-main/RED_Ultimate/app/src/main/java/org/thoughtcrime/securesms/components/settings/app/backups/remote/RemoteBackupsSettingsFragment.kt,crlf,True,True,False,True,True
arena/019ffe92-pro-v1,RED_Ultimate_V1-main/RED_Ultimate/app/src/main/java/org/thoughtcrime/securesms/components/settings/app/backups/remote/RemoteBackupsSettingsFragment.kt,crlf,True,True,False,True,True
arena/019ffece-pro-v1,RED_Ultimate_V1-main/RED_Ultimate/app/src/main/java/org/thoughtcrime/securesms/components/settings/app/backups/remote/RemoteBackupsSettingsFragment.kt,crlf,True,True,False,True,True
arena/019fffd5-pro-v1,RED_Ultimate_V1-main/RED_Ultimate/app/src/main/java/org/thoughtcrime/securesms/components/settings/app/backups/remote/RemoteBackupsSettingsFragment.kt,crlf,True,True,False,True,True
arena/01a0064f-pro-v1,RED_Ultimate_V1-main/RED_Ultimate/app/src/main/java/org/thoughtcrime/securesms/components/settings/app/backups/remote/RemoteBackupsSettingsFragment.kt,crlf,True,True,False,True,True
arena/01a00f9e-pro-v1,RED_Ultimate_V1-main/RED_Ultimate/app/src/main/java/org/thoughtcrime/securesms/components/settings/app/backups/remote/RemoteBackupsSettingsFragment.kt,crlf,True,True,False,True,True
chore/platform-rebuild-baseline,RED_Ultimate_V1-main/RED_Ultimate/app/src/main/java/org/thoughtcrime/securesms/components/settings/app/backups/remote/RemoteBackupsSettingsFragment.kt,crlf,True,True,False,True,True
feat/admin-social-management,RED_Ultimate_V1-main/RED_Ultimate/app/src/main/java/org/thoughtcrime/securesms/components/settings/app/backups/remote/RemoteBackupsSettingsFragment.kt,crlf,True,True,False,True,True
feat/red-engineering-roadmap-20260820,RED_Ultimate_V1-main/RED_Ultimate/app/src/main/java/org/thoughtcrime/securesms/components/settings/app/backups/remote/RemoteBackupsSettingsFragment.kt,crlf,True,True,False,True,True
feature/uc2000-ve-sms-browser-audit,RED_Ultimate_V1-main/RED_Ultimate/app/src/main/java/org/thoughtcrime/securesms/components/settings/app/backups/remote/RemoteBackupsSettingsFragment.kt,crlf,True,True,False,True,True
fix/restore-websocket-registrations,RED_Ultimate_V1-main/RED_Ultimate/app/src/main/java/org/thoughtcrime/securesms/components/settings/app/backups/remote/RemoteBackupsSettingsFragment.kt,crlf,True,True,False,True,True
revert-37-arena/019ffd78-pro-v1,RED_Ultimate_V1-main/RED_Ultimate/app/src/main/java/org/thoughtcrime/securesms/components/settings/app/backups/remote/RemoteBackupsSettingsFragment.kt,crlf,True,True,False,True,True
arena/019fe8fa-pro-v1,RED_Ultimate_V1-main/RED_Ultimate/app/src/main/java/org/thoughtcrime/securesms/components/settings/app/backups/remote/RemoteBackupsSettingsState.kt,crlf,True,True,False,True,True
arena/019fe9e3-pro-v1,RED_Ultimate_V1-main/RED_Ultimate/app/src/main/java/org/thoughtcrime/securesms/components/settings/app/backups/remote/RemoteBackupsSettingsState.kt,crlf,True,True,False,True,True
arena/019ff019-pro-v1,RED_Ultimate_V1-main/RED_Ultimate/app/src/main/java/org/thoughtcrime/securesms/components/settings/app/backups/remote/RemoteBackupsSettingsState.kt,crlf,True,True,False,True,True
arena/019ff06b-pro-v1,RED_Ultimate_V1-main/RED_Ultimate/app/src/main/java/org/thoughtcrime/securesms/components/settings/app/backups/remote/RemoteBackupsSettingsState.kt,crlf,True,True,False,True,True
arena/019ff085-pro-v1,RED_Ultimate_V1-main/RED_Ultimate/app/src/main/java/org/thoughtcrime/securesms/components/settings/app/backups/remote/RemoteBackupsSettingsState.kt,crlf,True,True,False,True,True
arena/019ff0c7-pro-v1,RED_Ultimate_V1-main/RED_Ultimate/app/src/main/java/org/thoughtcrime/securesms/components/settings/app/backups/remote/RemoteBackupsSettingsState.kt,crlf,True,True,False,True,True
arena/019ff146-pro-v1,RED_Ultimate_V1-main/RED_Ultimate/app/src/main/java/org/thoughtcrime/securesms/components/settings/app/backups/remote/RemoteBackupsSettingsState.kt,crlf,True,True,False,True,True
arena/019ff178-pro-v1,RED_Ultimate_V1-main/RED_Ultimate/app/src/main/java/org/thoughtcrime/securesms/components/settings/app/backups/remote/RemoteBackupsSettingsState.kt,crlf,True,True,False,True,True
arena/019ff1f9-pro-v1,RED_Ultimate_V1-main/RED_Ultimate/app/src/main/java/org/thoughtcrime/securesms/components/settings/app/backups/remote/RemoteBackupsSettingsState.kt,crlf,True,True,False,True,True
arena/019ff215-pro-v1,RED_Ultimate_V1-main/RED_Ultimate/app/src/main/java/org/thoughtcrime/securesms/components/settings/app/backups/remote/RemoteBackupsSettingsState.kt,crlf,True,True,False,True,True
arena/019ff237-pro-v1,RED_Ultimate_V1-main/RED_Ultimate/app/src/main/java/org/thoughtcrime/securesms/components/settings/app/backups/remote/RemoteBackupsSettingsState.kt,crlf,True,True,False,True,True
arena/019ff422-pro-v1,RED_Ultimate_V1-main/RED_Ultimate/app/src/main/java/org/thoughtcrime/securesms/components/settings/app/backups/remote/RemoteBackupsSettingsState.kt,crlf,True,True,False,True,True
arena/019ff82d-pro-v1,RED_Ultimate_V1-main/RED_Ultimate/app/src/main/java/org/thoughtcrime/securesms/components/settings/app/backups/remote/RemoteBackupsSettingsState.kt,crlf,True,True,False,True,True
arena/019ff859-pro-v1,RED_Ultimate_V1-main/RED_Ultimate/app/src/main/java/org/thoughtcrime/securesms/components/settings/app/backups/remote/RemoteBackupsSettingsState.kt,crlf,True,True,False,True,True
arena/019ff8b4-pro-v1,RED_Ultimate_V1-main/RED_Ultimate/app/src/main/java/org/thoughtcrime/securesms/components/settings/app/backups/remote/RemoteBackupsSettingsState.kt,crlf,True,True,False,True,True
arena/019ff8c7-pro-v1,RED_Ultimate_V1-main/RED_Ultimate/app/src/main/java/org/thoughtcrime/securesms/components/settings/app/backups/remote/RemoteBackupsSettingsState.kt,crlf,True,True,False,True,True
arena/019ff8f2-pro-v1,RED_Ultimate_V1-main/RED_Ultimate/app/src/main/java/org/thoughtcrime/securesms/components/settings/app/backups/remote/RemoteBackupsSettingsState.kt,crlf,True,True,False,True,True
arena/019ffce9-pro-v1,RED_Ultimate_V1-main/RED_Ultimate/app/src/main/java/org/thoughtcrime/securesms/components/settings/app/backups/remote/RemoteBackupsSettingsState.kt,crlf,True,True,False,True,True
arena/019ffd78-pro-v1,RED_Ultimate_V1-main/RED_Ultimate/app/src/main/java/org/thoughtcrime/securesms/components/settings/app/backups/remote/RemoteBackupsSettingsState.kt,crlf,True,True,False,True,True
arena/019ffe92-pro-v1,RED_Ultimate_V1-main/RED_Ultimate/app/src/main/java/org/thoughtcrime/securesms/components/settings/app/backups/remote/RemoteBackupsSettingsState.kt,crlf,True,True,False,True,True
arena/019ffece-pro-v1,RED_Ultimate_V1-main/RED_Ultimate/app/src/main/java/org/thoughtcrime/securesms/components/settings/app/backups/remote/RemoteBackupsSettingsState.kt,crlf,True,True,False,True,True
arena/019fffd5-pro-v1,RED_Ultimate_V1-main/RED_Ultimate/app/src/main/java/org/thoughtcrime/securesms/components/settings/app/backups/remote/RemoteBackupsSettingsState.kt,crlf,True,True,False,True,True
arena/01a0064f-pro-v1,RED_Ultimate_V1-main/RED_Ultimate/app/src/main/java/org/thoughtcrime/securesms/components/settings/app/backups/remote/RemoteBackupsSettingsState.kt,crlf,True,True,False,True,True
arena/01a00f9e-pro-v1,RED_Ultimate_V1-main/RED_Ultimate/app/src/main/java/org/thoughtcrime/securesms/components/settings/app/backups/remote/RemoteBackupsSettingsState.kt,crlf,True,True,False,True,True
chore/platform-rebuild-baseline,RED_Ultimate_V1-main/RED_Ultimate/app/src/main/java/org/thoughtcrime/securesms/components/settings/app/backups/remote/RemoteBackupsSettingsState.kt,crlf,True,True,False,True,True
feat/admin-social-management,RED_Ultimate_V1-main/RED_Ultimate/app/src/main/java/org/thoughtcrime/securesms/components/settings/app/backups/remote/RemoteBackupsSettingsState.kt,crlf,True,True,False,True,True
feat/red-engineering-roadmap-20260820,RED_Ultimate_V1-main/RED_Ultimate/app/src/main/java/org/thoughtcrime/securesms/components/settings/app/backups/remote/RemoteBackupsSettingsState.kt,crlf,True,True,False,True,True
feature/uc2000-ve-sms-browser-audit,RED_Ultimate_V1-main/RED_Ultimate/app/src/main/java/org/thoughtcrime/securesms/components/settings/app/backups/remote/RemoteBackupsSettingsState.kt,crlf,True,True,False,True,True
fix/restore-websocket-registrations,RED_Ultimate_V1-main/RED_Ultimate/app/src/main/java/org/thoughtcrime/securesms/components/settings/app/backups/remote/RemoteBackupsSettingsState.kt,crlf,True,True,False,True,True
revert-37-arena/019ffd78-pro-v1,RED_Ultimate_V1-main/RED_Ultimate/app/src/main/java/org/thoughtcrime/securesms/components/settings/app/backups/remote/RemoteBackupsSettingsState.kt,crlf,True,True,False,True,True
arena/019fe8fa-pro-v1,RED_Ultimate_V1-main/RED_Ultimate/app/src/main/java/org/thoughtcrime/securesms/components/settings/app/backups/remote/RemoteBackupsSettingsViewModel.kt,crlf,True,True,False,True,True
arena/019fe9e3-pro-v1,RED_Ultimate_V1-main/RED_Ultimate/app/src/main/java/org/thoughtcrime/securesms/components/settings/app/backups/remote/RemoteBackupsSettingsViewModel.kt,crlf,True,True,False,True,True
arena/019ff019-pro-v1,RED_Ultimate_V1-main/RED_Ultimate/app/src/main/java/org/thoughtcrime/securesms/components/settings/app/backups/remote/RemoteBackupsSettingsViewModel.kt,crlf,True,True,False,True,True
arena/019ff06b-pro-v1,RED_Ultimate_V1-main/RED_Ultimate/app/src/main/java/org/thoughtcrime/securesms/components/settings/app/backups/remote/RemoteBackupsSettingsViewModel.kt,crlf,True,True,False,True,True
arena/019ff085-pro-v1,RED_Ultimate_V1-main/RED_Ultimate/app/src/main/java/org/thoughtcrime/securesms/components/settings/app/backups/remote/RemoteBackupsSettingsViewModel.kt,crlf,True,True,False,True,True
arena/019ff0c7-pro-v1,RED_Ultimate_V1-main/RED_Ultimate/app/src/main/java/org/thoughtcrime/securesms/components/settings/app/backups/remote/RemoteBackupsSettingsViewModel.kt,crlf,True,True,False,True,True
arena/019ff146-pro-v1,RED_Ultimate_V1-main/RED_Ultimate/app/src/main/java/org/thoughtcrime/securesms/components/settings/app/backups/remote/RemoteBackupsSettingsViewModel.kt,crlf,True,True,False,True,True
arena/019ff178-pro-v1,RED_Ultimate_V1-main/RED_Ultimate/app/src/main/java/org/thoughtcrime/securesms/components/settings/app/backups/remote/RemoteBackupsSettingsViewModel.kt,crlf,True,True,False,True,True
arena/019ff1f9-pro-v1,RED_Ultimate_V1-main/RED_Ultimate/app/src/main/java/org/thoughtcrime/securesms/components/settings/app/backups/remote/RemoteBackupsSettingsViewModel.kt,crlf,True,True,False,True,True
arena/019ff215-pro-v1,RED_Ultimate_V1-main/RED_Ultimate/app/src/main/java/org/thoughtcrime/securesms/components/settings/app/backups/remote/RemoteBackupsSettingsViewModel.kt,crlf,True,True,False,True,True
arena/019ff237-pro-v1,RED_Ultimate_V1-main/RED_Ultimate/app/src/main/java/org/thoughtcrime/securesms/components/settings/app/backups/remote/RemoteBackupsSettingsViewModel.kt,crlf,True,True,False,True,True
arena/019ff422-pro-v1,RED_Ultimate_V1-main/RED_Ultimate/app/src/main/java/org/thoughtcrime/securesms/components/settings/app/backups/remote/RemoteBackupsSettingsViewModel.kt,crlf,True,True,False,True,True
arena/019ff82d-pro-v1,RED_Ultimate_V1-main/RED_Ultimate/app/src/main/java/org/thoughtcrime/securesms/components/settings/app/backups/remote/RemoteBackupsSettingsViewModel.kt,crlf,True,True,False,True,True
arena/019ff859-pro-v1,RED_Ultimate_V1-main/RED_Ultimate/app/src/main/java/org/thoughtcrime/securesms/components/settings/app/backups/remote/RemoteBackupsSettingsViewModel.kt,crlf,True,True,False,True,True
arena/019ff8b4-pro-v1,RED_Ultimate_V1-main/RED_Ultimate/app/src/main/java/org/thoughtcrime/securesms/components/settings/app/backups/remote/RemoteBackupsSettingsViewModel.kt,crlf,True,True,False,True,True
arena/019ff8c7-pro-v1,RED_Ultimate_V1-main/RED_Ultimate/app/src/main/java/org/thoughtcrime/securesms/components/settings/app/backups/remote/RemoteBackupsSettingsViewModel.kt,crlf,True,True,False,True,True
arena/019ff8f2-pro-v1,RED_Ultimate_V1-main/RED_Ultimate/app/src/main/java/org/thoughtcrime/securesms/components/settings/app/backups/remote/RemoteBackupsSettingsViewModel.kt,crlf,True,True,False,True,True
arena/019ffce9-pro-v1,RED_Ultimate_V1-main/RED_Ultimate/app/src/main/java/org/thoughtcrime/securesms/components/settings/app/backups/remote/RemoteBackupsSettingsViewModel.kt,crlf,True,True,False,True,True
arena/019ffd78-pro-v1,RED_Ultimate_V1-main/RED_Ultimate/app/src/main/java/org/thoughtcrime/securesms/components/settings/app/backups/remote/RemoteBackupsSettingsViewModel.kt,crlf,True,True,False,True,True
arena/019ffe92-pro-v1,RED_Ultimate_V1-main/RED_Ultimate/app/src/main/java/org/thoughtcrime/securesms/components/settings/app/backups/remote/RemoteBackupsSettingsViewModel.kt,crlf,True,True,False,True,True
arena/019ffece-pro-v1,RED_Ultimate_V1-main/RED_Ultimate/app/src/main/java/org/thoughtcrime/securesms/components/settings/app/backups/remote/RemoteBackupsSettingsViewModel.kt,crlf,True,True,False,True,True
arena/019fffd5-pro-v1,RED_Ultimate_V1-main/RED_Ultimate/app/src/main/java/org/thoughtcrime/securesms/components/settings/app/backups/remote/RemoteBackupsSettingsViewModel.kt,crlf,True,True,False,True,True
arena/01a0064f-pro-v1,RED_Ultimate_V1-main/RED_Ultimate/app/src/main/java/org/thoughtcrime/securesms/components/settings/app/backups/remote/RemoteBackupsSettingsViewModel.kt,crlf,True,True,False,True,True
arena/01a00f9e-pro-v1,RED_Ultimate_V1-main/RED_Ultimate/app/src/main/java/org/thoughtcrime/securesms/components/settings/app/backups/remote/RemoteBackupsSettingsViewModel.kt,crlf,True,True,False,True,True
chore/platform-rebuild-baseline,RED_Ultimate_V1-main/RED_Ultimate/app/src/main/java/org/thoughtcrime/securesms/components/settings/app/backups/remote/RemoteBackupsSettingsViewModel.kt,crlf,True,True,False,True,True
feat/admin-social-management,RED_Ultimate_V1-main/RED_Ultimate/app/src/main/java/org/thoughtcrime/securesms/components/settings/app/backups/remote/RemoteBackupsSettingsViewModel.kt,crlf,True,True,False,True,True
feat/red-engineering-roadmap-20260820,RED_Ultimate_V1-main/RED_Ultimate/app/src/main/java/org/thoughtcrime/securesms/components/settings/app/backups/remote/RemoteBackupsSettingsViewModel.kt,crlf,True,True,False,True,True
feature/uc2000-ve-sms-browser-audit,RED_Ultimate_V1-main/RED_Ultimate/app/src/main/java/org/thoughtcrime/securesms/components/settings/app/backups/remote/RemoteBackupsSettingsViewModel.kt,crlf,True,True,False,True,True
fix/restore-websocket-registrations,RED_Ultimate_V1-main/RED_Ultimate/app/src/main/java/org/thoughtcrime/securesms/components/settings/app/backups/remote/RemoteBackupsSettingsViewModel.kt,crlf,True,True,False,True,True
revert-37-arena/019ffd78-pro-v1,RED_Ultimate_V1-main/RED_Ultimate/app/src/main/java/org/thoughtcrime/securesms/components/settings/app/backups/remote/RemoteBackupsSettingsViewModel.kt,crlf,True,True,False,True,True
arena/019fe8fa-pro-v1,RED_Ultimate_V1-main/RED_Ultimate/app/src/main/java/org/thoughtcrime/securesms/components/settings/app/backups/remote/SubscriptionNotFoundBottomSheet.kt,crlf,True,True,False,True,True
arena/019fe9e3-pro-v1,RED_Ultimate_V1-main/RED_Ultimate/app/src/main/java/org/thoughtcrime/securesms/components/settings/app/backups/remote/SubscriptionNotFoundBottomSheet.kt,crlf,True,True,False,True,True
arena/019ff019-pro-v1,RED_Ultimate_V1-main/RED_Ultimate/app/src/main/java/org/thoughtcrime/securesms/components/settings/app/backups/remote/SubscriptionNotFoundBottomSheet.kt,crlf,True,True,False,True,True
arena/019ff06b-pro-v1,RED_Ultimate_V1-main/RED_Ultimate/app/src/main/java/org/thoughtcrime/securesms/components/settings/app/backups/remote/SubscriptionNotFoundBottomSheet.kt,crlf,True,True,False,True,True
arena/019ff085-pro-v1,RED_Ultimate_V1-main/RED_Ultimate/app/src/main/java/org/thoughtcrime/securesms/components/settings/app/backups/remote/SubscriptionNotFoundBottomSheet.kt,crlf,True,True,False,True,True
arena/019ff0c7-pro-v1,RED_Ultimate_V1-main/RED_Ultimate/app/src/main/java/org/thoughtcrime/securesms/components/settings/app/backups/remote/SubscriptionNotFoundBottomSheet.kt,crlf,True,True,False,True,True
arena/019ff146-pro-v1,RED_Ultimate_V1-main/RED_Ultimate/app/src/main/java/org/thoughtcrime/securesms/components/settings/app/backups/remote/SubscriptionNotFoundBottomSheet.kt,crlf,True,True,False,True,True
arena/019ff178-pro-v1,RED_Ultimate_V1-main/RED_Ultimate/app/src/main/java/org/thoughtcrime/securesms/components/settings/app/backups/remote/SubscriptionNotFoundBottomSheet.kt,crlf,True,True,False,True,True
arena/019ff1f9-pro-v1,RED_Ultimate_V1-main/RED_Ultimate/app/src/main/java/org/thoughtcrime/securesms/components/settings/app/backups/remote/SubscriptionNotFoundBottomSheet.kt,crlf,True,True,False,True,True
arena/019ff215-pro-v1,RED_Ultimate_V1-main/RED_Ultimate/app/src/main/java/org/thoughtcrime/securesms/components/settings/app/backups/remote/SubscriptionNotFoundBottomSheet.kt,crlf,True,True,False,True,True
arena/019ff237-pro-v1,RED_Ultimate_V1-main/RED_Ultimate/app/src/main/java/org/thoughtcrime/securesms/components/settings/app/backups/remote/SubscriptionNotFoundBottomSheet.kt,crlf,True,True,False,True,True
arena/019ff422-pro-v1,RED_Ultimate_V1-main/RED_Ultimate/app/src/main/java/org/thoughtcrime/securesms/components/settings/app/backups/remote/SubscriptionNotFoundBottomSheet.kt,crlf,True,True,False,True,True
arena/019ff82d-pro-v1,RED_Ultimate_V1-main/RED_Ultimate/app/src/main/java/org/thoughtcrime/securesms/components/settings/app/backups/remote/SubscriptionNotFoundBottomSheet.kt,crlf,True,True,False,True,True
arena/019ff859-pro-v1,RED_Ultimate_V1-main/RED_Ultimate/app/src/main/java/org/thoughtcrime/securesms/components/settings/app/backups/remote/SubscriptionNotFoundBottomSheet.kt,crlf,True,True,False,True,True
arena/019ff8b4-pro-v1,RED_Ultimate_V1-main/RED_Ultimate/app/src/main/java/org/thoughtcrime/securesms/components/settings/app/backups/remote/SubscriptionNotFoundBottomSheet.kt,crlf,True,True,False,True,True
arena/019ff8c7-pro-v1,RED_Ultimate_V1-main/RED_Ultimate/app/src/main/java/org/thoughtcrime/securesms/components/settings/app/backups/remote/SubscriptionNotFoundBottomSheet.kt,crlf,True,True,False,True,True
arena/019ff8f2-pro-v1,RED_Ultimate_V1-main/RED_Ultimate/app/src/main/java/org/thoughtcrime/securesms/components/settings/app/backups/remote/SubscriptionNotFoundBottomSheet.kt,crlf,True,True,False,True,True
arena/019ffce9-pro-v1,RED_Ultimate_V1-main/RED_Ultimate/app/src/main/java/org/thoughtcrime/securesms/components/settings/app/backups/remote/SubscriptionNotFoundBottomSheet.kt,crlf,True,True,False,True,True
arena/019ffd78-pro-v1,RED_Ultimate_V1-main/RED_Ultimate/app/src/main/java/org/thoughtcrime/securesms/components/settings/app/backups/remote/SubscriptionNotFoundBottomSheet.kt,crlf,True,True,False,True,True
arena/019ffe92-pro-v1,RED_Ultimate_V1-main/RED_Ultimate/app/src/main/java/org/thoughtcrime/securesms/components/settings/app/backups/remote/SubscriptionNotFoundBottomSheet.kt,crlf,True,True,False,True,True
arena/019ffece-pro-v1,RED_Ultimate_V1-main/RED_Ultimate/app/src/main/java/org/thoughtcrime/securesms/components/settings/app/backups/remote/SubscriptionNotFoundBottomSheet.kt,crlf,True,True,False,True,True
arena/019fffd5-pro-v1,RED_Ultimate_V1-main/RED_Ultimate/app/src/main/java/org/thoughtcrime/securesms/components/settings/app/backups/remote/SubscriptionNotFoundBottomSheet.kt,crlf,True,True,False,True,True
arena/01a0064f-pro-v1,RED_Ultimate_V1-main/RED_Ultimate/app/src/main/java/org/thoughtcrime/securesms/components/settings/app/backups/remote/SubscriptionNotFoundBottomSheet.kt,crlf,True,True,False,True,True
arena/01a00f9e-pro-v1,RED_Ultimate_V1-main/RED_Ultimate/app/src/main/java/org/thoughtcrime/securesms/components/settings/app/backups/remote/SubscriptionNotFoundBottomSheet.kt,crlf,True,True,False,True,True
chore/platform-rebuild-baseline,RED_Ultimate_V1-main/RED_Ultimate/app/src/main/java/org/thoughtcrime/securesms/components/settings/app/backups/remote/SubscriptionNotFoundBottomSheet.kt,crlf,True,True,False,True,True
feat/admin-social-management,RED_Ultimate_V1-main/RED_Ultimate/app/src/main/java/org/thoughtcrime/securesms/components/settings/app/backups/remote/SubscriptionNotFoundBottomSheet.kt,crlf,True,True,False,True,True
feat/red-engineering-roadmap-20260820,RED_Ultimate_V1-main/RED_Ultimate/app/src/main/java/org/thoughtcrime/securesms/components/settings/app/backups/remote/SubscriptionNotFoundBottomSheet.kt,crlf,True,True,False,True,True
feature/uc2000-ve-sms-browser-audit,RED_Ultimate_V1-main/RED_Ultimate/app/src/main/java/org/thoughtcrime/securesms/components/settings/app/backups/remote/SubscriptionNotFoundBottomSheet.kt,crlf,True,True,False,True,True
fix/restore-websocket-registrations,RED_Ultimate_V1-main/RED_Ultimate/app/src/main/java/org/thoughtcrime/securesms/components/settings/app/backups/remote/SubscriptionNotFoundBottomSheet.kt,crlf,True,True,False,True,True
revert-37-arena/019ffd78-pro-v1,RED_Ultimate_V1-main/RED_Ultimate/app/src/main/java/org/thoughtcrime/securesms/components/settings/app/backups/remote/SubscriptionNotFoundBottomSheet.kt,crlf,True,True,False,True,True
arena/019fe8fa-pro-v1,RED_Ultimate_V1-main/RED_Ultimate/app/src/main/res/drawable/ic_launcher_background.xml,final_nl,False,False,False,True,False
arena/019fe9e3-pro-v1,RED_Ultimate_V1-main/RED_Ultimate/app/src/main/res/drawable/ic_launcher_background.xml,final_nl,False,False,False,True,False
arena/019ff019-pro-v1,RED_Ultimate_V1-main/RED_Ultimate/app/src/main/res/drawable/ic_launcher_background.xml,final_nl,False,False,False,True,False
arena/019ff06b-pro-v1,RED_Ultimate_V1-main/RED_Ultimate/app/src/main/res/drawable/ic_launcher_background.xml,final_nl,False,False,False,True,False
arena/019ff085-pro-v1,RED_Ultimate_V1-main/RED_Ultimate/app/src/main/res/drawable/ic_launcher_background.xml,final_nl,False,False,False,True,False
arena/019ff0c7-pro-v1,RED_Ultimate_V1-main/RED_Ultimate/app/src/main/res/drawable/ic_launcher_background.xml,final_nl,False,False,False,True,False
arena/019ff146-pro-v1,RED_Ultimate_V1-main/RED_Ultimate/app/src/main/res/drawable/ic_launcher_background.xml,final_nl,False,False,False,True,False
arena/019ff178-pro-v1,RED_Ultimate_V1-main/RED_Ultimate/app/src/main/res/drawable/ic_launcher_background.xml,final_nl,False,False,False,True,False
arena/019ff1f9-pro-v1,RED_Ultimate_V1-main/RED_Ultimate/app/src/main/res/drawable/ic_launcher_background.xml,final_nl,False,False,False,True,False
arena/019ff215-pro-v1,RED_Ultimate_V1-main/RED_Ultimate/app/src/main/res/drawable/ic_launcher_background.xml,final_nl,False,False,False,True,False
arena/019ff237-pro-v1,RED_Ultimate_V1-main/RED_Ultimate/app/src/main/res/drawable/ic_launcher_background.xml,final_nl,False,False,False,True,False
arena/019ff422-pro-v1,RED_Ultimate_V1-main/RED_Ultimate/app/src/main/res/drawable/ic_launcher_background.xml,final_nl,False,False,False,True,False
arena/019ff859-pro-v1,RED_Ultimate_V1-main/RED_Ultimate/app/src/main/res/drawable/ic_launcher_background.xml,final_nl,False,False,False,True,False
arena/019fe8fa-pro-v1,RED_Ultimate_V1-main/RED_Ultimate/app/src/main/res/drawable/ic_launcher_monochrome.xml,final_nl,False,False,False,True,False
arena/019fe9e3-pro-v1,RED_Ultimate_V1-main/RED_Ultimate/app/src/main/res/drawable/ic_launcher_monochrome.xml,final_nl,False,False,False,True,False
arena/019ff019-pro-v1,RED_Ultimate_V1-main/RED_Ultimate/app/src/main/res/drawable/ic_launcher_monochrome.xml,final_nl,False,False,False,True,False
arena/019ff06b-pro-v1,RED_Ultimate_V1-main/RED_Ultimate/app/src/main/res/drawable/ic_launcher_monochrome.xml,final_nl,False,False,False,True,False
arena/019ff085-pro-v1,RED_Ultimate_V1-main/RED_Ultimate/app/src/main/res/drawable/ic_launcher_monochrome.xml,final_nl,False,False,False,True,False
arena/019ff0c7-pro-v1,RED_Ultimate_V1-main/RED_Ultimate/app/src/main/res/drawable/ic_launcher_monochrome.xml,final_nl,False,False,False,True,False
arena/019ff146-pro-v1,RED_Ultimate_V1-main/RED_Ultimate/app/src/main/res/drawable/ic_launcher_monochrome.xml,final_nl,False,False,False,True,False
arena/019ff178-pro-v1,RED_Ultimate_V1-main/RED_Ultimate/app/src/main/res/drawable/ic_launcher_monochrome.xml,final_nl,False,False,False,True,False
arena/019ff1f9-pro-v1,RED_Ultimate_V1-main/RED_Ultimate/app/src/main/res/drawable/ic_launcher_monochrome.xml,final_nl,False,False,False,True,False
arena/019ff215-pro-v1,RED_Ultimate_V1-main/RED_Ultimate/app/src/main/res/drawable/ic_launcher_monochrome.xml,final_nl,False,False,False,True,False
arena/019ff237-pro-v1,RED_Ultimate_V1-main/RED_Ultimate/app/src/main/res/drawable/ic_launcher_monochrome.xml,final_nl,False,False,False,True,False
arena/019ff422-pro-v1,RED_Ultimate_V1-main/RED_Ultimate/app/src/main/res/drawable/ic_launcher_monochrome.xml,final_nl,False,False,False,True,False
arena/019ff859-pro-v1,RED_Ultimate_V1-main/RED_Ultimate/app/src/main/res/drawable/ic_launcher_monochrome.xml,final_nl,False,False,False,True,False
arena/019fe8fa-pro-v1,RED_Ultimate_V1-main/RED_Ultimate/app/src/main/res/mipmap-anydpi-v26/ic_launcher.xml,final_nl,False,False,False,True,False
arena/019fe9e3-pro-v1,RED_Ultimate_V1-main/RED_Ultimate/app/src/main/res/mipmap-anydpi-v26/ic_launcher.xml,final_nl,False,False,False,True,False
arena/019fe8fa-pro-v1,RED_Ultimate_V1-main/RED_Ultimate/app/src/main/res/mipmap-hdpi/ic_launcher.png,trailing_ws,False,True,True,False,False
arena/019fe9e3-pro-v1,RED_Ultimate_V1-main/RED_Ultimate/app/src/main/res/mipmap-hdpi/ic_launcher.png,trailing_ws,False,True,True,False,False
arena/019fe9e3-pro-v1,RED_Ultimate_V1-main/RED_Ultimate/app/src/main/res/mipmap-hdpi/ic_launcher_round.png,trailing_ws,False,True,True,False,False
arena/019ff019-pro-v1,RED_Ultimate_V1-main/RED_Ultimate/app/src/main/res/mipmap-hdpi/ic_launcher_round.png,trailing_ws,False,True,True,False,False
arena/019ff06b-pro-v1,RED_Ultimate_V1-main/RED_Ultimate/app/src/main/res/mipmap-hdpi/ic_launcher_round.png,trailing_ws,False,True,True,False,False
arena/019ff085-pro-v1,RED_Ultimate_V1-main/RED_Ultimate/app/src/main/res/mipmap-hdpi/ic_launcher_round.png,trailing_ws,False,True,True,False,False
arena/019ff0c7-pro-v1,RED_Ultimate_V1-main/RED_Ultimate/app/src/main/res/mipmap-hdpi/ic_launcher_round.png,trailing_ws,False,True,True,False,False
arena/019ff146-pro-v1,RED_Ultimate_V1-main/RED_Ultimate/app/src/main/res/mipmap-hdpi/ic_launcher_round.png,trailing_ws,False,True,True,False,False
arena/019ff178-pro-v1,RED_Ultimate_V1-main/RED_Ultimate/app/src/main/res/mipmap-hdpi/ic_launcher_round.png,trailing_ws,False,True,True,False,False
arena/019ff1f9-pro-v1,RED_Ultimate_V1-main/RED_Ultimate/app/src/main/res/mipmap-hdpi/ic_launcher_round.png,trailing_ws,False,True,True,False,False
arena/019ff215-pro-v1,RED_Ultimate_V1-main/RED_Ultimate/app/src/main/res/mipmap-hdpi/ic_launcher_round.png,trailing_ws,False,True,True,False,False
arena/019ff237-pro-v1,RED_Ultimate_V1-main/RED_Ultimate/app/src/main/res/mipmap-hdpi/ic_launcher_round.png,trailing_ws,False,True,True,False,False
arena/019ff422-pro-v1,RED_Ultimate_V1-main/RED_Ultimate/app/src/main/res/mipmap-hdpi/ic_launcher_round.png,trailing_ws,False,True,True,False,False
arena/019ff859-pro-v1,RED_Ultimate_V1-main/RED_Ultimate/app/src/main/res/mipmap-hdpi/ic_launcher_round.png,trailing_ws,False,True,True,False,False
arena/019fe8fa-pro-v1,RED_Ultimate_V1-main/RED_Ultimate/app/src/main/res/mipmap-mdpi/ic_launcher.png,trailing_ws,False,True,True,False,False
arena/019fe9e3-pro-v1,RED_Ultimate_V1-main/RED_Ultimate/app/src/main/res/mipmap-mdpi/ic_launcher.png,trailing_ws,False,True,True,False,False
arena/019fe8fa-pro-v1,RED_Ultimate_V1-main/RED_Ultimate/app/src/main/res/mipmap-xhdpi/ic_launcher.png,trailing_ws,False,True,True,False,False
arena/019fe9e3-pro-v1,RED_Ultimate_V1-main/RED_Ultimate/app/src/main/res/mipmap-xhdpi/ic_launcher.png,trailing_ws,False,True,True,False,False
arena/019fe9e3-pro-v1,RED_Ultimate_V1-main/RED_Ultimate/app/src/main/res/mipmap-xhdpi/ic_launcher_round.png,trailing_ws,False,True,True,False,False
arena/019ff019-pro-v1,RED_Ultimate_V1-main/RED_Ultimate/app/src/main/res/mipmap-xhdpi/ic_launcher_round.png,trailing_ws,False,True,True,False,False
arena/019ff06b-pro-v1,RED_Ultimate_V1-main/RED_Ultimate/app/src/main/res/mipmap-xhdpi/ic_launcher_round.png,trailing_ws,False,True,True,False,False
arena/019ff085-pro-v1,RED_Ultimate_V1-main/RED_Ultimate/app/src/main/res/mipmap-xhdpi/ic_launcher_round.png,trailing_ws,False,True,True,False,False
arena/019ff0c7-pro-v1,RED_Ultimate_V1-main/RED_Ultimate/app/src/main/res/mipmap-xhdpi/ic_launcher_round.png,trailing_ws,False,True,True,False,False
arena/019ff146-pro-v1,RED_Ultimate_V1-main/RED_Ultimate/app/src/main/res/mipmap-xhdpi/ic_launcher_round.png,trailing_ws,False,True,True,False,False
arena/019ff178-pro-v1,RED_Ultimate_V1-main/RED_Ultimate/app/src/main/res/mipmap-xhdpi/ic_launcher_round.png,trailing_ws,False,True,True,False,False
arena/019ff1f9-pro-v1,RED_Ultimate_V1-main/RED_Ultimate/app/src/main/res/mipmap-xhdpi/ic_launcher_round.png,trailing_ws,False,True,True,False,False
arena/019ff215-pro-v1,RED_Ultimate_V1-main/RED_Ultimate/app/src/main/res/mipmap-xhdpi/ic_launcher_round.png,trailing_ws,False,True,True,False,False
arena/019ff237-pro-v1,RED_Ultimate_V1-main/RED_Ultimate/app/src/main/res/mipmap-xhdpi/ic_launcher_round.png,trailing_ws,False,True,True,False,False
arena/019ff422-pro-v1,RED_Ultimate_V1-main/RED_Ultimate/app/src/main/res/mipmap-xhdpi/ic_launcher_round.png,trailing_ws,False,True,True,False,False
arena/019ff859-pro-v1,RED_Ultimate_V1-main/RED_Ultimate/app/src/main/res/mipmap-xhdpi/ic_launcher_round.png,trailing_ws,False,True,True,False,False
arena/019fe9e3-pro-v1,RED_Ultimate_V1-main/RED_Ultimate/app/src/main/res/mipmap-xxhdpi/ic_launcher_round.png,trailing_ws,False,True,True,False,False
arena/019ff019-pro-v1,RED_Ultimate_V1-main/RED_Ultimate/app/src/main/res/mipmap-xxhdpi/ic_launcher_round.png,trailing_ws,False,True,True,False,False
arena/019ff06b-pro-v1,RED_Ultimate_V1-main/RED_Ultimate/app/src/main/res/mipmap-xxhdpi/ic_launcher_round.png,trailing_ws,False,True,True,False,False
arena/019ff085-pro-v1,RED_Ultimate_V1-main/RED_Ultimate/app/src/main/res/mipmap-xxhdpi/ic_launcher_round.png,trailing_ws,False,True,True,False,False
arena/019ff0c7-pro-v1,RED_Ultimate_V1-main/RED_Ultimate/app/src/main/res/mipmap-xxhdpi/ic_launcher_round.png,trailing_ws,False,True,True,False,False
arena/019ff146-pro-v1,RED_Ultimate_V1-main/RED_Ultimate/app/src/main/res/mipmap-xxhdpi/ic_launcher_round.png,trailing_ws,False,True,True,False,False
arena/019ff178-pro-v1,RED_Ultimate_V1-main/RED_Ultimate/app/src/main/res/mipmap-xxhdpi/ic_launcher_round.png,trailing_ws,False,True,True,False,False
arena/019ff1f9-pro-v1,RED_Ultimate_V1-main/RED_Ultimate/app/src/main/res/mipmap-xxhdpi/ic_launcher_round.png,trailing_ws,False,True,True,False,False
arena/019ff215-pro-v1,RED_Ultimate_V1-main/RED_Ultimate/app/src/main/res/mipmap-xxhdpi/ic_launcher_round.png,trailing_ws,False,True,True,False,False
arena/019ff237-pro-v1,RED_Ultimate_V1-main/RED_Ultimate/app/src/main/res/mipmap-xxhdpi/ic_launcher_round.png,trailing_ws,False,True,True,False,False
arena/019ff422-pro-v1,RED_Ultimate_V1-main/RED_Ultimate/app/src/main/res/mipmap-xxhdpi/ic_launcher_round.png,trailing_ws,False,True,True,False,False
arena/019ff859-pro-v1,RED_Ultimate_V1-main/RED_Ultimate/app/src/main/res/mipmap-xxhdpi/ic_launcher_round.png,trailing_ws,False,True,True,False,False
arena/019fe8fa-pro-v1,RED_Ultimate_V1-main/RED_Ultimate/backend-server/Dockerfile,"crlf,bom",False,True,False,True,True
arena/019fe9e3-pro-v1,RED_Ultimate_V1-main/RED_Ultimate/backend-server/Dockerfile,"crlf,bom",False,True,False,True,True
arena/019ff019-pro-v1,RED_Ultimate_V1-main/RED_Ultimate/backend-server/Dockerfile,"crlf,bom",False,True,False,True,True
arena/019ff06b-pro-v1,RED_Ultimate_V1-main/RED_Ultimate/backend-server/Dockerfile,"crlf,bom",False,True,False,True,True
arena/019ff085-pro-v1,RED_Ultimate_V1-main/RED_Ultimate/backend-server/Dockerfile,"crlf,bom",False,True,False,True,True
arena/019ff0c7-pro-v1,RED_Ultimate_V1-main/RED_Ultimate/backend-server/Dockerfile,"crlf,bom",False,True,False,True,True
arena/019ff146-pro-v1,RED_Ultimate_V1-main/RED_Ultimate/backend-server/Dockerfile,"crlf,bom",False,True,False,True,True
arena/019ff178-pro-v1,RED_Ultimate_V1-main/RED_Ultimate/backend-server/Dockerfile,"crlf,bom",False,True,False,True,True
arena/019ff1f9-pro-v1,RED_Ultimate_V1-main/RED_Ultimate/backend-server/Dockerfile,"crlf,bom",False,True,False,True,True
arena/019ff215-pro-v1,RED_Ultimate_V1-main/RED_Ultimate/backend-server/Dockerfile,"crlf,bom",False,True,False,True,True
arena/019ff237-pro-v1,RED_Ultimate_V1-main/RED_Ultimate/backend-server/Dockerfile,"crlf,bom",False,True,False,True,True
arena/019ff422-pro-v1,RED_Ultimate_V1-main/RED_Ultimate/backend-server/Dockerfile,"crlf,bom",False,True,False,True,True
arena/019ff82d-pro-v1,RED_Ultimate_V1-main/RED_Ultimate/backend-server/Dockerfile,"crlf,bom",False,True,False,True,True
arena/019ff859-pro-v1,RED_Ultimate_V1-main/RED_Ultimate/backend-server/Dockerfile,"crlf,bom",False,True,False,True,True
arena/019ff8b4-pro-v1,RED_Ultimate_V1-main/RED_Ultimate/backend-server/Dockerfile,"crlf,bom",False,True,False,True,True
arena/019ff8c7-pro-v1,RED_Ultimate_V1-main/RED_Ultimate/backend-server/Dockerfile,"crlf,bom",False,True,False,True,True
arena/019ff8f2-pro-v1,RED_Ultimate_V1-main/RED_Ultimate/backend-server/Dockerfile,"crlf,bom",False,True,False,True,True
arena/019ffce9-pro-v1,RED_Ultimate_V1-main/RED_Ultimate/backend-server/Dockerfile,"crlf,bom",False,True,False,True,True
arena/019ffd78-pro-v1,RED_Ultimate_V1-main/RED_Ultimate/backend-server/Dockerfile,"crlf,bom",False,True,False,True,True
arena/019ffe92-pro-v1,RED_Ultimate_V1-main/RED_Ultimate/backend-server/Dockerfile,"crlf,bom",False,True,False,True,True
arena/019ffece-pro-v1,RED_Ultimate_V1-main/RED_Ultimate/backend-server/Dockerfile,"crlf,bom",False,True,False,True,True
arena/019fffd5-pro-v1,RED_Ultimate_V1-main/RED_Ultimate/backend-server/Dockerfile,"crlf,bom",False,True,False,True,True
arena/01a0064f-pro-v1,RED_Ultimate_V1-main/RED_Ultimate/backend-server/Dockerfile,"crlf,bom",False,True,False,True,True
arena/01a00f9e-pro-v1,RED_Ultimate_V1-main/RED_Ultimate/backend-server/Dockerfile,"crlf,bom",False,True,False,True,True
chore/platform-rebuild-baseline,RED_Ultimate_V1-main/RED_Ultimate/backend-server/Dockerfile,"crlf,bom",False,True,False,True,True
feat/admin-social-management,RED_Ultimate_V1-main/RED_Ultimate/backend-server/Dockerfile,"crlf,bom",False,True,False,True,True
feat/red-engineering-roadmap-20260820,RED_Ultimate_V1-main/RED_Ultimate/backend-server/Dockerfile,"crlf,bom",False,True,False,True,True
feature/uc2000-ve-sms-browser-audit,RED_Ultimate_V1-main/RED_Ultimate/backend-server/Dockerfile,"crlf,bom",False,True,False,True,True
fix/restore-websocket-registrations,RED_Ultimate_V1-main/RED_Ultimate/backend-server/Dockerfile,"crlf,bom",False,True,False,True,True
revert-37-arena/019ffd78-pro-v1,RED_Ultimate_V1-main/RED_Ultimate/backend-server/Dockerfile,"crlf,bom",False,True,False,True,True
arena/019fe8fa-pro-v1,RED_Ultimate_V1-main/RED_Ultimate/backend-server/build.gradle.kts,"crlf,bom",False,True,False,True,True
arena/019fe9e3-pro-v1,RED_Ultimate_V1-main/RED_Ultimate/backend-server/build.gradle.kts,"crlf,bom",False,True,False,True,True
arena/019ff019-pro-v1,RED_Ultimate_V1-main/RED_Ultimate/backend-server/build.gradle.kts,"crlf,bom",False,True,False,True,True
arena/019ff06b-pro-v1,RED_Ultimate_V1-main/RED_Ultimate/backend-server/build.gradle.kts,"crlf,bom",False,True,False,True,True
arena/019ff085-pro-v1,RED_Ultimate_V1-main/RED_Ultimate/backend-server/build.gradle.kts,"crlf,bom",False,True,False,True,True
arena/019ff0c7-pro-v1,RED_Ultimate_V1-main/RED_Ultimate/backend-server/build.gradle.kts,"crlf,bom",False,True,False,True,True
arena/019ff146-pro-v1,RED_Ultimate_V1-main/RED_Ultimate/backend-server/build.gradle.kts,"crlf,bom",False,True,False,True,True
arena/019ff178-pro-v1,RED_Ultimate_V1-main/RED_Ultimate/backend-server/build.gradle.kts,"crlf,bom",False,True,False,True,True
arena/019ff1f9-pro-v1,RED_Ultimate_V1-main/RED_Ultimate/backend-server/build.gradle.kts,"crlf,bom",False,True,False,True,True
arena/019ff215-pro-v1,RED_Ultimate_V1-main/RED_Ultimate/backend-server/build.gradle.kts,"crlf,bom",False,True,False,True,True
arena/019ff237-pro-v1,RED_Ultimate_V1-main/RED_Ultimate/backend-server/build.gradle.kts,"crlf,bom",False,True,False,True,True
arena/019ff422-pro-v1,RED_Ultimate_V1-main/RED_Ultimate/backend-server/build.gradle.kts,"crlf,bom",False,True,False,True,True
arena/019ff82d-pro-v1,RED_Ultimate_V1-main/RED_Ultimate/backend-server/build.gradle.kts,"crlf,bom",False,True,False,True,True
arena/019ff859-pro-v1,RED_Ultimate_V1-main/RED_Ultimate/backend-server/build.gradle.kts,"crlf,bom",False,True,False,True,True
arena/019ff8b4-pro-v1,RED_Ultimate_V1-main/RED_Ultimate/backend-server/build.gradle.kts,"crlf,bom",False,True,False,True,True
arena/019ff8c7-pro-v1,RED_Ultimate_V1-main/RED_Ultimate/backend-server/build.gradle.kts,"crlf,bom",False,True,False,True,True
arena/019ff8f2-pro-v1,RED_Ultimate_V1-main/RED_Ultimate/backend-server/build.gradle.kts,"crlf,bom",False,True,False,True,True
arena/019ffce9-pro-v1,RED_Ultimate_V1-main/RED_Ultimate/backend-server/build.gradle.kts,"crlf,bom",False,True,False,True,True
arena/019ffd78-pro-v1,RED_Ultimate_V1-main/RED_Ultimate/backend-server/build.gradle.kts,"crlf,bom",False,True,False,True,True
arena/019ffe92-pro-v1,RED_Ultimate_V1-main/RED_Ultimate/backend-server/build.gradle.kts,"crlf,bom",False,True,False,True,True
arena/019ffece-pro-v1,RED_Ultimate_V1-main/RED_Ultimate/backend-server/build.gradle.kts,"crlf,bom",False,True,False,True,True
arena/019fffd5-pro-v1,RED_Ultimate_V1-main/RED_Ultimate/backend-server/build.gradle.kts,"crlf,bom",False,True,False,True,True
arena/01a0064f-pro-v1,RED_Ultimate_V1-main/RED_Ultimate/backend-server/build.gradle.kts,"crlf,bom",False,True,False,True,True
arena/01a00f9e-pro-v1,RED_Ultimate_V1-main/RED_Ultimate/backend-server/build.gradle.kts,"crlf,bom",False,True,False,True,True
chore/platform-rebuild-baseline,RED_Ultimate_V1-main/RED_Ultimate/backend-server/build.gradle.kts,"crlf,bom",False,True,False,True,True
feat/admin-social-management,RED_Ultimate_V1-main/RED_Ultimate/backend-server/build.gradle.kts,"crlf,bom",False,True,False,True,True
feat/red-engineering-roadmap-20260820,RED_Ultimate_V1-main/RED_Ultimate/backend-server/build.gradle.kts,"crlf,bom",False,True,False,True,True
feature/uc2000-ve-sms-browser-audit,RED_Ultimate_V1-main/RED_Ultimate/backend-server/build.gradle.kts,"crlf,bom",False,True,False,True,True
fix/restore-websocket-registrations,RED_Ultimate_V1-main/RED_Ultimate/backend-server/build.gradle.kts,"crlf,bom",False,True,False,True,True
revert-37-arena/019ffd78-pro-v1,RED_Ultimate_V1-main/RED_Ultimate/backend-server/build.gradle.kts,"crlf,bom",False,True,False,True,True
arena/019fe8fa-pro-v1,RED_Ultimate_V1-main/RED_Ultimate/backend-server/src/main/kotlin/com/red/server/RedSovereignApplication.kt,crlf,False,True,False,True,True
arena/019fe9e3-pro-v1,RED_Ultimate_V1-main/RED_Ultimate/backend-server/src/main/kotlin/com/red/server/RedSovereignApplication.kt,crlf,False,True,False,True,True
arena/019ff019-pro-v1,RED_Ultimate_V1-main/RED_Ultimate/backend-server/src/main/kotlin/com/red/server/RedSovereignApplication.kt,crlf,False,True,False,True,True
arena/019ff06b-pro-v1,RED_Ultimate_V1-main/RED_Ultimate/backend-server/src/main/kotlin/com/red/server/RedSovereignApplication.kt,crlf,False,True,False,True,True
arena/019ff085-pro-v1,RED_Ultimate_V1-main/RED_Ultimate/backend-server/src/main/kotlin/com/red/server/RedSovereignApplication.kt,crlf,False,True,False,True,True
arena/019ff0c7-pro-v1,RED_Ultimate_V1-main/RED_Ultimate/backend-server/src/main/kotlin/com/red/server/RedSovereignApplication.kt,crlf,False,True,False,True,True
arena/019ff146-pro-v1,RED_Ultimate_V1-main/RED_Ultimate/backend-server/src/main/kotlin/com/red/server/RedSovereignApplication.kt,crlf,False,True,False,True,True
arena/019ff178-pro-v1,RED_Ultimate_V1-main/RED_Ultimate/backend-server/src/main/kotlin/com/red/server/RedSovereignApplication.kt,crlf,False,True,False,True,True
arena/019ff1f9-pro-v1,RED_Ultimate_V1-main/RED_Ultimate/backend-server/src/main/kotlin/com/red/server/RedSovereignApplication.kt,crlf,False,True,False,True,True
arena/019ff215-pro-v1,RED_Ultimate_V1-main/RED_Ultimate/backend-server/src/main/kotlin/com/red/server/RedSovereignApplication.kt,crlf,False,True,False,True,True
arena/019ff237-pro-v1,RED_Ultimate_V1-main/RED_Ultimate/backend-server/src/main/kotlin/com/red/server/RedSovereignApplication.kt,crlf,False,True,False,True,True
arena/019ff422-pro-v1,RED_Ultimate_V1-main/RED_Ultimate/backend-server/src/main/kotlin/com/red/server/RedSovereignApplication.kt,crlf,False,True,False,True,True
arena/019ff82d-pro-v1,RED_Ultimate_V1-main/RED_Ultimate/backend-server/src/main/kotlin/com/red/server/RedSovereignApplication.kt,crlf,False,True,False,True,True
arena/019ff859-pro-v1,RED_Ultimate_V1-main/RED_Ultimate/backend-server/src/main/kotlin/com/red/server/RedSovereignApplication.kt,crlf,False,True,False,True,True
arena/019ff8b4-pro-v1,RED_Ultimate_V1-main/RED_Ultimate/backend-server/src/main/kotlin/com/red/server/RedSovereignApplication.kt,crlf,False,True,False,True,True
arena/019ff8c7-pro-v1,RED_Ultimate_V1-main/RED_Ultimate/backend-server/src/main/kotlin/com/red/server/RedSovereignApplication.kt,crlf,False,True,False,True,True
arena/019ff8f2-pro-v1,RED_Ultimate_V1-main/RED_Ultimate/backend-server/src/main/kotlin/com/red/server/RedSovereignApplication.kt,crlf,False,True,False,True,True
arena/019ffce9-pro-v1,RED_Ultimate_V1-main/RED_Ultimate/backend-server/src/main/kotlin/com/red/server/RedSovereignApplication.kt,crlf,False,True,False,True,True
arena/019ffd78-pro-v1,RED_Ultimate_V1-main/RED_Ultimate/backend-server/src/main/kotlin/com/red/server/RedSovereignApplication.kt,crlf,False,True,False,True,True
arena/019ffe92-pro-v1,RED_Ultimate_V1-main/RED_Ultimate/backend-server/src/main/kotlin/com/red/server/RedSovereignApplication.kt,crlf,False,True,False,True,True
arena/019ffece-pro-v1,RED_Ultimate_V1-main/RED_Ultimate/backend-server/src/main/kotlin/com/red/server/RedSovereignApplication.kt,crlf,False,True,False,True,True
arena/019fffd5-pro-v1,RED_Ultimate_V1-main/RED_Ultimate/backend-server/src/main/kotlin/com/red/server/RedSovereignApplication.kt,crlf,False,True,False,True,True
arena/01a0064f-pro-v1,RED_Ultimate_V1-main/RED_Ultimate/backend-server/src/main/kotlin/com/red/server/RedSovereignApplication.kt,crlf,False,True,False,True,True
arena/01a00f9e-pro-v1,RED_Ultimate_V1-main/RED_Ultimate/backend-server/src/main/kotlin/com/red/server/RedSovereignApplication.kt,crlf,False,True,False,True,True
chore/platform-rebuild-baseline,RED_Ultimate_V1-main/RED_Ultimate/backend-server/src/main/kotlin/com/red/server/RedSovereignApplication.kt,crlf,False,True,False,True,True
feat/admin-social-management,RED_Ultimate_V1-main/RED_Ultimate/backend-server/src/main/kotlin/com/red/server/RedSovereignApplication.kt,crlf,False,True,False,True,True
feat/red-engineering-roadmap-20260820,RED_Ultimate_V1-main/RED_Ultimate/backend-server/src/main/kotlin/com/red/server/RedSovereignApplication.kt,crlf,False,True,False,True,True
feature/uc2000-ve-sms-browser-audit,RED_Ultimate_V1-main/RED_Ultimate/backend-server/src/main/kotlin/com/red/server/RedSovereignApplication.kt,crlf,False,True,False,True,True
fix/restore-websocket-registrations,RED_Ultimate_V1-main/RED_Ultimate/backend-server/src/main/kotlin/com/red/server/RedSovereignApplication.kt,crlf,False,True,False,True,True
revert-37-arena/019ffd78-pro-v1,RED_Ultimate_V1-main/RED_Ultimate/backend-server/src/main/kotlin/com/red/server/RedSovereignApplication.kt,crlf,False,True,False,True,True
arena/019fe8fa-pro-v1,RED_Ultimate_V1-main/RED_Ultimate/backend-server/src/main/kotlin/com/red/server/admin/controller/AdminV2Controller.kt,crlf,False,True,False,True,True
arena/019fe9e3-pro-v1,RED_Ultimate_V1-main/RED_Ultimate/backend-server/src/main/kotlin/com/red/server/admin/controller/AdminV2Controller.kt,crlf,False,True,False,True,True
arena/019ff019-pro-v1,RED_Ultimate_V1-main/RED_Ultimate/backend-server/src/main/kotlin/com/red/server/admin/controller/AdminV2Controller.kt,crlf,False,True,False,True,True
arena/019ff06b-pro-v1,RED_Ultimate_V1-main/RED_Ultimate/backend-server/src/main/kotlin/com/red/server/admin/controller/AdminV2Controller.kt,crlf,False,True,False,True,True
arena/019ff085-pro-v1,RED_Ultimate_V1-main/RED_Ultimate/backend-server/src/main/kotlin/com/red/server/admin/controller/AdminV2Controller.kt,crlf,False,True,False,True,True
arena/019ff0c7-pro-v1,RED_Ultimate_V1-main/RED_Ultimate/backend-server/src/main/kotlin/com/red/server/admin/controller/AdminV2Controller.kt,crlf,False,True,False,True,True
arena/019ff146-pro-v1,RED_Ultimate_V1-main/RED_Ultimate/backend-server/src/main/kotlin/com/red/server/admin/controller/AdminV2Controller.kt,crlf,False,True,False,True,True
arena/019ff178-pro-v1,RED_Ultimate_V1-main/RED_Ultimate/backend-server/src/main/kotlin/com/red/server/admin/controller/AdminV2Controller.kt,crlf,False,True,False,True,True
arena/019ff1f9-pro-v1,RED_Ultimate_V1-main/RED_Ultimate/backend-server/src/main/kotlin/com/red/server/admin/controller/AdminV2Controller.kt,crlf,False,True,False,True,True
arena/019ff215-pro-v1,RED_Ultimate_V1-main/RED_Ultimate/backend-server/src/main/kotlin/com/red/server/admin/controller/AdminV2Controller.kt,crlf,False,True,False,True,True
arena/019ff237-pro-v1,RED_Ultimate_V1-main/RED_Ultimate/backend-server/src/main/kotlin/com/red/server/admin/controller/AdminV2Controller.kt,crlf,False,True,False,True,True
arena/019ff422-pro-v1,RED_Ultimate_V1-main/RED_Ultimate/backend-server/src/main/kotlin/com/red/server/admin/controller/AdminV2Controller.kt,crlf,False,True,False,True,True
arena/019ff82d-pro-v1,RED_Ultimate_V1-main/RED_Ultimate/backend-server/src/main/kotlin/com/red/server/admin/controller/AdminV2Controller.kt,crlf,False,True,False,True,True
arena/019ff859-pro-v1,RED_Ultimate_V1-main/RED_Ultimate/backend-server/src/main/kotlin/com/red/server/admin/controller/AdminV2Controller.kt,crlf,False,True,False,True,True
arena/019ff8b4-pro-v1,RED_Ultimate_V1-main/RED_Ultimate/backend-server/src/main/kotlin/com/red/server/admin/controller/AdminV2Controller.kt,crlf,False,True,False,True,True
arena/019ff8c7-pro-v1,RED_Ultimate_V1-main/RED_Ultimate/backend-server/src/main/kotlin/com/red/server/admin/controller/AdminV2Controller.kt,crlf,False,True,False,True,True
arena/019ff8f2-pro-v1,RED_Ultimate_V1-main/RED_Ultimate/backend-server/src/main/kotlin/com/red/server/admin/controller/AdminV2Controller.kt,crlf,False,True,False,True,True
arena/019ffce9-pro-v1,RED_Ultimate_V1-main/RED_Ultimate/backend-server/src/main/kotlin/com/red/server/admin/controller/AdminV2Controller.kt,crlf,False,True,False,True,True
arena/019ffd78-pro-v1,RED_Ultimate_V1-main/RED_Ultimate/backend-server/src/main/kotlin/com/red/server/admin/controller/AdminV2Controller.kt,crlf,False,True,False,True,True
arena/019ffe92-pro-v1,RED_Ultimate_V1-main/RED_Ultimate/backend-server/src/main/kotlin/com/red/server/admin/controller/AdminV2Controller.kt,crlf,False,True,False,True,True
arena/019ffece-pro-v1,RED_Ultimate_V1-main/RED_Ultimate/backend-server/src/main/kotlin/com/red/server/admin/controller/AdminV2Controller.kt,crlf,False,True,False,True,True
arena/019fffd5-pro-v1,RED_Ultimate_V1-main/RED_Ultimate/backend-server/src/main/kotlin/com/red/server/admin/controller/AdminV2Controller.kt,crlf,False,True,False,True,True
arena/01a0064f-pro-v1,RED_Ultimate_V1-main/RED_Ultimate/backend-server/src/main/kotlin/com/red/server/admin/controller/AdminV2Controller.kt,crlf,False,True,False,True,True
arena/01a00f9e-pro-v1,RED_Ultimate_V1-main/RED_Ultimate/backend-server/src/main/kotlin/com/red/server/admin/controller/AdminV2Controller.kt,crlf,False,True,False,True,True
chore/platform-rebuild-baseline,RED_Ultimate_V1-main/RED_Ultimate/backend-server/src/main/kotlin/com/red/server/admin/controller/AdminV2Controller.kt,crlf,False,True,False,True,True
feat/admin-social-management,RED_Ultimate_V1-main/RED_Ultimate/backend-server/src/main/kotlin/com/red/server/admin/controller/AdminV2Controller.kt,crlf,False,True,False,True,True
feat/red-engineering-roadmap-20260820,RED_Ultimate_V1-main/RED_Ultimate/backend-server/src/main/kotlin/com/red/server/admin/controller/AdminV2Controller.kt,crlf,False,True,False,True,True
feature/uc2000-ve-sms-browser-audit,RED_Ultimate_V1-main/RED_Ultimate/backend-server/src/main/kotlin/com/red/server/admin/controller/AdminV2Controller.kt,crlf,False,True,False,True,True
fix/restore-websocket-registrations,RED_Ultimate_V1-main/RED_Ultimate/backend-server/src/main/kotlin/com/red/server/admin/controller/AdminV2Controller.kt,crlf,False,True,False,True,True
revert-37-arena/019ffd78-pro-v1,RED_Ultimate_V1-main/RED_Ultimate/backend-server/src/main/kotlin/com/red/server/admin/controller/AdminV2Controller.kt,crlf,False,True,False,True,True
arena/019fe8fa-pro-v1,RED_Ultimate_V1-main/RED_Ultimate/backend-server/src/main/kotlin/com/red/server/admin/model/AdminAnalytics.kt,crlf,False,True,False,True,True
arena/019fe9e3-pro-v1,RED_Ultimate_V1-main/RED_Ultimate/backend-server/src/main/kotlin/com/red/server/admin/model/AdminAnalytics.kt,crlf,False,True,False,True,True
arena/019ff019-pro-v1,RED_Ultimate_V1-main/RED_Ultimate/backend-server/src/main/kotlin/com/red/server/admin/model/AdminAnalytics.kt,crlf,False,True,False,True,True
arena/019ff06b-pro-v1,RED_Ultimate_V1-main/RED_Ultimate/backend-server/src/main/kotlin/com/red/server/admin/model/AdminAnalytics.kt,crlf,False,True,False,True,True
arena/019ff085-pro-v1,RED_Ultimate_V1-main/RED_Ultimate/backend-server/src/main/kotlin/com/red/server/admin/model/AdminAnalytics.kt,crlf,False,True,False,True,True
arena/019ff0c7-pro-v1,RED_Ultimate_V1-main/RED_Ultimate/backend-server/src/main/kotlin/com/red/server/admin/model/AdminAnalytics.kt,crlf,False,True,False,True,True
arena/019ff146-pro-v1,RED_Ultimate_V1-main/RED_Ultimate/backend-server/src/main/kotlin/com/red/server/admin/model/AdminAnalytics.kt,crlf,False,True,False,True,True
arena/019ff178-pro-v1,RED_Ultimate_V1-main/RED_Ultimate/backend-server/src/main/kotlin/com/red/server/admin/model/AdminAnalytics.kt,crlf,False,True,False,True,True
arena/019ff1f9-pro-v1,RED_Ultimate_V1-main/RED_Ultimate/backend-server/src/main/kotlin/com/red/server/admin/model/AdminAnalytics.kt,crlf,False,True,False,True,True
arena/019ff215-pro-v1,RED_Ultimate_V1-main/RED_Ultimate/backend-server/src/main/kotlin/com/red/server/admin/model/AdminAnalytics.kt,crlf,False,True,False,True,True
arena/019ff237-pro-v1,RED_Ultimate_V1-main/RED_Ultimate/backend-server/src/main/kotlin/com/red/server/admin/model/AdminAnalytics.kt,crlf,False,True,False,True,True
arena/019ff422-pro-v1,RED_Ultimate_V1-main/RED_Ultimate/backend-server/src/main/kotlin/com/red/server/admin/model/AdminAnalytics.kt,crlf,False,True,False,True,True
arena/019ff82d-pro-v1,RED_Ultimate_V1-main/RED_Ultimate/backend-server/src/main/kotlin/com/red/server/admin/model/AdminAnalytics.kt,crlf,False,True,False,True,True
arena/019ff859-pro-v1,RED_Ultimate_V1-main/RED_Ultimate/backend-server/src/main/kotlin/com/red/server/admin/model/AdminAnalytics.kt,crlf,False,True,False,True,True
arena/019ff8b4-pro-v1,RED_Ultimate_V1-main/RED_Ultimate/backend-server/src/main/kotlin/com/red/server/admin/model/AdminAnalytics.kt,crlf,False,True,False,True,True
arena/019ff8c7-pro-v1,RED_Ultimate_V1-main/RED_Ultimate/backend-server/src/main/kotlin/com/red/server/admin/model/AdminAnalytics.kt,crlf,False,True,False,True,True
arena/019ff8f2-pro-v1,RED_Ultimate_V1-main/RED_Ultimate/backend-server/src/main/kotlin/com/red/server/admin/model/AdminAnalytics.kt,crlf,False,True,False,True,True
arena/019ffce9-pro-v1,RED_Ultimate_V1-main/RED_Ultimate/backend-server/src/main/kotlin/com/red/server/admin/model/AdminAnalytics.kt,crlf,False,True,False,True,True
arena/019ffd78-pro-v1,RED_Ultimate_V1-main/RED_Ultimate/backend-server/src/main/kotlin/com/red/server/admin/model/AdminAnalytics.kt,crlf,False,True,False,True,True
arena/019ffe92-pro-v1,RED_Ultimate_V1-main/RED_Ultimate/backend-server/src/main/kotlin/com/red/server/admin/model/AdminAnalytics.kt,crlf,False,True,False,True,True
arena/019ffece-pro-v1,RED_Ultimate_V1-main/RED_Ultimate/backend-server/src/main/kotlin/com/red/server/admin/model/AdminAnalytics.kt,crlf,False,True,False,True,True
arena/019fffd5-pro-v1,RED_Ultimate_V1-main/RED_Ultimate/backend-server/src/main/kotlin/com/red/server/admin/model/AdminAnalytics.kt,crlf,False,True,False,True,True
arena/01a0064f-pro-v1,RED_Ultimate_V1-main/RED_Ultimate/backend-server/src/main/kotlin/com/red/server/admin/model/AdminAnalytics.kt,crlf,False,True,False,True,True
arena/01a00f9e-pro-v1,RED_Ultimate_V1-main/RED_Ultimate/backend-server/src/main/kotlin/com/red/server/admin/model/AdminAnalytics.kt,crlf,False,True,False,True,True
chore/platform-rebuild-baseline,RED_Ultimate_V1-main/RED_Ultimate/backend-server/src/main/kotlin/com/red/server/admin/model/AdminAnalytics.kt,crlf,False,True,False,True,True
feat/admin-social-management,RED_Ultimate_V1-main/RED_Ultimate/backend-server/src/main/kotlin/com/red/server/admin/model/AdminAnalytics.kt,crlf,False,True,False,True,True
feat/red-engineering-roadmap-20260820,RED_Ultimate_V1-main/RED_Ultimate/backend-server/src/main/kotlin/com/red/server/admin/model/AdminAnalytics.kt,crlf,False,True,False,True,True
feature/uc2000-ve-sms-browser-audit,RED_Ultimate_V1-main/RED_Ultimate/backend-server/src/main/kotlin/com/red/server/admin/model/AdminAnalytics.kt,crlf,False,True,False,True,True
fix/restore-websocket-registrations,RED_Ultimate_V1-main/RED_Ultimate/backend-server/src/main/kotlin/com/red/server/admin/model/AdminAnalytics.kt,crlf,False,True,False,True,True
revert-37-arena/019ffd78-pro-v1,RED_Ultimate_V1-main/RED_Ultimate/backend-server/src/main/kotlin/com/red/server/admin/model/AdminAnalytics.kt,crlf,False,True,False,True,True
arena/019fe8fa-pro-v1,RED_Ultimate_V1-main/RED_Ultimate/backend-server/src/main/kotlin/com/red/server/admin/model/AdminAuditLog.kt,crlf,False,True,False,True,True
arena/019fe9e3-pro-v1,RED_Ultimate_V1-main/RED_Ultimate/backend-server/src/main/kotlin/com/red/server/admin/model/AdminAuditLog.kt,crlf,False,True,False,True,True
arena/019ff019-pro-v1,RED_Ultimate_V1-main/RED_Ultimate/backend-server/src/main/kotlin/com/red/server/admin/model/AdminAuditLog.kt,crlf,False,True,False,True,True
arena/019ff06b-pro-v1,RED_Ultimate_V1-main/RED_Ultimate/backend-server/src/main/kotlin/com/red/server/admin/model/AdminAuditLog.kt,crlf,False,True,False,True,True
arena/019ff085-pro-v1,RED_Ultimate_V1-main/RED_Ultimate/backend-server/src/main/kotlin/com/red/server/admin/model/AdminAuditLog.kt,crlf,False,True,False,True,True
arena/019ff0c7-pro-v1,RED_Ultimate_V1-main/RED_Ultimate/backend-server/src/main/kotlin/com/red/server/admin/model/AdminAuditLog.kt,crlf,False,True,False,True,True
arena/019ff146-pro-v1,RED_Ultimate_V1-main/RED_Ultimate/backend-server/src/main/kotlin/com/red/server/admin/model/AdminAuditLog.kt,crlf,False,True,False,True,True
arena/019ff178-pro-v1,RED_Ultimate_V1-main/RED_Ultimate/backend-server/src/main/kotlin/com/red/server/admin/model/AdminAuditLog.kt,crlf,False,True,False,True,True
arena/019ff1f9-pro-v1,RED_Ultimate_V1-main/RED_Ultimate/backend-server/src/main/kotlin/com/red/server/admin/model/AdminAuditLog.kt,crlf,False,True,False,True,True
arena/019ff215-pro-v1,RED_Ultimate_V1-main/RED_Ultimate/backend-server/src/main/kotlin/com/red/server/admin/model/AdminAuditLog.kt,crlf,False,True,False,True,True
arena/019ff237-pro-v1,RED_Ultimate_V1-main/RED_Ultimate/backend-server/src/main/kotlin/com/red/server/admin/model/AdminAuditLog.kt,crlf,False,True,False,True,True
arena/019ff422-pro-v1,RED_Ultimate_V1-main/RED_Ultimate/backend-server/src/main/kotlin/com/red/server/admin/model/AdminAuditLog.kt,crlf,False,True,False,True,True
arena/019ff82d-pro-v1,RED_Ultimate_V1-main/RED_Ultimate/backend-server/src/main/kotlin/com/red/server/admin/model/AdminAuditLog.kt,crlf,False,True,False,True,True
arena/019ff859-pro-v1,RED_Ultimate_V1-main/RED_Ultimate/backend-server/src/main/kotlin/com/red/server/admin/model/AdminAuditLog.kt,crlf,False,True,False,True,True
arena/019ff8b4-pro-v1,RED_Ultimate_V1-main/RED_Ultimate/backend-server/src/main/kotlin/com/red/server/admin/model/AdminAuditLog.kt,crlf,False,True,False,True,True
arena/019ff8c7-pro-v1,RED_Ultimate_V1-main/RED_Ultimate/backend-server/src/main/kotlin/com/red/server/admin/model/AdminAuditLog.kt,crlf,False,True,False,True,True
arena/019ff8f2-pro-v1,RED_Ultimate_V1-main/RED_Ultimate/backend-server/src/main/kotlin/com/red/server/admin/model/AdminAuditLog.kt,crlf,False,True,False,True,True
arena/019ffce9-pro-v1,RED_Ultimate_V1-main/RED_Ultimate/backend-server/src/main/kotlin/com/red/server/admin/model/AdminAuditLog.kt,crlf,False,True,False,True,True
arena/019ffd78-pro-v1,RED_Ultimate_V1-main/RED_Ultimate/backend-server/src/main/kotlin/com/red/server/admin/model/AdminAuditLog.kt,crlf,False,True,False,True,True
arena/019ffe92-pro-v1,RED_Ultimate_V1-main/RED_Ultimate/backend-server/src/main/kotlin/com/red/server/admin/model/AdminAuditLog.kt,crlf,False,True,False,True,True
arena/019ffece-pro-v1,RED_Ultimate_V1-main/RED_Ultimate/backend-server/src/main/kotlin/com/red/server/admin/model/AdminAuditLog.kt,crlf,False,True,False,True,True
arena/019fffd5-pro-v1,RED_Ultimate_V1-main/RED_Ultimate/backend-server/src/main/kotlin/com/red/server/admin/model/AdminAuditLog.kt,crlf,False,True,False,True,True
arena/01a0064f-pro-v1,RED_Ultimate_V1-main/RED_Ultimate/backend-server/src/main/kotlin/com/red/server/admin/model/AdminAuditLog.kt,crlf,False,True,False,True,True
arena/01a00f9e-pro-v1,RED_Ultimate_V1-main/RED_Ultimate/backend-server/src/main/kotlin/com/red/server/admin/model/AdminAuditLog.kt,crlf,False,True,False,True,True
chore/platform-rebuild-baseline,RED_Ultimate_V1-main/RED_Ultimate/backend-server/src/main/kotlin/com/red/server/admin/model/AdminAuditLog.kt,crlf,False,True,False,True,True
feat/admin-social-management,RED_Ultimate_V1-main/RED_Ultimate/backend-server/src/main/kotlin/com/red/server/admin/model/AdminAuditLog.kt,crlf,False,True,False,True,True
feat/red-engineering-roadmap-20260820,RED_Ultimate_V1-main/RED_Ultimate/backend-server/src/main/kotlin/com/red/server/admin/model/AdminAuditLog.kt,crlf,False,True,False,True,True
feature/uc2000-ve-sms-browser-audit,RED_Ultimate_V1-main/RED_Ultimate/backend-server/src/main/kotlin/com/red/server/admin/model/AdminAuditLog.kt,crlf,False,True,False,True,True
fix/restore-websocket-registrations,RED_Ultimate_V1-main/RED_Ultimate/backend-server/src/main/kotlin/com/red/server/admin/model/AdminAuditLog.kt,crlf,False,True,False,True,True
revert-37-arena/019ffd78-pro-v1,RED_Ultimate_V1-main/RED_Ultimate/backend-server/src/main/kotlin/com/red/server/admin/model/AdminAuditLog.kt,crlf,False,True,False,True,True
arena/019fe8fa-pro-v1,RED_Ultimate_V1-main/RED_Ultimate/backend-server/src/main/kotlin/com/red/server/admin/model/AdminSessions.kt,crlf,False,True,False,True,True
arena/019fe9e3-pro-v1,RED_Ultimate_V1-main/RED_Ultimate/backend-server/src/main/kotlin/com/red/server/admin/model/AdminSessions.kt,crlf,False,True,False,True,True
arena/019ff019-pro-v1,RED_Ultimate_V1-main/RED_Ultimate/backend-server/src/main/kotlin/com/red/server/admin/model/AdminSessions.kt,crlf,False,True,False,True,True
arena/019ff06b-pro-v1,RED_Ultimate_V1-main/RED_Ultimate/backend-server/src/main/kotlin/com/red/server/admin/model/AdminSessions.kt,crlf,False,True,False,True,True
arena/019ff085-pro-v1,RED_Ultimate_V1-main/RED_Ultimate/backend-server/src/main/kotlin/com/red/server/admin/model/AdminSessions.kt,crlf,False,True,False,True,True
arena/019ff0c7-pro-v1,RED_Ultimate_V1-main/RED_Ultimate/backend-server/src/main/kotlin/com/red/server/admin/model/AdminSessions.kt,crlf,False,True,False,True,True
arena/019ff146-pro-v1,RED_Ultimate_V1-main/RED_Ultimate/backend-server/src/main/kotlin/com/red/server/admin/model/AdminSessions.kt,crlf,False,True,False,True,True
arena/019ff178-pro-v1,RED_Ultimate_V1-main/RED_Ultimate/backend-server/src/main/kotlin/com/red/server/admin/model/AdminSessions.kt,crlf,False,True,False,True,True
arena/019ff1f9-pro-v1,RED_Ultimate_V1-main/RED_Ultimate/backend-server/src/main/kotlin/com/red/server/admin/model/AdminSessions.kt,crlf,False,True,False,True,True
arena/019ff215-pro-v1,RED_Ultimate_V1-main/RED_Ultimate/backend-server/src/main/kotlin/com/red/server/admin/model/AdminSessions.kt,crlf,False,True,False,True,True
arena/019ff237-pro-v1,RED_Ultimate_V1-main/RED_Ultimate/backend-server/src/main/kotlin/com/red/server/admin/model/AdminSessions.kt,crlf,False,True,False,True,True
arena/019ff422-pro-v1,RED_Ultimate_V1-main/RED_Ultimate/backend-server/src/main/kotlin/com/red/server/admin/model/AdminSessions.kt,crlf,False,True,False,True,True
arena/019ff82d-pro-v1,RED_Ultimate_V1-main/RED_Ultimate/backend-server/src/main/kotlin/com/red/server/admin/model/AdminSessions.kt,crlf,False,True,False,True,True
arena/019ff859-pro-v1,RED_Ultimate_V1-main/RED_Ultimate/backend-server/src/main/kotlin/com/red/server/admin/model/AdminSessions.kt,crlf,False,True,False,True,True
arena/019ff8b4-pro-v1,RED_Ultimate_V1-main/RED_Ultimate/backend-server/src/main/kotlin/com/red/server/admin/model/AdminSessions.kt,crlf,False,True,False,True,True
arena/019ff8c7-pro-v1,RED_Ultimate_V1-main/RED_Ultimate/backend-server/src/main/kotlin/com/red/server/admin/model/AdminSessions.kt,crlf,False,True,False,True,True
arena/019ff8f2-pro-v1,RED_Ultimate_V1-main/RED_Ultimate/backend-server/src/main/kotlin/com/red/server/admin/model/AdminSessions.kt,crlf,False,True,False,True,True
arena/019ffce9-pro-v1,RED_Ultimate_V1-main/RED_Ultimate/backend-server/src/main/kotlin/com/red/server/admin/model/AdminSessions.kt,crlf,False,True,False,True,True
arena/019ffd78-pro-v1,RED_Ultimate_V1-main/RED_Ultimate/backend-server/src/main/kotlin/com/red/server/admin/model/AdminSessions.kt,crlf,False,True,False,True,True
arena/019ffe92-pro-v1,RED_Ultimate_V1-main/RED_Ultimate/backend-server/src/main/kotlin/com/red/server/admin/model/AdminSessions.kt,crlf,False,True,False,True,True
arena/019ffece-pro-v1,RED_Ultimate_V1-main/RED_Ultimate/backend-server/src/main/kotlin/com/red/server/admin/model/AdminSessions.kt,crlf,False,True,False,True,True
arena/019fffd5-pro-v1,RED_Ultimate_V1-main/RED_Ultimate/backend-server/src/main/kotlin/com/red/server/admin/model/AdminSessions.kt,crlf,False,True,False,True,True
arena/01a0064f-pro-v1,RED_Ultimate_V1-main/RED_Ultimate/backend-server/src/main/kotlin/com/red/server/admin/model/AdminSessions.kt,crlf,False,True,False,True,True
arena/01a00f9e-pro-v1,RED_Ultimate_V1-main/RED_Ultimate/backend-server/src/main/kotlin/com/red/server/admin/model/AdminSessions.kt,crlf,False,True,False,True,True
chore/platform-rebuild-baseline,RED_Ultimate_V1-main/RED_Ultimate/backend-server/src/main/kotlin/com/red/server/admin/model/AdminSessions.kt,crlf,False,True,False,True,True
feat/admin-social-management,RED_Ultimate_V1-main/RED_Ultimate/backend-server/src/main/kotlin/com/red/server/admin/model/AdminSessions.kt,crlf,False,True,False,True,True
feat/red-engineering-roadmap-20260820,RED_Ultimate_V1-main/RED_Ultimate/backend-server/src/main/kotlin/com/red/server/admin/model/AdminSessions.kt,crlf,False,True,False,True,True
feature/uc2000-ve-sms-browser-audit,RED_Ultimate_V1-main/RED_Ultimate/backend-server/src/main/kotlin/com/red/server/admin/model/AdminSessions.kt,crlf,False,True,False,True,True
fix/restore-websocket-registrations,RED_Ultimate_V1-main/RED_Ultimate/backend-server/src/main/kotlin/com/red/server/admin/model/AdminSessions.kt,crlf,False,True,False,True,True
revert-37-arena/019ffd78-pro-v1,RED_Ultimate_V1-main/RED_Ultimate/backend-server/src/main/kotlin/com/red/server/admin/model/AdminSessions.kt,crlf,False,True,False,True,True
arena/019fe8fa-pro-v1,RED_Ultimate_V1-main/RED_Ultimate/backend-server/src/main/kotlin/com/red/server/admin/service/AdminService.kt,crlf,False,True,False,True,True
arena/019fe9e3-pro-v1,RED_Ultimate_V1-main/RED_Ultimate/backend-server/src/main/kotlin/com/red/server/admin/service/AdminService.kt,crlf,False,True,False,True,True
arena/019ff019-pro-v1,RED_Ultimate_V1-main/RED_Ultimate/backend-server/src/main/kotlin/com/red/server/admin/service/AdminService.kt,crlf,False,True,False,True,True
arena/019ff06b-pro-v1,RED_Ultimate_V1-main/RED_Ultimate/backend-server/src/main/kotlin/com/red/server/admin/service/AdminService.kt,crlf,False,True,False,True,True
arena/019ff085-pro-v1,RED_Ultimate_V1-main/RED_Ultimate/backend-server/src/main/kotlin/com/red/server/admin/service/AdminService.kt,crlf,False,True,False,True,True
arena/019ff0c7-pro-v1,RED_Ultimate_V1-main/RED_Ultimate/backend-server/src/main/kotlin/com/red/server/admin/service/AdminService.kt,crlf,False,True,False,True,True
arena/019ff146-pro-v1,RED_Ultimate_V1-main/RED_Ultimate/backend-server/src/main/kotlin/com/red/server/admin/service/AdminService.kt,crlf,False,True,False,True,True
arena/019ff178-pro-v1,RED_Ultimate_V1-main/RED_Ultimate/backend-server/src/main/kotlin/com/red/server/admin/service/AdminService.kt,crlf,False,True,False,True,True
arena/019ff1f9-pro-v1,RED_Ultimate_V1-main/RED_Ultimate/backend-server/src/main/kotlin/com/red/server/admin/service/AdminService.kt,crlf,False,True,False,True,True
arena/019ff215-pro-v1,RED_Ultimate_V1-main/RED_Ultimate/backend-server/src/main/kotlin/com/red/server/admin/service/AdminService.kt,crlf,False,True,False,True,True
arena/019ff237-pro-v1,RED_Ultimate_V1-main/RED_Ultimate/backend-server/src/main/kotlin/com/red/server/admin/service/AdminService.kt,crlf,False,True,False,True,True
arena/019ff422-pro-v1,RED_Ultimate_V1-main/RED_Ultimate/backend-server/src/main/kotlin/com/red/server/admin/service/AdminService.kt,crlf,False,True,False,True,True
arena/019ff82d-pro-v1,RED_Ultimate_V1-main/RED_Ultimate/backend-server/src/main/kotlin/com/red/server/admin/service/AdminService.kt,crlf,False,True,False,True,True
arena/019ff859-pro-v1,RED_Ultimate_V1-main/RED_Ultimate/backend-server/src/main/kotlin/com/red/server/admin/service/AdminService.kt,crlf,False,True,False,True,True
arena/019ff8b4-pro-v1,RED_Ultimate_V1-main/RED_Ultimate/backend-server/src/main/kotlin/com/red/server/admin/service/AdminService.kt,crlf,False,True,False,True,True
arena/019ff8c7-pro-v1,RED_Ultimate_V1-main/RED_Ultimate/backend-server/src/main/kotlin/com/red/server/admin/service/AdminService.kt,crlf,False,True,False,True,True
arena/019ff8f2-pro-v1,RED_Ultimate_V1-main/RED_Ultimate/backend-server/src/main/kotlin/com/red/server/admin/service/AdminService.kt,crlf,False,True,False,True,True
arena/019ffce9-pro-v1,RED_Ultimate_V1-main/RED_Ultimate/backend-server/src/main/kotlin/com/red/server/admin/service/AdminService.kt,crlf,False,True,False,True,True
arena/019ffd78-pro-v1,RED_Ultimate_V1-main/RED_Ultimate/backend-server/src/main/kotlin/com/red/server/admin/service/AdminService.kt,crlf,False,True,False,True,True
arena/019ffe92-pro-v1,RED_Ultimate_V1-main/RED_Ultimate/backend-server/src/main/kotlin/com/red/server/admin/service/AdminService.kt,crlf,False,True,False,True,True
arena/019ffece-pro-v1,RED_Ultimate_V1-main/RED_Ultimate/backend-server/src/main/kotlin/com/red/server/admin/service/AdminService.kt,crlf,False,True,False,True,True
arena/019fffd5-pro-v1,RED_Ultimate_V1-main/RED_Ultimate/backend-server/src/main/kotlin/com/red/server/admin/service/AdminService.kt,crlf,False,True,False,True,True
arena/01a0064f-pro-v1,RED_Ultimate_V1-main/RED_Ultimate/backend-server/src/main/kotlin/com/red/server/admin/service/AdminService.kt,crlf,False,True,False,True,True
arena/01a00f9e-pro-v1,RED_Ultimate_V1-main/RED_Ultimate/backend-server/src/main/kotlin/com/red/server/admin/service/AdminService.kt,crlf,False,True,False,True,True
chore/platform-rebuild-baseline,RED_Ultimate_V1-main/RED_Ultimate/backend-server/src/main/kotlin/com/red/server/admin/service/AdminService.kt,crlf,False,True,False,True,True
feat/admin-social-management,RED_Ultimate_V1-main/RED_Ultimate/backend-server/src/main/kotlin/com/red/server/admin/service/AdminService.kt,crlf,False,True,False,True,True
feat/red-engineering-roadmap-20260820,RED_Ultimate_V1-main/RED_Ultimate/backend-server/src/main/kotlin/com/red/server/admin/service/AdminService.kt,crlf,False,True,False,True,True
feature/uc2000-ve-sms-browser-audit,RED_Ultimate_V1-main/RED_Ultimate/backend-server/src/main/kotlin/com/red/server/admin/service/AdminService.kt,crlf,False,True,False,True,True
fix/restore-websocket-registrations,RED_Ultimate_V1-main/RED_Ultimate/backend-server/src/main/kotlin/com/red/server/admin/service/AdminService.kt,crlf,False,True,False,True,True
revert-37-arena/019ffd78-pro-v1,RED_Ultimate_V1-main/RED_Ultimate/backend-server/src/main/kotlin/com/red/server/admin/service/AdminService.kt,crlf,False,True,False,True,True
arena/019fe8fa-pro-v1,RED_Ultimate_V1-main/RED_Ultimate/backend-server/src/main/kotlin/com/red/server/api/admin/RedMasterController.kt,crlf,False,True,False,True,True
arena/019fe9e3-pro-v1,RED_Ultimate_V1-main/RED_Ultimate/backend-server/src/main/kotlin/com/red/server/api/admin/RedMasterController.kt,crlf,False,True,False,True,True
arena/019ff019-pro-v1,RED_Ultimate_V1-main/RED_Ultimate/backend-server/src/main/kotlin/com/red/server/api/admin/RedMasterController.kt,crlf,False,True,False,True,True
arena/019ff06b-pro-v1,RED_Ultimate_V1-main/RED_Ultimate/backend-server/src/main/kotlin/com/red/server/api/admin/RedMasterController.kt,crlf,False,True,False,True,True
arena/019ff085-pro-v1,RED_Ultimate_V1-main/RED_Ultimate/backend-server/src/main/kotlin/com/red/server/api/admin/RedMasterController.kt,crlf,False,True,False,True,True
arena/019ff0c7-pro-v1,RED_Ultimate_V1-main/RED_Ultimate/backend-server/src/main/kotlin/com/red/server/api/admin/RedMasterController.kt,crlf,False,True,False,True,True
arena/019ff146-pro-v1,RED_Ultimate_V1-main/RED_Ultimate/backend-server/src/main/kotlin/com/red/server/api/admin/RedMasterController.kt,crlf,False,True,False,True,True
arena/019ff178-pro-v1,RED_Ultimate_V1-main/RED_Ultimate/backend-server/src/main/kotlin/com/red/server/api/admin/RedMasterController.kt,crlf,False,True,False,True,True
arena/019ff1f9-pro-v1,RED_Ultimate_V1-main/RED_Ultimate/backend-server/src/main/kotlin/com/red/server/api/admin/RedMasterController.kt,crlf,False,True,False,True,True
arena/019ff215-pro-v1,RED_Ultimate_V1-main/RED_Ultimate/backend-server/src/main/kotlin/com/red/server/api/admin/RedMasterController.kt,crlf,False,True,False,True,True
arena/019ff237-pro-v1,RED_Ultimate_V1-main/RED_Ultimate/backend-server/src/main/kotlin/com/red/server/api/admin/RedMasterController.kt,crlf,False,True,False,True,True
arena/019ff422-pro-v1,RED_Ultimate_V1-main/RED_Ultimate/backend-server/src/main/kotlin/com/red/server/api/admin/RedMasterController.kt,crlf,False,True,False,True,True
arena/019ff82d-pro-v1,RED_Ultimate_V1-main/RED_Ultimate/backend-server/src/main/kotlin/com/red/server/api/admin/RedMasterController.kt,crlf,False,True,False,True,True
arena/019ff859-pro-v1,RED_Ultimate_V1-main/RED_Ultimate/backend-server/src/main/kotlin/com/red/server/api/admin/RedMasterController.kt,crlf,False,True,False,True,True
arena/019ff8b4-pro-v1,RED_Ultimate_V1-main/RED_Ultimate/backend-server/src/main/kotlin/com/red/server/api/admin/RedMasterController.kt,crlf,False,True,False,True,True
arena/019ff8c7-pro-v1,RED_Ultimate_V1-main/RED_Ultimate/backend-server/src/main/kotlin/com/red/server/api/admin/RedMasterController.kt,crlf,False,True,False,True,True
arena/019ff8f2-pro-v1,RED_Ultimate_V1-main/RED_Ultimate/backend-server/src/main/kotlin/com/red/server/api/admin/RedMasterController.kt,crlf,False,True,False,True,True
arena/019ffce9-pro-v1,RED_Ultimate_V1-main/RED_Ultimate/backend-server/src/main/kotlin/com/red/server/api/admin/RedMasterController.kt,crlf,False,True,False,True,True
arena/019ffd78-pro-v1,RED_Ultimate_V1-main/RED_Ultimate/backend-server/src/main/kotlin/com/red/server/api/admin/RedMasterController.kt,crlf,False,True,False,True,True
arena/019ffe92-pro-v1,RED_Ultimate_V1-main/RED_Ultimate/backend-server/src/main/kotlin/com/red/server/api/admin/RedMasterController.kt,crlf,False,True,False,True,True
arena/019ffece-pro-v1,RED_Ultimate_V1-main/RED_Ultimate/backend-server/src/main/kotlin/com/red/server/api/admin/RedMasterController.kt,crlf,False,True,False,True,True
arena/019fffd5-pro-v1,RED_Ultimate_V1-main/RED_Ultimate/backend-server/src/main/kotlin/com/red/server/api/admin/RedMasterController.kt,crlf,False,True,False,True,True
arena/01a0064f-pro-v1,RED_Ultimate_V1-main/RED_Ultimate/backend-server/src/main/kotlin/com/red/server/api/admin/RedMasterController.kt,crlf,False,True,False,True,True
arena/01a00f9e-pro-v1,RED_Ultimate_V1-main/RED_Ultimate/backend-server/src/main/kotlin/com/red/server/api/admin/RedMasterController.kt,crlf,False,True,False,True,True
chore/platform-rebuild-baseline,RED_Ultimate_V1-main/RED_Ultimate/backend-server/src/main/kotlin/com/red/server/api/admin/RedMasterController.kt,crlf,False,True,False,True,True
feat/admin-social-management,RED_Ultimate_V1-main/RED_Ultimate/backend-server/src/main/kotlin/com/red/server/api/admin/RedMasterController.kt,crlf,False,True,False,True,True
feat/red-engineering-roadmap-20260820,RED_Ultimate_V1-main/RED_Ultimate/backend-server/src/main/kotlin/com/red/server/api/admin/RedMasterController.kt,crlf,False,True,False,True,True
feature/uc2000-ve-sms-browser-audit,RED_Ultimate_V1-main/RED_Ultimate/backend-server/src/main/kotlin/com/red/server/api/admin/RedMasterController.kt,crlf,False,True,False,True,True
fix/restore-websocket-registrations,RED_Ultimate_V1-main/RED_Ultimate/backend-server/src/main/kotlin/com/red/server/api/admin/RedMasterController.kt,crlf,False,True,False,True,True
revert-37-arena/019ffd78-pro-v1,RED_Ultimate_V1-main/RED_Ultimate/backend-server/src/main/kotlin/com/red/server/api/admin/RedMasterController.kt,crlf,False,True,False,True,True
arena/019fe8fa-pro-v1,RED_Ultimate_V1-main/RED_Ultimate/backend-server/src/main/kotlin/com/red/server/auth/AuthExceptionHandler.kt,crlf,False,True,False,True,True
arena/019fe9e3-pro-v1,RED_Ultimate_V1-main/RED_Ultimate/backend-server/src/main/kotlin/com/red/server/auth/AuthExceptionHandler.kt,crlf,False,True,False,True,True
arena/019ff019-pro-v1,RED_Ultimate_V1-main/RED_Ultimate/backend-server/src/main/kotlin/com/red/server/auth/AuthExceptionHandler.kt,crlf,False,True,False,True,True
arena/019ff06b-pro-v1,RED_Ultimate_V1-main/RED_Ultimate/backend-server/src/main/kotlin/com/red/server/auth/AuthExceptionHandler.kt,crlf,False,True,False,True,True
arena/019ff085-pro-v1,RED_Ultimate_V1-main/RED_Ultimate/backend-server/src/main/kotlin/com/red/server/auth/AuthExceptionHandler.kt,crlf,False,True,False,True,True
arena/019ff0c7-pro-v1,RED_Ultimate_V1-main/RED_Ultimate/backend-server/src/main/kotlin/com/red/server/auth/AuthExceptionHandler.kt,crlf,False,True,False,True,True
arena/019ff146-pro-v1,RED_Ultimate_V1-main/RED_Ultimate/backend-server/src/main/kotlin/com/red/server/auth/AuthExceptionHandler.kt,crlf,False,True,False,True,True
arena/019ff178-pro-v1,RED_Ultimate_V1-main/RED_Ultimate/backend-server/src/main/kotlin/com/red/server/auth/AuthExceptionHandler.kt,crlf,False,True,False,True,True
arena/019ff1f9-pro-v1,RED_Ultimate_V1-main/RED_Ultimate/backend-server/src/main/kotlin/com/red/server/auth/AuthExceptionHandler.kt,crlf,False,True,False,True,True
arena/019ff215-pro-v1,RED_Ultimate_V1-main/RED_Ultimate/backend-server/src/main/kotlin/com/red/server/auth/AuthExceptionHandler.kt,crlf,False,True,False,True,True
arena/019ff237-pro-v1,RED_Ultimate_V1-main/RED_Ultimate/backend-server/src/main/kotlin/com/red/server/auth/AuthExceptionHandler.kt,crlf,False,True,False,True,True
arena/019ff422-pro-v1,RED_Ultimate_V1-main/RED_Ultimate/backend-server/src/main/kotlin/com/red/server/auth/AuthExceptionHandler.kt,crlf,False,True,False,True,True
arena/019ff82d-pro-v1,RED_Ultimate_V1-main/RED_Ultimate/backend-server/src/main/kotlin/com/red/server/auth/AuthExceptionHandler.kt,crlf,False,True,False,True,True
arena/019ff859-pro-v1,RED_Ultimate_V1-main/RED_Ultimate/backend-server/src/main/kotlin/com/red/server/auth/AuthExceptionHandler.kt,crlf,False,True,False,True,True
arena/019ff8b4-pro-v1,RED_Ultimate_V1-main/RED_Ultimate/backend-server/src/main/kotlin/com/red/server/auth/AuthExceptionHandler.kt,crlf,False,True,False,True,True
arena/019ff8c7-pro-v1,RED_Ultimate_V1-main/RED_Ultimate/backend-server/src/main/kotlin/com/red/server/auth/AuthExceptionHandler.kt,crlf,False,True,False,True,True
arena/019ff8f2-pro-v1,RED_Ultimate_V1-main/RED_Ultimate/backend-server/src/main/kotlin/com/red/server/auth/AuthExceptionHandler.kt,crlf,False,True,False,True,True
arena/019ffce9-pro-v1,RED_Ultimate_V1-main/RED_Ultimate/backend-server/src/main/kotlin/com/red/server/auth/AuthExceptionHandler.kt,crlf,False,True,False,True,True
arena/019ffd78-pro-v1,RED_Ultimate_V1-main/RED_Ultimate/backend-server/src/main/kotlin/com/red/server/auth/AuthExceptionHandler.kt,crlf,False,True,False,True,True
arena/019ffe92-pro-v1,RED_Ultimate_V1-main/RED_Ultimate/backend-server/src/main/kotlin/com/red/server/auth/AuthExceptionHandler.kt,crlf,False,True,False,True,True
arena/019ffece-pro-v1,RED_Ultimate_V1-main/RED_Ultimate/backend-server/src/main/kotlin/com/red/server/auth/AuthExceptionHandler.kt,crlf,False,True,False,True,True
arena/019fffd5-pro-v1,RED_Ultimate_V1-main/RED_Ultimate/backend-server/src/main/kotlin/com/red/server/auth/AuthExceptionHandler.kt,crlf,False,True,False,True,True
arena/01a0064f-pro-v1,RED_Ultimate_V1-main/RED_Ultimate/backend-server/src/main/kotlin/com/red/server/auth/AuthExceptionHandler.kt,crlf,False,True,False,True,True
arena/01a00f9e-pro-v1,RED_Ultimate_V1-main/RED_Ultimate/backend-server/src/main/kotlin/com/red/server/auth/AuthExceptionHandler.kt,crlf,False,True,False,True,True
chore/platform-rebuild-baseline,RED_Ultimate_V1-main/RED_Ultimate/backend-server/src/main/kotlin/com/red/server/auth/AuthExceptionHandler.kt,crlf,False,True,False,True,True
feat/admin-social-management,RED_Ultimate_V1-main/RED_Ultimate/backend-server/src/main/kotlin/com/red/server/auth/AuthExceptionHandler.kt,crlf,False,True,False,True,True
feat/red-engineering-roadmap-20260820,RED_Ultimate_V1-main/RED_Ultimate/backend-server/src/main/kotlin/com/red/server/auth/AuthExceptionHandler.kt,crlf,False,True,False,True,True
feature/uc2000-ve-sms-browser-audit,RED_Ultimate_V1-main/RED_Ultimate/backend-server/src/main/kotlin/com/red/server/auth/AuthExceptionHandler.kt,crlf,False,True,False,True,True
fix/restore-websocket-registrations,RED_Ultimate_V1-main/RED_Ultimate/backend-server/src/main/kotlin/com/red/server/auth/AuthExceptionHandler.kt,crlf,False,True,False,True,True
revert-37-arena/019ffd78-pro-v1,RED_Ultimate_V1-main/RED_Ultimate/backend-server/src/main/kotlin/com/red/server/auth/AuthExceptionHandler.kt,crlf,False,True,False,True,True
arena/019fe8fa-pro-v1,RED_Ultimate_V1-main/RED_Ultimate/backend-server/src/main/kotlin/com/red/server/auth/RegistrationService.kt,bom,False,False,False,True,True
arena/019fe9e3-pro-v1,RED_Ultimate_V1-main/RED_Ultimate/backend-server/src/main/kotlin/com/red/server/auth/RegistrationService.kt,bom,False,False,False,True,True
arena/019ff019-pro-v1,RED_Ultimate_V1-main/RED_Ultimate/backend-server/src/main/kotlin/com/red/server/auth/RegistrationService.kt,bom,False,False,False,True,True
arena/019ff06b-pro-v1,RED_Ultimate_V1-main/RED_Ultimate/backend-server/src/main/kotlin/com/red/server/auth/RegistrationService.kt,bom,False,False,False,True,True
arena/019ff085-pro-v1,RED_Ultimate_V1-main/RED_Ultimate/backend-server/src/main/kotlin/com/red/server/auth/RegistrationService.kt,bom,False,False,False,True,True
arena/019ff0c7-pro-v1,RED_Ultimate_V1-main/RED_Ultimate/backend-server/src/main/kotlin/com/red/server/auth/RegistrationService.kt,bom,False,False,False,True,True
arena/019ff146-pro-v1,RED_Ultimate_V1-main/RED_Ultimate/backend-server/src/main/kotlin/com/red/server/auth/RegistrationService.kt,bom,False,False,False,True,True
arena/019ff178-pro-v1,RED_Ultimate_V1-main/RED_Ultimate/backend-server/src/main/kotlin/com/red/server/auth/RegistrationService.kt,bom,False,False,False,True,True
arena/019ff1f9-pro-v1,RED_Ultimate_V1-main/RED_Ultimate/backend-server/src/main/kotlin/com/red/server/auth/RegistrationService.kt,bom,False,False,False,True,True
arena/019ff215-pro-v1,RED_Ultimate_V1-main/RED_Ultimate/backend-server/src/main/kotlin/com/red/server/auth/RegistrationService.kt,bom,False,False,False,True,True
arena/019ff237-pro-v1,RED_Ultimate_V1-main/RED_Ultimate/backend-server/src/main/kotlin/com/red/server/auth/RegistrationService.kt,bom,False,False,False,True,True
arena/019ff422-pro-v1,RED_Ultimate_V1-main/RED_Ultimate/backend-server/src/main/kotlin/com/red/server/auth/RegistrationService.kt,bom,False,False,False,True,True
arena/019ff82d-pro-v1,RED_Ultimate_V1-main/RED_Ultimate/backend-server/src/main/kotlin/com/red/server/auth/RegistrationService.kt,bom,False,False,False,True,True
arena/019ff859-pro-v1,RED_Ultimate_V1-main/RED_Ultimate/backend-server/src/main/kotlin/com/red/server/auth/RegistrationService.kt,bom,False,False,False,True,True
arena/019ff8b4-pro-v1,RED_Ultimate_V1-main/RED_Ultimate/backend-server/src/main/kotlin/com/red/server/auth/RegistrationService.kt,bom,False,False,False,True,True
arena/019ff8c7-pro-v1,RED_Ultimate_V1-main/RED_Ultimate/backend-server/src/main/kotlin/com/red/server/auth/RegistrationService.kt,bom,False,False,False,True,True
arena/019ff8f2-pro-v1,RED_Ultimate_V1-main/RED_Ultimate/backend-server/src/main/kotlin/com/red/server/auth/RegistrationService.kt,bom,False,False,False,True,True
arena/019ffce9-pro-v1,RED_Ultimate_V1-main/RED_Ultimate/backend-server/src/main/kotlin/com/red/server/auth/RegistrationService.kt,bom,False,False,False,True,True
arena/019ffd78-pro-v1,RED_Ultimate_V1-main/RED_Ultimate/backend-server/src/main/kotlin/com/red/server/auth/RegistrationService.kt,bom,False,False,False,True,True
arena/019ffe92-pro-v1,RED_Ultimate_V1-main/RED_Ultimate/backend-server/src/main/kotlin/com/red/server/auth/RegistrationService.kt,bom,False,False,False,True,True
arena/019ffece-pro-v1,RED_Ultimate_V1-main/RED_Ultimate/backend-server/src/main/kotlin/com/red/server/auth/RegistrationService.kt,bom,False,False,False,True,True
arena/019fffd5-pro-v1,RED_Ultimate_V1-main/RED_Ultimate/backend-server/src/main/kotlin/com/red/server/auth/RegistrationService.kt,bom,False,False,False,True,True
arena/01a0064f-pro-v1,RED_Ultimate_V1-main/RED_Ultimate/backend-server/src/main/kotlin/com/red/server/auth/RegistrationService.kt,bom,False,False,False,True,True
arena/01a00f9e-pro-v1,RED_Ultimate_V1-main/RED_Ultimate/backend-server/src/main/kotlin/com/red/server/auth/RegistrationService.kt,bom,False,False,False,True,True
chore/platform-rebuild-baseline,RED_Ultimate_V1-main/RED_Ultimate/backend-server/src/main/kotlin/com/red/server/auth/RegistrationService.kt,bom,False,False,False,True,True
feat/admin-social-management,RED_Ultimate_V1-main/RED_Ultimate/backend-server/src/main/kotlin/com/red/server/auth/RegistrationService.kt,bom,False,False,False,True,True
feat/red-engineering-roadmap-20260820,RED_Ultimate_V1-main/RED_Ultimate/backend-server/src/main/kotlin/com/red/server/auth/RegistrationService.kt,bom,False,False,False,True,True
feature/uc2000-ve-sms-browser-audit,RED_Ultimate_V1-main/RED_Ultimate/backend-server/src/main/kotlin/com/red/server/auth/RegistrationService.kt,bom,False,False,False,True,True
fix/restore-websocket-registrations,RED_Ultimate_V1-main/RED_Ultimate/backend-server/src/main/kotlin/com/red/server/auth/RegistrationService.kt,bom,False,False,False,True,True
revert-37-arena/019ffd78-pro-v1,RED_Ultimate_V1-main/RED_Ultimate/backend-server/src/main/kotlin/com/red/server/auth/RegistrationService.kt,bom,False,False,False,True,True
arena/019fe8fa-pro-v1,RED_Ultimate_V1-main/RED_Ultimate/backend-server/src/main/kotlin/com/red/server/auth/repository/UserAccountRepository.kt,"crlf,bom",False,True,False,True,True
arena/019fe9e3-pro-v1,RED_Ultimate_V1-main/RED_Ultimate/backend-server/src/main/kotlin/com/red/server/auth/repository/UserAccountRepository.kt,"crlf,bom",False,True,False,True,True
arena/019ff019-pro-v1,RED_Ultimate_V1-main/RED_Ultimate/backend-server/src/main/kotlin/com/red/server/auth/repository/UserAccountRepository.kt,"crlf,bom",False,True,False,True,True
arena/019ff06b-pro-v1,RED_Ultimate_V1-main/RED_Ultimate/backend-server/src/main/kotlin/com/red/server/auth/repository/UserAccountRepository.kt,"crlf,bom",False,True,False,True,True
arena/019ff085-pro-v1,RED_Ultimate_V1-main/RED_Ultimate/backend-server/src/main/kotlin/com/red/server/auth/repository/UserAccountRepository.kt,"crlf,bom",False,True,False,True,True
arena/019ff0c7-pro-v1,RED_Ultimate_V1-main/RED_Ultimate/backend-server/src/main/kotlin/com/red/server/auth/repository/UserAccountRepository.kt,"crlf,bom",False,True,False,True,True
arena/019ff146-pro-v1,RED_Ultimate_V1-main/RED_Ultimate/backend-server/src/main/kotlin/com/red/server/auth/repository/UserAccountRepository.kt,"crlf,bom",False,True,False,True,True
arena/019ff178-pro-v1,RED_Ultimate_V1-main/RED_Ultimate/backend-server/src/main/kotlin/com/red/server/auth/repository/UserAccountRepository.kt,"crlf,bom",False,True,False,True,True
arena/019ff1f9-pro-v1,RED_Ultimate_V1-main/RED_Ultimate/backend-server/src/main/kotlin/com/red/server/auth/repository/UserAccountRepository.kt,"crlf,bom",False,True,False,True,True
arena/019ff215-pro-v1,RED_Ultimate_V1-main/RED_Ultimate/backend-server/src/main/kotlin/com/red/server/auth/repository/UserAccountRepository.kt,"crlf,bom",False,True,False,True,True
arena/019ff237-pro-v1,RED_Ultimate_V1-main/RED_Ultimate/backend-server/src/main/kotlin/com/red/server/auth/repository/UserAccountRepository.kt,"crlf,bom",False,True,False,True,True
arena/019ff422-pro-v1,RED_Ultimate_V1-main/RED_Ultimate/backend-server/src/main/kotlin/com/red/server/auth/repository/UserAccountRepository.kt,"crlf,bom",False,True,False,True,True
arena/019ff82d-pro-v1,RED_Ultimate_V1-main/RED_Ultimate/backend-server/src/main/kotlin/com/red/server/auth/repository/UserAccountRepository.kt,"crlf,bom",False,True,False,True,True
arena/019ff859-pro-v1,RED_Ultimate_V1-main/RED_Ultimate/backend-server/src/main/kotlin/com/red/server/auth/repository/UserAccountRepository.kt,"crlf,bom",False,True,False,True,True
arena/019ff8b4-pro-v1,RED_Ultimate_V1-main/RED_Ultimate/backend-server/src/main/kotlin/com/red/server/auth/repository/UserAccountRepository.kt,"crlf,bom",False,True,False,True,True
arena/019ff8c7-pro-v1,RED_Ultimate_V1-main/RED_Ultimate/backend-server/src/main/kotlin/com/red/server/auth/repository/UserAccountRepository.kt,"crlf,bom",False,True,False,True,True
arena/019ff8f2-pro-v1,RED_Ultimate_V1-main/RED_Ultimate/backend-server/src/main/kotlin/com/red/server/auth/repository/UserAccountRepository.kt,"crlf,bom",False,True,False,True,True
arena/019ffce9-pro-v1,RED_Ultimate_V1-main/RED_Ultimate/backend-server/src/main/kotlin/com/red/server/auth/repository/UserAccountRepository.kt,"crlf,bom",False,True,False,True,True
arena/019ffd78-pro-v1,RED_Ultimate_V1-main/RED_Ultimate/backend-server/src/main/kotlin/com/red/server/auth/repository/UserAccountRepository.kt,"crlf,bom",False,True,False,True,True
arena/019ffe92-pro-v1,RED_Ultimate_V1-main/RED_Ultimate/backend-server/src/main/kotlin/com/red/server/auth/repository/UserAccountRepository.kt,"crlf,bom",False,True,False,True,True
arena/019ffece-pro-v1,RED_Ultimate_V1-main/RED_Ultimate/backend-server/src/main/kotlin/com/red/server/auth/repository/UserAccountRepository.kt,"crlf,bom",False,True,False,True,True
arena/019fffd5-pro-v1,RED_Ultimate_V1-main/RED_Ultimate/backend-server/src/main/kotlin/com/red/server/auth/repository/UserAccountRepository.kt,"crlf,bom",False,True,False,True,True
arena/01a0064f-pro-v1,RED_Ultimate_V1-main/RED_Ultimate/backend-server/src/main/kotlin/com/red/server/auth/repository/UserAccountRepository.kt,"crlf,bom",False,True,False,True,True
arena/01a00f9e-pro-v1,RED_Ultimate_V1-main/RED_Ultimate/backend-server/src/main/kotlin/com/red/server/auth/repository/UserAccountRepository.kt,"crlf,bom",False,True,False,True,True
chore/platform-rebuild-baseline,RED_Ultimate_V1-main/RED_Ultimate/backend-server/src/main/kotlin/com/red/server/auth/repository/UserAccountRepository.kt,"crlf,bom",False,True,False,True,True
feat/admin-social-management,RED_Ultimate_V1-main/RED_Ultimate/backend-server/src/main/kotlin/com/red/server/auth/repository/UserAccountRepository.kt,"crlf,bom",False,True,False,True,True
feat/red-engineering-roadmap-20260820,RED_Ultimate_V1-main/RED_Ultimate/backend-server/src/main/kotlin/com/red/server/auth/repository/UserAccountRepository.kt,"crlf,bom",False,True,False,True,True
feature/uc2000-ve-sms-browser-audit,RED_Ultimate_V1-main/RED_Ultimate/backend-server/src/main/kotlin/com/red/server/auth/repository/UserAccountRepository.kt,"crlf,bom",False,True,False,True,True
fix/restore-websocket-registrations,RED_Ultimate_V1-main/RED_Ultimate/backend-server/src/main/kotlin/com/red/server/auth/repository/UserAccountRepository.kt,"crlf,bom",False,True,False,True,True
revert-37-arena/019ffd78-pro-v1,RED_Ultimate_V1-main/RED_Ultimate/backend-server/src/main/kotlin/com/red/server/auth/repository/UserAccountRepository.kt,"crlf,bom",False,True,False,True,True
arena/019fe8fa-pro-v1,RED_Ultimate_V1-main/RED_Ultimate/backend-server/src/main/kotlin/com/red/server/auth/security/JwtService.kt,crlf,False,True,False,True,True
arena/019fe9e3-pro-v1,RED_Ultimate_V1-main/RED_Ultimate/backend-server/src/main/kotlin/com/red/server/auth/security/JwtService.kt,crlf,False,True,False,True,True
arena/019ff019-pro-v1,RED_Ultimate_V1-main/RED_Ultimate/backend-server/src/main/kotlin/com/red/server/auth/security/JwtService.kt,crlf,False,True,False,True,True
arena/019ff06b-pro-v1,RED_Ultimate_V1-main/RED_Ultimate/backend-server/src/main/kotlin/com/red/server/auth/security/JwtService.kt,crlf,False,True,False,True,True
arena/019ff085-pro-v1,RED_Ultimate_V1-main/RED_Ultimate/backend-server/src/main/kotlin/com/red/server/auth/security/JwtService.kt,crlf,False,True,False,True,True
arena/019ff0c7-pro-v1,RED_Ultimate_V1-main/RED_Ultimate/backend-server/src/main/kotlin/com/red/server/auth/security/JwtService.kt,crlf,False,True,False,True,True
arena/019ff146-pro-v1,RED_Ultimate_V1-main/RED_Ultimate/backend-server/src/main/kotlin/com/red/server/auth/security/JwtService.kt,crlf,False,True,False,True,True
arena/019ff178-pro-v1,RED_Ultimate_V1-main/RED_Ultimate/backend-server/src/main/kotlin/com/red/server/auth/security/JwtService.kt,crlf,False,True,False,True,True
arena/019ff1f9-pro-v1,RED_Ultimate_V1-main/RED_Ultimate/backend-server/src/main/kotlin/com/red/server/auth/security/JwtService.kt,crlf,False,True,False,True,True
arena/019ff215-pro-v1,RED_Ultimate_V1-main/RED_Ultimate/backend-server/src/main/kotlin/com/red/server/auth/security/JwtService.kt,crlf,False,True,False,True,True
arena/019ff237-pro-v1,RED_Ultimate_V1-main/RED_Ultimate/backend-server/src/main/kotlin/com/red/server/auth/security/JwtService.kt,crlf,False,True,False,True,True
arena/019ff422-pro-v1,RED_Ultimate_V1-main/RED_Ultimate/backend-server/src/main/kotlin/com/red/server/auth/security/JwtService.kt,crlf,False,True,False,True,True
arena/019ff82d-pro-v1,RED_Ultimate_V1-main/RED_Ultimate/backend-server/src/main/kotlin/com/red/server/auth/security/JwtService.kt,crlf,False,True,False,True,True
arena/019ff859-pro-v1,RED_Ultimate_V1-main/RED_Ultimate/backend-server/src/main/kotlin/com/red/server/auth/security/JwtService.kt,crlf,False,True,False,True,True
arena/019ff8b4-pro-v1,RED_Ultimate_V1-main/RED_Ultimate/backend-server/src/main/kotlin/com/red/server/auth/security/JwtService.kt,crlf,False,True,False,True,True
arena/019ff8c7-pro-v1,RED_Ultimate_V1-main/RED_Ultimate/backend-server/src/main/kotlin/com/red/server/auth/security/JwtService.kt,crlf,False,True,False,True,True
arena/019ff8f2-pro-v1,RED_Ultimate_V1-main/RED_Ultimate/backend-server/src/main/kotlin/com/red/server/auth/security/JwtService.kt,crlf,False,True,False,True,True
arena/019ffce9-pro-v1,RED_Ultimate_V1-main/RED_Ultimate/backend-server/src/main/kotlin/com/red/server/auth/security/JwtService.kt,crlf,False,True,False,True,True
arena/019ffd78-pro-v1,RED_Ultimate_V1-main/RED_Ultimate/backend-server/src/main/kotlin/com/red/server/auth/security/JwtService.kt,crlf,False,True,False,True,True
arena/019ffe92-pro-v1,RED_Ultimate_V1-main/RED_Ultimate/backend-server/src/main/kotlin/com/red/server/auth/security/JwtService.kt,crlf,False,True,False,True,True
arena/019ffece-pro-v1,RED_Ultimate_V1-main/RED_Ultimate/backend-server/src/main/kotlin/com/red/server/auth/security/JwtService.kt,crlf,False,True,False,True,True
arena/019fffd5-pro-v1,RED_Ultimate_V1-main/RED_Ultimate/backend-server/src/main/kotlin/com/red/server/auth/security/JwtService.kt,crlf,False,True,False,True,True
arena/01a0064f-pro-v1,RED_Ultimate_V1-main/RED_Ultimate/backend-server/src/main/kotlin/com/red/server/auth/security/JwtService.kt,crlf,False,True,False,True,True
arena/01a00f9e-pro-v1,RED_Ultimate_V1-main/RED_Ultimate/backend-server/src/main/kotlin/com/red/server/auth/security/JwtService.kt,crlf,False,True,False,True,True
chore/platform-rebuild-baseline,RED_Ultimate_V1-main/RED_Ultimate/backend-server/src/main/kotlin/com/red/server/auth/security/JwtService.kt,crlf,False,True,False,True,True
feat/admin-social-management,RED_Ultimate_V1-main/RED_Ultimate/backend-server/src/main/kotlin/com/red/server/auth/security/JwtService.kt,crlf,False,True,False,True,True
feat/red-engineering-roadmap-20260820,RED_Ultimate_V1-main/RED_Ultimate/backend-server/src/main/kotlin/com/red/server/auth/security/JwtService.kt,crlf,False,True,False,True,True
feature/uc2000-ve-sms-browser-audit,RED_Ultimate_V1-main/RED_Ultimate/backend-server/src/main/kotlin/com/red/server/auth/security/JwtService.kt,crlf,False,True,False,True,True
fix/restore-websocket-registrations,RED_Ultimate_V1-main/RED_Ultimate/backend-server/src/main/kotlin/com/red/server/auth/security/JwtService.kt,crlf,False,True,False,True,True
revert-37-arena/019ffd78-pro-v1,RED_Ultimate_V1-main/RED_Ultimate/backend-server/src/main/kotlin/com/red/server/auth/security/JwtService.kt,crlf,False,True,False,True,True
arena/019fe8fa-pro-v1,RED_Ultimate_V1-main/RED_Ultimate/backend-server/src/main/kotlin/com/red/server/calls/CallHistoryController.kt,crlf,False,True,False,True,True
arena/019fe9e3-pro-v1,RED_Ultimate_V1-main/RED_Ultimate/backend-server/src/main/kotlin/com/red/server/calls/CallHistoryController.kt,crlf,False,True,False,True,True
arena/019ff019-pro-v1,RED_Ultimate_V1-main/RED_Ultimate/backend-server/src/main/kotlin/com/red/server/calls/CallHistoryController.kt,crlf,False,True,False,True,True
arena/019ff06b-pro-v1,RED_Ultimate_V1-main/RED_Ultimate/backend-server/src/main/kotlin/com/red/server/calls/CallHistoryController.kt,crlf,False,True,False,True,True
arena/019ff085-pro-v1,RED_Ultimate_V1-main/RED_Ultimate/backend-server/src/main/kotlin/com/red/server/calls/CallHistoryController.kt,crlf,False,True,False,True,True
arena/019ff0c7-pro-v1,RED_Ultimate_V1-main/RED_Ultimate/backend-server/src/main/kotlin/com/red/server/calls/CallHistoryController.kt,crlf,False,True,False,True,True
arena/019ff146-pro-v1,RED_Ultimate_V1-main/RED_Ultimate/backend-server/src/main/kotlin/com/red/server/calls/CallHistoryController.kt,crlf,False,True,False,True,True
arena/019ff178-pro-v1,RED_Ultimate_V1-main/RED_Ultimate/backend-server/src/main/kotlin/com/red/server/calls/CallHistoryController.kt,crlf,False,True,False,True,True
arena/019ff1f9-pro-v1,RED_Ultimate_V1-main/RED_Ultimate/backend-server/src/main/kotlin/com/red/server/calls/CallHistoryController.kt,crlf,False,True,False,True,True
arena/019ff215-pro-v1,RED_Ultimate_V1-main/RED_Ultimate/backend-server/src/main/kotlin/com/red/server/calls/CallHistoryController.kt,crlf,False,True,False,True,True
arena/019ff237-pro-v1,RED_Ultimate_V1-main/RED_Ultimate/backend-server/src/main/kotlin/com/red/server/calls/CallHistoryController.kt,crlf,False,True,False,True,True
arena/019ff422-pro-v1,RED_Ultimate_V1-main/RED_Ultimate/backend-server/src/main/kotlin/com/red/server/calls/CallHistoryController.kt,crlf,False,True,False,True,True
arena/019ff82d-pro-v1,RED_Ultimate_V1-main/RED_Ultimate/backend-server/src/main/kotlin/com/red/server/calls/CallHistoryController.kt,crlf,False,True,False,True,True
arena/019ff859-pro-v1,RED_Ultimate_V1-main/RED_Ultimate/backend-server/src/main/kotlin/com/red/server/calls/CallHistoryController.kt,crlf,False,True,False,True,True
arena/019ff8b4-pro-v1,RED_Ultimate_V1-main/RED_Ultimate/backend-server/src/main/kotlin/com/red/server/calls/CallHistoryController.kt,crlf,False,True,False,True,True
arena/019ff8c7-pro-v1,RED_Ultimate_V1-main/RED_Ultimate/backend-server/src/main/kotlin/com/red/server/calls/CallHistoryController.kt,crlf,False,True,False,True,True
arena/019ff8f2-pro-v1,RED_Ultimate_V1-main/RED_Ultimate/backend-server/src/main/kotlin/com/red/server/calls/CallHistoryController.kt,crlf,False,True,False,True,True
arena/019ffce9-pro-v1,RED_Ultimate_V1-main/RED_Ultimate/backend-server/src/main/kotlin/com/red/server/calls/CallHistoryController.kt,crlf,False,True,False,True,True
arena/019ffd78-pro-v1,RED_Ultimate_V1-main/RED_Ultimate/backend-server/src/main/kotlin/com/red/server/calls/CallHistoryController.kt,crlf,False,True,False,True,True
arena/019ffe92-pro-v1,RED_Ultimate_V1-main/RED_Ultimate/backend-server/src/main/kotlin/com/red/server/calls/CallHistoryController.kt,crlf,False,True,False,True,True
arena/019ffece-pro-v1,RED_Ultimate_V1-main/RED_Ultimate/backend-server/src/main/kotlin/com/red/server/calls/CallHistoryController.kt,crlf,False,True,False,True,True
arena/019fffd5-pro-v1,RED_Ultimate_V1-main/RED_Ultimate/backend-server/src/main/kotlin/com/red/server/calls/CallHistoryController.kt,crlf,False,True,False,True,True
arena/01a0064f-pro-v1,RED_Ultimate_V1-main/RED_Ultimate/backend-server/src/main/kotlin/com/red/server/calls/CallHistoryController.kt,crlf,False,True,False,True,True
arena/01a00f9e-pro-v1,RED_Ultimate_V1-main/RED_Ultimate/backend-server/src/main/kotlin/com/red/server/calls/CallHistoryController.kt,crlf,False,True,False,True,True
chore/platform-rebuild-baseline,RED_Ultimate_V1-main/RED_Ultimate/backend-server/src/main/kotlin/com/red/server/calls/CallHistoryController.kt,crlf,False,True,False,True,True
feat/admin-social-management,RED_Ultimate_V1-main/RED_Ultimate/backend-server/src/main/kotlin/com/red/server/calls/CallHistoryController.kt,crlf,False,True,False,True,True
feat/red-engineering-roadmap-20260820,RED_Ultimate_V1-main/RED_Ultimate/backend-server/src/main/kotlin/com/red/server/calls/CallHistoryController.kt,crlf,False,True,False,True,True
feature/uc2000-ve-sms-browser-audit,RED_Ultimate_V1-main/RED_Ultimate/backend-server/src/main/kotlin/com/red/server/calls/CallHistoryController.kt,crlf,False,True,False,True,True
fix/restore-websocket-registrations,RED_Ultimate_V1-main/RED_Ultimate/backend-server/src/main/kotlin/com/red/server/calls/CallHistoryController.kt,crlf,False,True,False,True,True
revert-37-arena/019ffd78-pro-v1,RED_Ultimate_V1-main/RED_Ultimate/backend-server/src/main/kotlin/com/red/server/calls/CallHistoryController.kt,crlf,False,True,False,True,True
arena/019ff82d-pro-v1,RED_Ultimate_V1-main/RED_Ultimate/backend-server/src/main/kotlin/com/red/server/calls/CallRingExpiryJob.kt,crlf,False,True,False,True,True
arena/019ff8b4-pro-v1,RED_Ultimate_V1-main/RED_Ultimate/backend-server/src/main/kotlin/com/red/server/calls/CallRingExpiryJob.kt,crlf,False,True,False,True,True
arena/019ff8c7-pro-v1,RED_Ultimate_V1-main/RED_Ultimate/backend-server/src/main/kotlin/com/red/server/calls/CallRingExpiryJob.kt,crlf,False,True,False,True,True
arena/019ff8f2-pro-v1,RED_Ultimate_V1-main/RED_Ultimate/backend-server/src/main/kotlin/com/red/server/calls/CallRingExpiryJob.kt,crlf,False,True,False,True,True
arena/019ffce9-pro-v1,RED_Ultimate_V1-main/RED_Ultimate/backend-server/src/main/kotlin/com/red/server/calls/CallRingExpiryJob.kt,crlf,False,True,False,True,True
arena/019ffd78-pro-v1,RED_Ultimate_V1-main/RED_Ultimate/backend-server/src/main/kotlin/com/red/server/calls/CallRingExpiryJob.kt,crlf,False,True,False,True,True
arena/019ffe92-pro-v1,RED_Ultimate_V1-main/RED_Ultimate/backend-server/src/main/kotlin/com/red/server/calls/CallRingExpiryJob.kt,crlf,False,True,False,True,True
arena/019ffece-pro-v1,RED_Ultimate_V1-main/RED_Ultimate/backend-server/src/main/kotlin/com/red/server/calls/CallRingExpiryJob.kt,crlf,False,True,False,True,True
arena/019fffd5-pro-v1,RED_Ultimate_V1-main/RED_Ultimate/backend-server/src/main/kotlin/com/red/server/calls/CallRingExpiryJob.kt,crlf,False,True,False,True,True
arena/01a0064f-pro-v1,RED_Ultimate_V1-main/RED_Ultimate/backend-server/src/main/kotlin/com/red/server/calls/CallRingExpiryJob.kt,crlf,False,True,False,True,True
arena/01a00f9e-pro-v1,RED_Ultimate_V1-main/RED_Ultimate/backend-server/src/main/kotlin/com/red/server/calls/CallRingExpiryJob.kt,crlf,False,True,False,True,True
chore/platform-rebuild-baseline,RED_Ultimate_V1-main/RED_Ultimate/backend-server/src/main/kotlin/com/red/server/calls/CallRingExpiryJob.kt,crlf,False,True,False,True,True
feat/admin-social-management,RED_Ultimate_V1-main/RED_Ultimate/backend-server/src/main/kotlin/com/red/server/calls/CallRingExpiryJob.kt,crlf,False,True,False,True,True
feat/red-engineering-roadmap-20260820,RED_Ultimate_V1-main/RED_Ultimate/backend-server/src/main/kotlin/com/red/server/calls/CallRingExpiryJob.kt,crlf,False,True,False,True,True
feature/uc2000-ve-sms-browser-audit,RED_Ultimate_V1-main/RED_Ultimate/backend-server/src/main/kotlin/com/red/server/calls/CallRingExpiryJob.kt,crlf,False,True,False,True,True
fix/restore-websocket-registrations,RED_Ultimate_V1-main/RED_Ultimate/backend-server/src/main/kotlin/com/red/server/calls/CallRingExpiryJob.kt,crlf,False,True,False,True,True
revert-37-arena/019ffd78-pro-v1,RED_Ultimate_V1-main/RED_Ultimate/backend-server/src/main/kotlin/com/red/server/calls/CallRingExpiryJob.kt,crlf,False,True,False,True,True
arena/019fe8fa-pro-v1,RED_Ultimate_V1-main/RED_Ultimate/backend-server/src/main/kotlin/com/red/server/calls/LiveStreamService.kt,trailing_ws,False,False,False,True,True
arena/019fe9e3-pro-v1,RED_Ultimate_V1-main/RED_Ultimate/backend-server/src/main/kotlin/com/red/server/calls/LiveStreamService.kt,trailing_ws,False,False,False,True,True
arena/019ff019-pro-v1,RED_Ultimate_V1-main/RED_Ultimate/backend-server/src/main/kotlin/com/red/server/calls/LiveStreamService.kt,trailing_ws,False,False,False,True,True
arena/019ff06b-pro-v1,RED_Ultimate_V1-main/RED_Ultimate/backend-server/src/main/kotlin/com/red/server/calls/LiveStreamService.kt,trailing_ws,False,False,False,True,True
arena/019ff085-pro-v1,RED_Ultimate_V1-main/RED_Ultimate/backend-server/src/main/kotlin/com/red/server/calls/LiveStreamService.kt,trailing_ws,False,False,False,True,True
arena/019ff0c7-pro-v1,RED_Ultimate_V1-main/RED_Ultimate/backend-server/src/main/kotlin/com/red/server/calls/LiveStreamService.kt,trailing_ws,False,False,False,True,True
arena/019ff146-pro-v1,RED_Ultimate_V1-main/RED_Ultimate/backend-server/src/main/kotlin/com/red/server/calls/LiveStreamService.kt,trailing_ws,False,False,False,True,True
arena/019ff178-pro-v1,RED_Ultimate_V1-main/RED_Ultimate/backend-server/src/main/kotlin/com/red/server/calls/LiveStreamService.kt,trailing_ws,False,False,False,True,True
arena/019ff1f9-pro-v1,RED_Ultimate_V1-main/RED_Ultimate/backend-server/src/main/kotlin/com/red/server/calls/LiveStreamService.kt,trailing_ws,False,False,False,True,True
arena/019ff215-pro-v1,RED_Ultimate_V1-main/RED_Ultimate/backend-server/src/main/kotlin/com/red/server/calls/LiveStreamService.kt,trailing_ws,False,False,False,True,True
arena/019ff237-pro-v1,RED_Ultimate_V1-main/RED_Ultimate/backend-server/src/main/kotlin/com/red/server/calls/LiveStreamService.kt,trailing_ws,False,False,False,True,True
arena/019ff422-pro-v1,RED_Ultimate_V1-main/RED_Ultimate/backend-server/src/main/kotlin/com/red/server/calls/LiveStreamService.kt,trailing_ws,False,False,False,True,True
arena/019ff82d-pro-v1,RED_Ultimate_V1-main/RED_Ultimate/backend-server/src/main/kotlin/com/red/server/calls/LiveStreamService.kt,trailing_ws,False,False,False,True,True
arena/019ff859-pro-v1,RED_Ultimate_V1-main/RED_Ultimate/backend-server/src/main/kotlin/com/red/server/calls/LiveStreamService.kt,trailing_ws,False,False,False,True,True
arena/019ff8b4-pro-v1,RED_Ultimate_V1-main/RED_Ultimate/backend-server/src/main/kotlin/com/red/server/calls/LiveStreamService.kt,trailing_ws,False,False,False,True,True
arena/019ff8c7-pro-v1,RED_Ultimate_V1-main/RED_Ultimate/backend-server/src/main/kotlin/com/red/server/calls/LiveStreamService.kt,trailing_ws,False,False,False,True,True
arena/019ff8f2-pro-v1,RED_Ultimate_V1-main/RED_Ultimate/backend-server/src/main/kotlin/com/red/server/calls/LiveStreamService.kt,trailing_ws,False,False,False,True,True
arena/019ffce9-pro-v1,RED_Ultimate_V1-main/RED_Ultimate/backend-server/src/main/kotlin/com/red/server/calls/LiveStreamService.kt,trailing_ws,False,False,False,True,True
arena/019ffd78-pro-v1,RED_Ultimate_V1-main/RED_Ultimate/backend-server/src/main/kotlin/com/red/server/calls/LiveStreamService.kt,trailing_ws,False,False,False,True,True
arena/019ffe92-pro-v1,RED_Ultimate_V1-main/RED_Ultimate/backend-server/src/main/kotlin/com/red/server/calls/LiveStreamService.kt,trailing_ws,False,False,False,True,True
arena/019ffece-pro-v1,RED_Ultimate_V1-main/RED_Ultimate/backend-server/src/main/kotlin/com/red/server/calls/LiveStreamService.kt,trailing_ws,False,False,False,True,True
arena/019fffd5-pro-v1,RED_Ultimate_V1-main/RED_Ultimate/backend-server/src/main/kotlin/com/red/server/calls/LiveStreamService.kt,trailing_ws,False,False,False,True,True
arena/01a0064f-pro-v1,RED_Ultimate_V1-main/RED_Ultimate/backend-server/src/main/kotlin/com/red/server/calls/LiveStreamService.kt,trailing_ws,False,False,False,True,True
arena/01a00f9e-pro-v1,RED_Ultimate_V1-main/RED_Ultimate/backend-server/src/main/kotlin/com/red/server/calls/LiveStreamService.kt,trailing_ws,False,False,False,True,True
chore/platform-rebuild-baseline,RED_Ultimate_V1-main/RED_Ultimate/backend-server/src/main/kotlin/com/red/server/calls/LiveStreamService.kt,trailing_ws,False,False,False,True,True
feat/admin-social-management,RED_Ultimate_V1-main/RED_Ultimate/backend-server/src/main/kotlin/com/red/server/calls/LiveStreamService.kt,trailing_ws,False,False,False,True,True
feat/red-engineering-roadmap-20260820,RED_Ultimate_V1-main/RED_Ultimate/backend-server/src/main/kotlin/com/red/server/calls/LiveStreamService.kt,trailing_ws,False,False,False,True,True
feature/uc2000-ve-sms-browser-audit,RED_Ultimate_V1-main/RED_Ultimate/backend-server/src/main/kotlin/com/red/server/calls/LiveStreamService.kt,trailing_ws,False,False,False,True,True
fix/restore-websocket-registrations,RED_Ultimate_V1-main/RED_Ultimate/backend-server/src/main/kotlin/com/red/server/calls/LiveStreamService.kt,trailing_ws,False,False,False,True,True
revert-37-arena/019ffd78-pro-v1,RED_Ultimate_V1-main/RED_Ultimate/backend-server/src/main/kotlin/com/red/server/calls/LiveStreamService.kt,trailing_ws,False,False,False,True,True
arena/019ffece-pro-v1,RED_Ultimate_V1-main/RED_Ultimate/backend-server/src/main/kotlin/com/red/server/controllers/CdrAnalysisController.kt,trailing_ws,False,False,False,True,True
arena/01a0064f-pro-v1,RED_Ultimate_V1-main/RED_Ultimate/backend-server/src/main/kotlin/com/red/server/controllers/CdrAnalysisController.kt,trailing_ws,False,False,False,True,True
arena/019fe8fa-pro-v1,RED_Ultimate_V1-main/RED_Ultimate/backend-server/src/main/kotlin/com/red/server/controllers/DinstarController.kt,crlf,False,True,False,True,True
arena/019fe9e3-pro-v1,RED_Ultimate_V1-main/RED_Ultimate/backend-server/src/main/kotlin/com/red/server/controllers/DinstarController.kt,crlf,False,True,False,True,True
arena/019ff019-pro-v1,RED_Ultimate_V1-main/RED_Ultimate/backend-server/src/main/kotlin/com/red/server/controllers/DinstarController.kt,crlf,False,True,False,True,True
arena/019ff06b-pro-v1,RED_Ultimate_V1-main/RED_Ultimate/backend-server/src/main/kotlin/com/red/server/controllers/DinstarController.kt,crlf,False,True,False,True,True
arena/019ff085-pro-v1,RED_Ultimate_V1-main/RED_Ultimate/backend-server/src/main/kotlin/com/red/server/controllers/DinstarController.kt,crlf,False,True,False,True,True
arena/019ff0c7-pro-v1,RED_Ultimate_V1-main/RED_Ultimate/backend-server/src/main/kotlin/com/red/server/controllers/DinstarController.kt,crlf,False,True,False,True,True
arena/019ff146-pro-v1,RED_Ultimate_V1-main/RED_Ultimate/backend-server/src/main/kotlin/com/red/server/controllers/DinstarController.kt,crlf,False,True,False,True,True
arena/019ff178-pro-v1,RED_Ultimate_V1-main/RED_Ultimate/backend-server/src/main/kotlin/com/red/server/controllers/DinstarController.kt,crlf,False,True,False,True,True
arena/019ff1f9-pro-v1,RED_Ultimate_V1-main/RED_Ultimate/backend-server/src/main/kotlin/com/red/server/controllers/DinstarController.kt,crlf,False,True,False,True,True
arena/019ff215-pro-v1,RED_Ultimate_V1-main/RED_Ultimate/backend-server/src/main/kotlin/com/red/server/controllers/DinstarController.kt,crlf,False,True,False,True,True
arena/019ff237-pro-v1,RED_Ultimate_V1-main/RED_Ultimate/backend-server/src/main/kotlin/com/red/server/controllers/DinstarController.kt,crlf,False,True,False,True,True
arena/019ff422-pro-v1,RED_Ultimate_V1-main/RED_Ultimate/backend-server/src/main/kotlin/com/red/server/controllers/DinstarController.kt,crlf,False,True,False,True,True
arena/019ff82d-pro-v1,RED_Ultimate_V1-main/RED_Ultimate/backend-server/src/main/kotlin/com/red/server/controllers/DinstarController.kt,crlf,False,True,False,True,True
arena/019ff859-pro-v1,RED_Ultimate_V1-main/RED_Ultimate/backend-server/src/main/kotlin/com/red/server/controllers/DinstarController.kt,crlf,False,True,False,True,True
arena/019ff8b4-pro-v1,RED_Ultimate_V1-main/RED_Ultimate/backend-server/src/main/kotlin/com/red/server/controllers/DinstarController.kt,crlf,False,True,False,True,True
arena/019ff8c7-pro-v1,RED_Ultimate_V1-main/RED_Ultimate/backend-server/src/main/kotlin/com/red/server/controllers/DinstarController.kt,crlf,False,True,False,True,True
arena/019ff8f2-pro-v1,RED_Ultimate_V1-main/RED_Ultimate/backend-server/src/main/kotlin/com/red/server/controllers/DinstarController.kt,crlf,False,True,False,True,True
arena/019ffce9-pro-v1,RED_Ultimate_V1-main/RED_Ultimate/backend-server/src/main/kotlin/com/red/server/controllers/DinstarController.kt,crlf,False,True,False,True,True
arena/019ffd78-pro-v1,RED_Ultimate_V1-main/RED_Ultimate/backend-server/src/main/kotlin/com/red/server/controllers/DinstarController.kt,crlf,False,True,False,True,True
arena/019ffe92-pro-v1,RED_Ultimate_V1-main/RED_Ultimate/backend-server/src/main/kotlin/com/red/server/controllers/DinstarController.kt,crlf,False,True,False,True,True
arena/019ffece-pro-v1,RED_Ultimate_V1-main/RED_Ultimate/backend-server/src/main/kotlin/com/red/server/controllers/DinstarController.kt,crlf,False,True,False,True,True
arena/019fffd5-pro-v1,RED_Ultimate_V1-main/RED_Ultimate/backend-server/src/main/kotlin/com/red/server/controllers/DinstarController.kt,crlf,False,True,False,True,True
arena/01a0064f-pro-v1,RED_Ultimate_V1-main/RED_Ultimate/backend-server/src/main/kotlin/com/red/server/controllers/DinstarController.kt,crlf,False,True,False,True,True
arena/01a00f9e-pro-v1,RED_Ultimate_V1-main/RED_Ultimate/backend-server/src/main/kotlin/com/red/server/controllers/DinstarController.kt,crlf,False,True,False,True,True
chore/platform-rebuild-baseline,RED_Ultimate_V1-main/RED_Ultimate/backend-server/src/main/kotlin/com/red/server/controllers/DinstarController.kt,crlf,False,True,False,True,True
feat/admin-social-management,RED_Ultimate_V1-main/RED_Ultimate/backend-server/src/main/kotlin/com/red/server/controllers/DinstarController.kt,crlf,False,True,False,True,True
feat/red-engineering-roadmap-20260820,RED_Ultimate_V1-main/RED_Ultimate/backend-server/src/main/kotlin/com/red/server/controllers/DinstarController.kt,crlf,False,True,False,True,True
feature/uc2000-ve-sms-browser-audit,RED_Ultimate_V1-main/RED_Ultimate/backend-server/src/main/kotlin/com/red/server/controllers/DinstarController.kt,crlf,False,True,False,True,True
fix/restore-websocket-registrations,RED_Ultimate_V1-main/RED_Ultimate/backend-server/src/main/kotlin/com/red/server/controllers/DinstarController.kt,crlf,False,True,False,True,True
revert-37-arena/019ffd78-pro-v1,RED_Ultimate_V1-main/RED_Ultimate/backend-server/src/main/kotlin/com/red/server/controllers/DinstarController.kt,crlf,False,True,False,True,True
arena/019fe8fa-pro-v1,RED_Ultimate_V1-main/RED_Ultimate/backend-server/src/main/kotlin/com/red/server/controllers/DinstarSmsController.kt,"crlf,bom",False,True,False,True,True
arena/019fe9e3-pro-v1,RED_Ultimate_V1-main/RED_Ultimate/backend-server/src/main/kotlin/com/red/server/controllers/DinstarSmsController.kt,"crlf,bom",False,True,False,True,True
arena/019ff019-pro-v1,RED_Ultimate_V1-main/RED_Ultimate/backend-server/src/main/kotlin/com/red/server/controllers/DinstarSmsController.kt,"crlf,bom",False,True,False,True,True
arena/019ff06b-pro-v1,RED_Ultimate_V1-main/RED_Ultimate/backend-server/src/main/kotlin/com/red/server/controllers/DinstarSmsController.kt,"crlf,bom",False,True,False,True,True
arena/019ff085-pro-v1,RED_Ultimate_V1-main/RED_Ultimate/backend-server/src/main/kotlin/com/red/server/controllers/DinstarSmsController.kt,"crlf,bom",False,True,False,True,True
arena/019ff0c7-pro-v1,RED_Ultimate_V1-main/RED_Ultimate/backend-server/src/main/kotlin/com/red/server/controllers/DinstarSmsController.kt,"crlf,bom",False,True,False,True,True
arena/019ff146-pro-v1,RED_Ultimate_V1-main/RED_Ultimate/backend-server/src/main/kotlin/com/red/server/controllers/DinstarSmsController.kt,"crlf,bom",False,True,False,True,True
arena/019ff178-pro-v1,RED_Ultimate_V1-main/RED_Ultimate/backend-server/src/main/kotlin/com/red/server/controllers/DinstarSmsController.kt,"crlf,bom",False,True,False,True,True
arena/019ff1f9-pro-v1,RED_Ultimate_V1-main/RED_Ultimate/backend-server/src/main/kotlin/com/red/server/controllers/DinstarSmsController.kt,"crlf,bom",False,True,False,True,True
arena/019ff215-pro-v1,RED_Ultimate_V1-main/RED_Ultimate/backend-server/src/main/kotlin/com/red/server/controllers/DinstarSmsController.kt,"crlf,bom",False,True,False,True,True
arena/019ff237-pro-v1,RED_Ultimate_V1-main/RED_Ultimate/backend-server/src/main/kotlin/com/red/server/controllers/DinstarSmsController.kt,"crlf,bom",False,True,False,True,True
arena/019ff422-pro-v1,RED_Ultimate_V1-main/RED_Ultimate/backend-server/src/main/kotlin/com/red/server/controllers/DinstarSmsController.kt,"crlf,bom",False,True,False,True,True
arena/019ff82d-pro-v1,RED_Ultimate_V1-main/RED_Ultimate/backend-server/src/main/kotlin/com/red/server/controllers/DinstarSmsController.kt,"crlf,bom",False,True,False,True,True
arena/019ff859-pro-v1,RED_Ultimate_V1-main/RED_Ultimate/backend-server/src/main/kotlin/com/red/server/controllers/DinstarSmsController.kt,"crlf,bom",False,True,False,True,True
arena/019ff8b4-pro-v1,RED_Ultimate_V1-main/RED_Ultimate/backend-server/src/main/kotlin/com/red/server/controllers/DinstarSmsController.kt,"crlf,bom",False,True,False,True,True
arena/019ff8c7-pro-v1,RED_Ultimate_V1-main/RED_Ultimate/backend-server/src/main/kotlin/com/red/server/controllers/DinstarSmsController.kt,"crlf,bom",False,True,False,True,True
arena/019ff8f2-pro-v1,RED_Ultimate_V1-main/RED_Ultimate/backend-server/src/main/kotlin/com/red/server/controllers/DinstarSmsController.kt,"crlf,bom",False,True,False,True,True
arena/019ffce9-pro-v1,RED_Ultimate_V1-main/RED_Ultimate/backend-server/src/main/kotlin/com/red/server/controllers/DinstarSmsController.kt,"crlf,bom",False,True,False,True,True
arena/019ffd78-pro-v1,RED_Ultimate_V1-main/RED_Ultimate/backend-server/src/main/kotlin/com/red/server/controllers/DinstarSmsController.kt,"crlf,bom",False,True,False,True,True
arena/019ffe92-pro-v1,RED_Ultimate_V1-main/RED_Ultimate/backend-server/src/main/kotlin/com/red/server/controllers/DinstarSmsController.kt,"crlf,bom",False,True,False,True,True
arena/019ffece-pro-v1,RED_Ultimate_V1-main/RED_Ultimate/backend-server/src/main/kotlin/com/red/server/controllers/DinstarSmsController.kt,"crlf,bom",False,True,False,True,True
arena/019fffd5-pro-v1,RED_Ultimate_V1-main/RED_Ultimate/backend-server/src/main/kotlin/com/red/server/controllers/DinstarSmsController.kt,"crlf,bom",False,True,False,True,True
arena/01a0064f-pro-v1,RED_Ultimate_V1-main/RED_Ultimate/backend-server/src/main/kotlin/com/red/server/controllers/DinstarSmsController.kt,"crlf,bom",False,True,False,True,True
arena/01a00f9e-pro-v1,RED_Ultimate_V1-main/RED_Ultimate/backend-server/src/main/kotlin/com/red/server/controllers/DinstarSmsController.kt,"crlf,bom",False,True,False,True,True
chore/platform-rebuild-baseline,RED_Ultimate_V1-main/RED_Ultimate/backend-server/src/main/kotlin/com/red/server/controllers/DinstarSmsController.kt,"crlf,bom,trailing_ws",False,True,False,True,True
feat/admin-social-management,RED_Ultimate_V1-main/RED_Ultimate/backend-server/src/main/kotlin/com/red/server/controllers/DinstarSmsController.kt,"crlf,bom",False,True,False,True,True
feat/red-engineering-roadmap-20260820,RED_Ultimate_V1-main/RED_Ultimate/backend-server/src/main/kotlin/com/red/server/controllers/DinstarSmsController.kt,"crlf,bom",False,True,False,True,True
feature/uc2000-ve-sms-browser-audit,RED_Ultimate_V1-main/RED_Ultimate/backend-server/src/main/kotlin/com/red/server/controllers/DinstarSmsController.kt,"crlf,bom",False,True,False,True,True
fix/restore-websocket-registrations,RED_Ultimate_V1-main/RED_Ultimate/backend-server/src/main/kotlin/com/red/server/controllers/DinstarSmsController.kt,"crlf,bom",False,True,False,True,True
revert-37-arena/019ffd78-pro-v1,RED_Ultimate_V1-main/RED_Ultimate/backend-server/src/main/kotlin/com/red/server/controllers/DinstarSmsController.kt,"crlf,bom",False,True,False,True,True
arena/019fe8fa-pro-v1,RED_Ultimate_V1-main/RED_Ultimate/backend-server/src/main/kotlin/com/red/server/controllers/HealthController.kt,final_nl,False,False,False,False,True
arena/019fe9e3-pro-v1,RED_Ultimate_V1-main/RED_Ultimate/backend-server/src/main/kotlin/com/red/server/controllers/HealthController.kt,final_nl,False,False,False,False,True
arena/019ff019-pro-v1,RED_Ultimate_V1-main/RED_Ultimate/backend-server/src/main/kotlin/com/red/server/controllers/HealthController.kt,final_nl,False,False,False,False,True
arena/019ff06b-pro-v1,RED_Ultimate_V1-main/RED_Ultimate/backend-server/src/main/kotlin/com/red/server/controllers/HealthController.kt,final_nl,False,False,False,False,True
arena/019ff085-pro-v1,RED_Ultimate_V1-main/RED_Ultimate/backend-server/src/main/kotlin/com/red/server/controllers/HealthController.kt,final_nl,False,False,False,False,True
arena/019ff0c7-pro-v1,RED_Ultimate_V1-main/RED_Ultimate/backend-server/src/main/kotlin/com/red/server/controllers/HealthController.kt,final_nl,False,False,False,False,True
arena/019ff146-pro-v1,RED_Ultimate_V1-main/RED_Ultimate/backend-server/src/main/kotlin/com/red/server/controllers/HealthController.kt,final_nl,False,False,False,False,True
arena/019ff178-pro-v1,RED_Ultimate_V1-main/RED_Ultimate/backend-server/src/main/kotlin/com/red/server/controllers/HealthController.kt,final_nl,False,False,False,False,True
arena/019ff1f9-pro-v1,RED_Ultimate_V1-main/RED_Ultimate/backend-server/src/main/kotlin/com/red/server/controllers/HealthController.kt,final_nl,False,False,False,False,True
arena/019ff215-pro-v1,RED_Ultimate_V1-main/RED_Ultimate/backend-server/src/main/kotlin/com/red/server/controllers/HealthController.kt,final_nl,False,False,False,False,True
arena/019ff237-pro-v1,RED_Ultimate_V1-main/RED_Ultimate/backend-server/src/main/kotlin/com/red/server/controllers/HealthController.kt,final_nl,False,False,False,False,True
arena/019ff422-pro-v1,RED_Ultimate_V1-main/RED_Ultimate/backend-server/src/main/kotlin/com/red/server/controllers/HealthController.kt,final_nl,False,False,False,False,True
arena/019ff82d-pro-v1,RED_Ultimate_V1-main/RED_Ultimate/backend-server/src/main/kotlin/com/red/server/controllers/HealthController.kt,final_nl,False,False,False,False,True
arena/019ff859-pro-v1,RED_Ultimate_V1-main/RED_Ultimate/backend-server/src/main/kotlin/com/red/server/controllers/HealthController.kt,final_nl,False,False,False,False,True
arena/019ff8b4-pro-v1,RED_Ultimate_V1-main/RED_Ultimate/backend-server/src/main/kotlin/com/red/server/controllers/HealthController.kt,final_nl,False,False,False,False,True
arena/019ff8c7-pro-v1,RED_Ultimate_V1-main/RED_Ultimate/backend-server/src/main/kotlin/com/red/server/controllers/HealthController.kt,final_nl,False,False,False,False,True
arena/019ff8f2-pro-v1,RED_Ultimate_V1-main/RED_Ultimate/backend-server/src/main/kotlin/com/red/server/controllers/HealthController.kt,final_nl,False,False,False,False,True
arena/019ffce9-pro-v1,RED_Ultimate_V1-main/RED_Ultimate/backend-server/src/main/kotlin/com/red/server/controllers/HealthController.kt,final_nl,False,False,False,False,True
arena/019ffd78-pro-v1,RED_Ultimate_V1-main/RED_Ultimate/backend-server/src/main/kotlin/com/red/server/controllers/HealthController.kt,final_nl,False,False,False,False,True
arena/019ffe92-pro-v1,RED_Ultimate_V1-main/RED_Ultimate/backend-server/src/main/kotlin/com/red/server/controllers/HealthController.kt,final_nl,False,False,False,False,True
arena/019ffece-pro-v1,RED_Ultimate_V1-main/RED_Ultimate/backend-server/src/main/kotlin/com/red/server/controllers/HealthController.kt,final_nl,False,False,False,False,True
arena/019fffd5-pro-v1,RED_Ultimate_V1-main/RED_Ultimate/backend-server/src/main/kotlin/com/red/server/controllers/HealthController.kt,final_nl,False,False,False,False,True
arena/01a0064f-pro-v1,RED_Ultimate_V1-main/RED_Ultimate/backend-server/src/main/kotlin/com/red/server/controllers/HealthController.kt,final_nl,False,False,False,False,True
arena/01a00f9e-pro-v1,RED_Ultimate_V1-main/RED_Ultimate/backend-server/src/main/kotlin/com/red/server/controllers/HealthController.kt,final_nl,False,False,False,False,True
chore/platform-rebuild-baseline,RED_Ultimate_V1-main/RED_Ultimate/backend-server/src/main/kotlin/com/red/server/controllers/HealthController.kt,final_nl,False,False,False,False,True
feat/admin-social-management,RED_Ultimate_V1-main/RED_Ultimate/backend-server/src/main/kotlin/com/red/server/controllers/HealthController.kt,final_nl,False,False,False,False,True
feat/red-engineering-roadmap-20260820,RED_Ultimate_V1-main/RED_Ultimate/backend-server/src/main/kotlin/com/red/server/controllers/HealthController.kt,final_nl,False,False,False,False,True
feature/uc2000-ve-sms-browser-audit,RED_Ultimate_V1-main/RED_Ultimate/backend-server/src/main/kotlin/com/red/server/controllers/HealthController.kt,final_nl,False,False,False,False,True
fix/restore-websocket-registrations,RED_Ultimate_V1-main/RED_Ultimate/backend-server/src/main/kotlin/com/red/server/controllers/HealthController.kt,final_nl,False,False,False,False,True
revert-37-arena/019ffd78-pro-v1,RED_Ultimate_V1-main/RED_Ultimate/backend-server/src/main/kotlin/com/red/server/controllers/HealthController.kt,final_nl,False,False,False,False,True
arena/019fe8fa-pro-v1,RED_Ultimate_V1-main/RED_Ultimate/backend-server/src/main/kotlin/com/red/server/database/RedisManager.kt,crlf,False,True,False,True,True
arena/019fe9e3-pro-v1,RED_Ultimate_V1-main/RED_Ultimate/backend-server/src/main/kotlin/com/red/server/database/RedisManager.kt,crlf,False,True,False,True,True
arena/019ff019-pro-v1,RED_Ultimate_V1-main/RED_Ultimate/backend-server/src/main/kotlin/com/red/server/database/RedisManager.kt,crlf,False,True,False,True,True
arena/019ff06b-pro-v1,RED_Ultimate_V1-main/RED_Ultimate/backend-server/src/main/kotlin/com/red/server/database/RedisManager.kt,crlf,False,True,False,True,True
arena/019ff085-pro-v1,RED_Ultimate_V1-main/RED_Ultimate/backend-server/src/main/kotlin/com/red/server/database/RedisManager.kt,crlf,False,True,False,True,True
arena/019ff0c7-pro-v1,RED_Ultimate_V1-main/RED_Ultimate/backend-server/src/main/kotlin/com/red/server/database/RedisManager.kt,crlf,False,True,False,True,True
arena/019ff146-pro-v1,RED_Ultimate_V1-main/RED_Ultimate/backend-server/src/main/kotlin/com/red/server/database/RedisManager.kt,crlf,False,True,False,True,True
arena/019ff178-pro-v1,RED_Ultimate_V1-main/RED_Ultimate/backend-server/src/main/kotlin/com/red/server/database/RedisManager.kt,crlf,False,True,False,True,True
arena/019ff1f9-pro-v1,RED_Ultimate_V1-main/RED_Ultimate/backend-server/src/main/kotlin/com/red/server/database/RedisManager.kt,crlf,False,True,False,True,True
arena/019ff215-pro-v1,RED_Ultimate_V1-main/RED_Ultimate/backend-server/src/main/kotlin/com/red/server/database/RedisManager.kt,crlf,False,True,False,True,True
arena/019ff237-pro-v1,RED_Ultimate_V1-main/RED_Ultimate/backend-server/src/main/kotlin/com/red/server/database/RedisManager.kt,crlf,False,True,False,True,True
arena/019ff422-pro-v1,RED_Ultimate_V1-main/RED_Ultimate/backend-server/src/main/kotlin/com/red/server/database/RedisManager.kt,crlf,False,True,False,True,True
arena/019ff82d-pro-v1,RED_Ultimate_V1-main/RED_Ultimate/backend-server/src/main/kotlin/com/red/server/database/RedisManager.kt,crlf,False,True,False,True,True
arena/019ff859-pro-v1,RED_Ultimate_V1-main/RED_Ultimate/backend-server/src/main/kotlin/com/red/server/database/RedisManager.kt,crlf,False,True,False,True,True
arena/019ff8b4-pro-v1,RED_Ultimate_V1-main/RED_Ultimate/backend-server/src/main/kotlin/com/red/server/database/RedisManager.kt,crlf,False,True,False,True,True
arena/019ff8c7-pro-v1,RED_Ultimate_V1-main/RED_Ultimate/backend-server/src/main/kotlin/com/red/server/database/RedisManager.kt,crlf,False,True,False,True,True
arena/019ff8f2-pro-v1,RED_Ultimate_V1-main/RED_Ultimate/backend-server/src/main/kotlin/com/red/server/database/RedisManager.kt,crlf,False,True,False,True,True
arena/019ffce9-pro-v1,RED_Ultimate_V1-main/RED_Ultimate/backend-server/src/main/kotlin/com/red/server/database/RedisManager.kt,crlf,False,True,False,True,True
arena/019ffd78-pro-v1,RED_Ultimate_V1-main/RED_Ultimate/backend-server/src/main/kotlin/com/red/server/database/RedisManager.kt,crlf,False,True,False,True,True
arena/019ffe92-pro-v1,RED_Ultimate_V1-main/RED_Ultimate/backend-server/src/main/kotlin/com/red/server/database/RedisManager.kt,crlf,False,True,False,True,True
arena/019ffece-pro-v1,RED_Ultimate_V1-main/RED_Ultimate/backend-server/src/main/kotlin/com/red/server/database/RedisManager.kt,crlf,False,True,False,True,True
arena/019fffd5-pro-v1,RED_Ultimate_V1-main/RED_Ultimate/backend-server/src/main/kotlin/com/red/server/database/RedisManager.kt,crlf,False,True,False,True,True
arena/01a0064f-pro-v1,RED_Ultimate_V1-main/RED_Ultimate/backend-server/src/main/kotlin/com/red/server/database/RedisManager.kt,crlf,False,True,False,True,True
arena/01a00f9e-pro-v1,RED_Ultimate_V1-main/RED_Ultimate/backend-server/src/main/kotlin/com/red/server/database/RedisManager.kt,crlf,False,True,False,True,True
chore/platform-rebuild-baseline,RED_Ultimate_V1-main/RED_Ultimate/backend-server/src/main/kotlin/com/red/server/database/RedisManager.kt,crlf,False,True,False,True,True
feat/admin-social-management,RED_Ultimate_V1-main/RED_Ultimate/backend-server/src/main/kotlin/com/red/server/database/RedisManager.kt,crlf,False,True,False,True,True
feat/red-engineering-roadmap-20260820,RED_Ultimate_V1-main/RED_Ultimate/backend-server/src/main/kotlin/com/red/server/database/RedisManager.kt,crlf,False,True,False,True,True
feature/uc2000-ve-sms-browser-audit,RED_Ultimate_V1-main/RED_Ultimate/backend-server/src/main/kotlin/com/red/server/database/RedisManager.kt,crlf,False,True,False,True,True
fix/restore-websocket-registrations,RED_Ultimate_V1-main/RED_Ultimate/backend-server/src/main/kotlin/com/red/server/database/RedisManager.kt,crlf,False,True,False,True,True
revert-37-arena/019ffd78-pro-v1,RED_Ultimate_V1-main/RED_Ultimate/backend-server/src/main/kotlin/com/red/server/database/RedisManager.kt,crlf,False,True,False,True,True
arena/019fe9e3-pro-v1,RED_Ultimate_V1-main/RED_Ultimate/backend-server/src/main/kotlin/com/red/server/database/SovereignMongoDocuments.kt,trailing_ws,False,False,False,True,True
arena/019fe9e3-pro-v1,RED_Ultimate_V1-main/RED_Ultimate/backend-server/src/main/kotlin/com/red/server/messaging/DeleteService.kt,final_nl,False,False,False,False,True
arena/019fe9e3-pro-v1,RED_Ultimate_V1-main/RED_Ultimate/backend-server/src/main/kotlin/com/red/server/messaging/PinnedMessageController.kt,"crlf,bom",False,True,False,True,True
arena/019ff146-pro-v1,RED_Ultimate_V1-main/RED_Ultimate/backend-server/src/main/kotlin/com/red/server/messaging/PinnedMessageController.kt,"crlf,bom",False,True,False,True,True
arena/019ff178-pro-v1,RED_Ultimate_V1-main/RED_Ultimate/backend-server/src/main/kotlin/com/red/server/messaging/PinnedMessageController.kt,"crlf,bom",False,True,False,True,True
arena/019ff1f9-pro-v1,RED_Ultimate_V1-main/RED_Ultimate/backend-server/src/main/kotlin/com/red/server/messaging/PinnedMessageController.kt,"crlf,bom",False,True,False,True,True
arena/019ff215-pro-v1,RED_Ultimate_V1-main/RED_Ultimate/backend-server/src/main/kotlin/com/red/server/messaging/PinnedMessageController.kt,"crlf,bom",False,True,False,True,True
arena/019ff237-pro-v1,RED_Ultimate_V1-main/RED_Ultimate/backend-server/src/main/kotlin/com/red/server/messaging/PinnedMessageController.kt,"crlf,bom",False,True,False,True,True
arena/019ff422-pro-v1,RED_Ultimate_V1-main/RED_Ultimate/backend-server/src/main/kotlin/com/red/server/messaging/PinnedMessageController.kt,"crlf,bom",False,True,False,True,True
arena/019ff82d-pro-v1,RED_Ultimate_V1-main/RED_Ultimate/backend-server/src/main/kotlin/com/red/server/messaging/PinnedMessageController.kt,"crlf,bom",False,True,False,True,True
arena/019ff859-pro-v1,RED_Ultimate_V1-main/RED_Ultimate/backend-server/src/main/kotlin/com/red/server/messaging/PinnedMessageController.kt,"crlf,bom",False,True,False,True,True
arena/019ff8b4-pro-v1,RED_Ultimate_V1-main/RED_Ultimate/backend-server/src/main/kotlin/com/red/server/messaging/PinnedMessageController.kt,"crlf,bom",False,True,False,True,True
arena/019ff8c7-pro-v1,RED_Ultimate_V1-main/RED_Ultimate/backend-server/src/main/kotlin/com/red/server/messaging/PinnedMessageController.kt,"crlf,bom",False,True,False,True,True
arena/019ff8f2-pro-v1,RED_Ultimate_V1-main/RED_Ultimate/backend-server/src/main/kotlin/com/red/server/messaging/PinnedMessageController.kt,"crlf,bom",False,True,False,True,True
arena/019ffce9-pro-v1,RED_Ultimate_V1-main/RED_Ultimate/backend-server/src/main/kotlin/com/red/server/messaging/PinnedMessageController.kt,"crlf,bom",False,True,False,True,True
arena/019ffd78-pro-v1,RED_Ultimate_V1-main/RED_Ultimate/backend-server/src/main/kotlin/com/red/server/messaging/PinnedMessageController.kt,"crlf,bom",False,True,False,True,True
arena/019ffe92-pro-v1,RED_Ultimate_V1-main/RED_Ultimate/backend-server/src/main/kotlin/com/red/server/messaging/PinnedMessageController.kt,"crlf,bom",False,True,False,True,True
arena/019ffece-pro-v1,RED_Ultimate_V1-main/RED_Ultimate/backend-server/src/main/kotlin/com/red/server/messaging/PinnedMessageController.kt,"crlf,bom",False,True,False,True,True
arena/019fffd5-pro-v1,RED_Ultimate_V1-main/RED_Ultimate/backend-server/src/main/kotlin/com/red/server/messaging/PinnedMessageController.kt,"crlf,bom",False,True,False,True,True
arena/01a0064f-pro-v1,RED_Ultimate_V1-main/RED_Ultimate/backend-server/src/main/kotlin/com/red/server/messaging/PinnedMessageController.kt,"crlf,bom",False,True,False,True,True
arena/01a00f9e-pro-v1,RED_Ultimate_V1-main/RED_Ultimate/backend-server/src/main/kotlin/com/red/server/messaging/PinnedMessageController.kt,"crlf,bom",False,True,False,True,True
chore/platform-rebuild-baseline,RED_Ultimate_V1-main/RED_Ultimate/backend-server/src/main/kotlin/com/red/server/messaging/PinnedMessageController.kt,"crlf,bom",False,True,False,True,True
feat/admin-social-management,RED_Ultimate_V1-main/RED_Ultimate/backend-server/src/main/kotlin/com/red/server/messaging/PinnedMessageController.kt,"crlf,bom",False,True,False,True,True
feat/red-engineering-roadmap-20260820,RED_Ultimate_V1-main/RED_Ultimate/backend-server/src/main/kotlin/com/red/server/messaging/PinnedMessageController.kt,"crlf,bom",False,True,False,True,True
feature/uc2000-ve-sms-browser-audit,RED_Ultimate_V1-main/RED_Ultimate/backend-server/src/main/kotlin/com/red/server/messaging/PinnedMessageController.kt,"crlf,bom",False,True,False,True,True
fix/restore-websocket-registrations,RED_Ultimate_V1-main/RED_Ultimate/backend-server/src/main/kotlin/com/red/server/messaging/PinnedMessageController.kt,"crlf,bom",False,True,False,True,True
revert-37-arena/019ffd78-pro-v1,RED_Ultimate_V1-main/RED_Ultimate/backend-server/src/main/kotlin/com/red/server/messaging/PinnedMessageController.kt,"crlf,bom",False,True,False,True,True
arena/019fe8fa-pro-v1,RED_Ultimate_V1-main/RED_Ultimate/backend-server/src/main/kotlin/com/red/server/notification/NotificationService.kt,crlf,False,True,False,True,True
arena/019fe9e3-pro-v1,RED_Ultimate_V1-main/RED_Ultimate/backend-server/src/main/kotlin/com/red/server/notification/NotificationService.kt,crlf,False,True,False,True,True
arena/019ff019-pro-v1,RED_Ultimate_V1-main/RED_Ultimate/backend-server/src/main/kotlin/com/red/server/notification/NotificationService.kt,crlf,False,True,False,True,True
arena/019ff06b-pro-v1,RED_Ultimate_V1-main/RED_Ultimate/backend-server/src/main/kotlin/com/red/server/notification/NotificationService.kt,crlf,False,True,False,True,True
arena/019ff085-pro-v1,RED_Ultimate_V1-main/RED_Ultimate/backend-server/src/main/kotlin/com/red/server/notification/NotificationService.kt,crlf,False,True,False,True,True
arena/019ff0c7-pro-v1,RED_Ultimate_V1-main/RED_Ultimate/backend-server/src/main/kotlin/com/red/server/notification/NotificationService.kt,crlf,False,True,False,True,True
arena/019ff146-pro-v1,RED_Ultimate_V1-main/RED_Ultimate/backend-server/src/main/kotlin/com/red/server/notification/NotificationService.kt,crlf,False,True,False,True,True
arena/019ff178-pro-v1,RED_Ultimate_V1-main/RED_Ultimate/backend-server/src/main/kotlin/com/red/server/notification/NotificationService.kt,crlf,False,True,False,True,True
arena/019ff1f9-pro-v1,RED_Ultimate_V1-main/RED_Ultimate/backend-server/src/main/kotlin/com/red/server/notification/NotificationService.kt,crlf,False,True,False,True,True
arena/019ff215-pro-v1,RED_Ultimate_V1-main/RED_Ultimate/backend-server/src/main/kotlin/com/red/server/notification/NotificationService.kt,crlf,False,True,False,True,True
arena/019ff237-pro-v1,RED_Ultimate_V1-main/RED_Ultimate/backend-server/src/main/kotlin/com/red/server/notification/NotificationService.kt,crlf,False,True,False,True,True
arena/019ff422-pro-v1,RED_Ultimate_V1-main/RED_Ultimate/backend-server/src/main/kotlin/com/red/server/notification/NotificationService.kt,crlf,False,True,False,True,True
arena/019ff82d-pro-v1,RED_Ultimate_V1-main/RED_Ultimate/backend-server/src/main/kotlin/com/red/server/notification/NotificationService.kt,crlf,False,True,False,True,True
arena/019ff859-pro-v1,RED_Ultimate_V1-main/RED_Ultimate/backend-server/src/main/kotlin/com/red/server/notification/NotificationService.kt,crlf,False,True,False,True,True
arena/019ff8b4-pro-v1,RED_Ultimate_V1-main/RED_Ultimate/backend-server/src/main/kotlin/com/red/server/notification/NotificationService.kt,crlf,False,True,False,True,True
arena/019ff8c7-pro-v1,RED_Ultimate_V1-main/RED_Ultimate/backend-server/src/main/kotlin/com/red/server/notification/NotificationService.kt,crlf,False,True,False,True,True
arena/019ff8f2-pro-v1,RED_Ultimate_V1-main/RED_Ultimate/backend-server/src/main/kotlin/com/red/server/notification/NotificationService.kt,crlf,False,True,False,True,True
arena/019ffce9-pro-v1,RED_Ultimate_V1-main/RED_Ultimate/backend-server/src/main/kotlin/com/red/server/notification/NotificationService.kt,crlf,False,True,False,True,True
arena/019ffd78-pro-v1,RED_Ultimate_V1-main/RED_Ultimate/backend-server/src/main/kotlin/com/red/server/notification/NotificationService.kt,crlf,False,True,False,True,True
arena/019ffe92-pro-v1,RED_Ultimate_V1-main/RED_Ultimate/backend-server/src/main/kotlin/com/red/server/notification/NotificationService.kt,crlf,False,True,False,True,True
arena/019ffece-pro-v1,RED_Ultimate_V1-main/RED_Ultimate/backend-server/src/main/kotlin/com/red/server/notification/NotificationService.kt,crlf,False,True,False,True,True
arena/019fffd5-pro-v1,RED_Ultimate_V1-main/RED_Ultimate/backend-server/src/main/kotlin/com/red/server/notification/NotificationService.kt,crlf,False,True,False,True,True
arena/01a0064f-pro-v1,RED_Ultimate_V1-main/RED_Ultimate/backend-server/src/main/kotlin/com/red/server/notification/NotificationService.kt,crlf,False,True,False,True,True
arena/01a00f9e-pro-v1,RED_Ultimate_V1-main/RED_Ultimate/backend-server/src/main/kotlin/com/red/server/notification/NotificationService.kt,crlf,False,True,False,True,True
chore/platform-rebuild-baseline,RED_Ultimate_V1-main/RED_Ultimate/backend-server/src/main/kotlin/com/red/server/notification/NotificationService.kt,crlf,False,True,False,True,True
feat/admin-social-management,RED_Ultimate_V1-main/RED_Ultimate/backend-server/src/main/kotlin/com/red/server/notification/NotificationService.kt,crlf,False,True,False,True,True
feat/red-engineering-roadmap-20260820,RED_Ultimate_V1-main/RED_Ultimate/backend-server/src/main/kotlin/com/red/server/notification/NotificationService.kt,crlf,False,True,False,True,True
feature/uc2000-ve-sms-browser-audit,RED_Ultimate_V1-main/RED_Ultimate/backend-server/src/main/kotlin/com/red/server/notification/NotificationService.kt,crlf,False,True,False,True,True
fix/restore-websocket-registrations,RED_Ultimate_V1-main/RED_Ultimate/backend-server/src/main/kotlin/com/red/server/notification/NotificationService.kt,crlf,False,True,False,True,True
revert-37-arena/019ffd78-pro-v1,RED_Ultimate_V1-main/RED_Ultimate/backend-server/src/main/kotlin/com/red/server/notification/NotificationService.kt,crlf,False,True,False,True,True
arena/019fe8fa-pro-v1,RED_Ultimate_V1-main/RED_Ultimate/backend-server/src/main/kotlin/com/red/server/pstn/DinstarLoadBalancer.kt,"crlf,bom",False,True,False,True,True
arena/019fe9e3-pro-v1,RED_Ultimate_V1-main/RED_Ultimate/backend-server/src/main/kotlin/com/red/server/pstn/DinstarLoadBalancer.kt,"crlf,bom",False,True,False,True,True
arena/019ff019-pro-v1,RED_Ultimate_V1-main/RED_Ultimate/backend-server/src/main/kotlin/com/red/server/pstn/DinstarLoadBalancer.kt,"crlf,bom",False,True,False,True,True
arena/019ff06b-pro-v1,RED_Ultimate_V1-main/RED_Ultimate/backend-server/src/main/kotlin/com/red/server/pstn/DinstarLoadBalancer.kt,"crlf,bom",False,True,False,True,True
arena/019ff085-pro-v1,RED_Ultimate_V1-main/RED_Ultimate/backend-server/src/main/kotlin/com/red/server/pstn/DinstarLoadBalancer.kt,"crlf,bom",False,True,False,True,True
arena/019ff0c7-pro-v1,RED_Ultimate_V1-main/RED_Ultimate/backend-server/src/main/kotlin/com/red/server/pstn/DinstarLoadBalancer.kt,"crlf,bom",False,True,False,True,True
arena/019ff146-pro-v1,RED_Ultimate_V1-main/RED_Ultimate/backend-server/src/main/kotlin/com/red/server/pstn/DinstarLoadBalancer.kt,"crlf,bom",False,True,False,True,True
arena/019ff178-pro-v1,RED_Ultimate_V1-main/RED_Ultimate/backend-server/src/main/kotlin/com/red/server/pstn/DinstarLoadBalancer.kt,"crlf,bom",False,True,False,True,True
arena/019ff1f9-pro-v1,RED_Ultimate_V1-main/RED_Ultimate/backend-server/src/main/kotlin/com/red/server/pstn/DinstarLoadBalancer.kt,"crlf,bom",False,True,False,True,True
arena/019ff215-pro-v1,RED_Ultimate_V1-main/RED_Ultimate/backend-server/src/main/kotlin/com/red/server/pstn/DinstarLoadBalancer.kt,"crlf,bom",False,True,False,True,True
arena/019ff237-pro-v1,RED_Ultimate_V1-main/RED_Ultimate/backend-server/src/main/kotlin/com/red/server/pstn/DinstarLoadBalancer.kt,"crlf,bom",False,True,False,True,True
arena/019ff422-pro-v1,RED_Ultimate_V1-main/RED_Ultimate/backend-server/src/main/kotlin/com/red/server/pstn/DinstarLoadBalancer.kt,"crlf,bom",False,True,False,True,True
arena/019ff82d-pro-v1,RED_Ultimate_V1-main/RED_Ultimate/backend-server/src/main/kotlin/com/red/server/pstn/DinstarLoadBalancer.kt,"crlf,bom",False,True,False,True,True
arena/019ff859-pro-v1,RED_Ultimate_V1-main/RED_Ultimate/backend-server/src/main/kotlin/com/red/server/pstn/DinstarLoadBalancer.kt,"crlf,bom",False,True,False,True,True
arena/019ff8b4-pro-v1,RED_Ultimate_V1-main/RED_Ultimate/backend-server/src/main/kotlin/com/red/server/pstn/DinstarLoadBalancer.kt,"crlf,bom",False,True,False,True,True
arena/019ff8c7-pro-v1,RED_Ultimate_V1-main/RED_Ultimate/backend-server/src/main/kotlin/com/red/server/pstn/DinstarLoadBalancer.kt,"crlf,bom",False,True,False,True,True
arena/019ff8f2-pro-v1,RED_Ultimate_V1-main/RED_Ultimate/backend-server/src/main/kotlin/com/red/server/pstn/DinstarLoadBalancer.kt,"crlf,bom",False,True,False,True,True
arena/019ffce9-pro-v1,RED_Ultimate_V1-main/RED_Ultimate/backend-server/src/main/kotlin/com/red/server/pstn/DinstarLoadBalancer.kt,"crlf,bom",False,True,False,True,True
arena/019ffd78-pro-v1,RED_Ultimate_V1-main/RED_Ultimate/backend-server/src/main/kotlin/com/red/server/pstn/DinstarLoadBalancer.kt,"crlf,bom",False,True,False,True,True
arena/019ffe92-pro-v1,RED_Ultimate_V1-main/RED_Ultimate/backend-server/src/main/kotlin/com/red/server/pstn/DinstarLoadBalancer.kt,"crlf,bom",False,True,False,True,True
arena/019ffece-pro-v1,RED_Ultimate_V1-main/RED_Ultimate/backend-server/src/main/kotlin/com/red/server/pstn/DinstarLoadBalancer.kt,"crlf,bom",False,True,False,True,True
arena/019fffd5-pro-v1,RED_Ultimate_V1-main/RED_Ultimate/backend-server/src/main/kotlin/com/red/server/pstn/DinstarLoadBalancer.kt,"crlf,bom",False,True,False,True,True
arena/01a0064f-pro-v1,RED_Ultimate_V1-main/RED_Ultimate/backend-server/src/main/kotlin/com/red/server/pstn/DinstarLoadBalancer.kt,"crlf,bom",False,True,False,True,True
arena/01a00f9e-pro-v1,RED_Ultimate_V1-main/RED_Ultimate/backend-server/src/main/kotlin/com/red/server/pstn/DinstarLoadBalancer.kt,"crlf,bom",False,True,False,True,True
chore/platform-rebuild-baseline,RED_Ultimate_V1-main/RED_Ultimate/backend-server/src/main/kotlin/com/red/server/pstn/DinstarLoadBalancer.kt,"crlf,bom",False,True,False,True,True
feat/admin-social-management,RED_Ultimate_V1-main/RED_Ultimate/backend-server/src/main/kotlin/com/red/server/pstn/DinstarLoadBalancer.kt,"crlf,bom",False,True,False,True,True
feat/red-engineering-roadmap-20260820,RED_Ultimate_V1-main/RED_Ultimate/backend-server/src/main/kotlin/com/red/server/pstn/DinstarLoadBalancer.kt,"crlf,bom",False,True,False,True,True
feature/uc2000-ve-sms-browser-audit,RED_Ultimate_V1-main/RED_Ultimate/backend-server/src/main/kotlin/com/red/server/pstn/DinstarLoadBalancer.kt,"crlf,bom",False,True,False,True,True
fix/restore-websocket-registrations,RED_Ultimate_V1-main/RED_Ultimate/backend-server/src/main/kotlin/com/red/server/pstn/DinstarLoadBalancer.kt,"crlf,bom",False,True,False,True,True
revert-37-arena/019ffd78-pro-v1,RED_Ultimate_V1-main/RED_Ultimate/backend-server/src/main/kotlin/com/red/server/pstn/DinstarLoadBalancer.kt,"crlf,bom",False,True,False,True,True
arena/019fe8fa-pro-v1,RED_Ultimate_V1-main/RED_Ultimate/backend-server/src/main/kotlin/com/red/server/pstn/PstnCallService.kt,trailing_ws,False,False,False,True,True
arena/019ff019-pro-v1,RED_Ultimate_V1-main/RED_Ultimate/backend-server/src/main/kotlin/com/red/server/pstn/PstnCallService.kt,trailing_ws,False,False,False,True,True
arena/019ff06b-pro-v1,RED_Ultimate_V1-main/RED_Ultimate/backend-server/src/main/kotlin/com/red/server/pstn/PstnCallService.kt,trailing_ws,False,False,False,True,True
arena/019ff085-pro-v1,RED_Ultimate_V1-main/RED_Ultimate/backend-server/src/main/kotlin/com/red/server/pstn/PstnCallService.kt,trailing_ws,False,False,False,True,True
arena/019ff0c7-pro-v1,RED_Ultimate_V1-main/RED_Ultimate/backend-server/src/main/kotlin/com/red/server/pstn/PstnCallService.kt,trailing_ws,False,False,False,True,True
arena/019ff146-pro-v1,RED_Ultimate_V1-main/RED_Ultimate/backend-server/src/main/kotlin/com/red/server/pstn/PstnCallService.kt,trailing_ws,False,False,False,True,True
arena/019ff178-pro-v1,RED_Ultimate_V1-main/RED_Ultimate/backend-server/src/main/kotlin/com/red/server/pstn/PstnCallService.kt,trailing_ws,False,False,False,True,True
arena/019ff1f9-pro-v1,RED_Ultimate_V1-main/RED_Ultimate/backend-server/src/main/kotlin/com/red/server/pstn/PstnCallService.kt,trailing_ws,False,False,False,True,True
arena/019ff215-pro-v1,RED_Ultimate_V1-main/RED_Ultimate/backend-server/src/main/kotlin/com/red/server/pstn/PstnCallService.kt,trailing_ws,False,False,False,True,True
arena/019ff237-pro-v1,RED_Ultimate_V1-main/RED_Ultimate/backend-server/src/main/kotlin/com/red/server/pstn/PstnCallService.kt,trailing_ws,False,False,False,True,True
arena/019ff422-pro-v1,RED_Ultimate_V1-main/RED_Ultimate/backend-server/src/main/kotlin/com/red/server/pstn/PstnCallService.kt,trailing_ws,False,False,False,True,True
arena/019ff82d-pro-v1,RED_Ultimate_V1-main/RED_Ultimate/backend-server/src/main/kotlin/com/red/server/pstn/PstnCallService.kt,trailing_ws,False,False,False,True,True
arena/019ff859-pro-v1,RED_Ultimate_V1-main/RED_Ultimate/backend-server/src/main/kotlin/com/red/server/pstn/PstnCallService.kt,trailing_ws,False,False,False,True,True
arena/019ff8b4-pro-v1,RED_Ultimate_V1-main/RED_Ultimate/backend-server/src/main/kotlin/com/red/server/pstn/PstnCallService.kt,trailing_ws,False,False,False,True,True
arena/019ff8c7-pro-v1,RED_Ultimate_V1-main/RED_Ultimate/backend-server/src/main/kotlin/com/red/server/pstn/PstnCallService.kt,trailing_ws,False,False,False,True,True
arena/019ff8f2-pro-v1,RED_Ultimate_V1-main/RED_Ultimate/backend-server/src/main/kotlin/com/red/server/pstn/PstnCallService.kt,trailing_ws,False,False,False,True,True
arena/019ffce9-pro-v1,RED_Ultimate_V1-main/RED_Ultimate/backend-server/src/main/kotlin/com/red/server/pstn/PstnCallService.kt,trailing_ws,False,False,False,True,True
arena/019ffd78-pro-v1,RED_Ultimate_V1-main/RED_Ultimate/backend-server/src/main/kotlin/com/red/server/pstn/PstnCallService.kt,trailing_ws,False,False,False,True,True
arena/019ffe92-pro-v1,RED_Ultimate_V1-main/RED_Ultimate/backend-server/src/main/kotlin/com/red/server/pstn/PstnCallService.kt,trailing_ws,False,False,False,True,True
arena/019ffece-pro-v1,RED_Ultimate_V1-main/RED_Ultimate/backend-server/src/main/kotlin/com/red/server/pstn/PstnCallService.kt,trailing_ws,False,False,False,True,True
arena/019fffd5-pro-v1,RED_Ultimate_V1-main/RED_Ultimate/backend-server/src/main/kotlin/com/red/server/pstn/PstnCallService.kt,trailing_ws,False,False,False,True,True
arena/01a0064f-pro-v1,RED_Ultimate_V1-main/RED_Ultimate/backend-server/src/main/kotlin/com/red/server/pstn/PstnCallService.kt,trailing_ws,False,False,False,True,True
arena/01a00f9e-pro-v1,RED_Ultimate_V1-main/RED_Ultimate/backend-server/src/main/kotlin/com/red/server/pstn/PstnCallService.kt,trailing_ws,False,False,False,True,True
chore/platform-rebuild-baseline,RED_Ultimate_V1-main/RED_Ultimate/backend-server/src/main/kotlin/com/red/server/pstn/PstnCallService.kt,trailing_ws,False,False,False,True,True
feat/admin-social-management,RED_Ultimate_V1-main/RED_Ultimate/backend-server/src/main/kotlin/com/red/server/pstn/PstnCallService.kt,trailing_ws,False,False,False,True,True
feat/red-engineering-roadmap-20260820,RED_Ultimate_V1-main/RED_Ultimate/backend-server/src/main/kotlin/com/red/server/pstn/PstnCallService.kt,trailing_ws,False,False,False,True,True
feature/uc2000-ve-sms-browser-audit,RED_Ultimate_V1-main/RED_Ultimate/backend-server/src/main/kotlin/com/red/server/pstn/PstnCallService.kt,trailing_ws,False,False,False,True,True
fix/restore-websocket-registrations,RED_Ultimate_V1-main/RED_Ultimate/backend-server/src/main/kotlin/com/red/server/pstn/PstnCallService.kt,trailing_ws,False,False,False,True,True
revert-37-arena/019ffd78-pro-v1,RED_Ultimate_V1-main/RED_Ultimate/backend-server/src/main/kotlin/com/red/server/pstn/PstnCallService.kt,trailing_ws,False,False,False,True,True
arena/019fe8fa-pro-v1,RED_Ultimate_V1-main/RED_Ultimate/backend-server/src/main/kotlin/com/red/server/pstn/PstnManager.kt,bom,False,False,False,True,True
arena/019fe9e3-pro-v1,RED_Ultimate_V1-main/RED_Ultimate/backend-server/src/main/kotlin/com/red/server/pstn/PstnManager.kt,bom,False,False,False,True,True
arena/019ff019-pro-v1,RED_Ultimate_V1-main/RED_Ultimate/backend-server/src/main/kotlin/com/red/server/pstn/PstnManager.kt,bom,False,False,False,True,True
arena/019ff06b-pro-v1,RED_Ultimate_V1-main/RED_Ultimate/backend-server/src/main/kotlin/com/red/server/pstn/PstnManager.kt,bom,False,False,False,True,True
arena/019ff085-pro-v1,RED_Ultimate_V1-main/RED_Ultimate/backend-server/src/main/kotlin/com/red/server/pstn/PstnManager.kt,bom,False,False,False,True,True
arena/019ff0c7-pro-v1,RED_Ultimate_V1-main/RED_Ultimate/backend-server/src/main/kotlin/com/red/server/pstn/PstnManager.kt,bom,False,False,False,True,True
arena/019ff146-pro-v1,RED_Ultimate_V1-main/RED_Ultimate/backend-server/src/main/kotlin/com/red/server/pstn/PstnManager.kt,bom,False,False,False,True,True
arena/019ff178-pro-v1,RED_Ultimate_V1-main/RED_Ultimate/backend-server/src/main/kotlin/com/red/server/pstn/PstnManager.kt,bom,False,False,False,True,True
arena/019ff1f9-pro-v1,RED_Ultimate_V1-main/RED_Ultimate/backend-server/src/main/kotlin/com/red/server/pstn/PstnManager.kt,bom,False,False,False,True,True
arena/019ff215-pro-v1,RED_Ultimate_V1-main/RED_Ultimate/backend-server/src/main/kotlin/com/red/server/pstn/PstnManager.kt,bom,False,False,False,True,True
arena/019ff237-pro-v1,RED_Ultimate_V1-main/RED_Ultimate/backend-server/src/main/kotlin/com/red/server/pstn/PstnManager.kt,bom,False,False,False,True,True
arena/019ff422-pro-v1,RED_Ultimate_V1-main/RED_Ultimate/backend-server/src/main/kotlin/com/red/server/pstn/PstnManager.kt,bom,False,False,False,True,True
arena/019ff82d-pro-v1,RED_Ultimate_V1-main/RED_Ultimate/backend-server/src/main/kotlin/com/red/server/pstn/PstnManager.kt,bom,False,False,False,True,True
arena/019ff859-pro-v1,RED_Ultimate_V1-main/RED_Ultimate/backend-server/src/main/kotlin/com/red/server/pstn/PstnManager.kt,bom,False,False,False,True,True
arena/019ff8b4-pro-v1,RED_Ultimate_V1-main/RED_Ultimate/backend-server/src/main/kotlin/com/red/server/pstn/PstnManager.kt,bom,False,False,False,True,True
arena/019ff8c7-pro-v1,RED_Ultimate_V1-main/RED_Ultimate/backend-server/src/main/kotlin/com/red/server/pstn/PstnManager.kt,bom,False,False,False,True,True
arena/019ff8f2-pro-v1,RED_Ultimate_V1-main/RED_Ultimate/backend-server/src/main/kotlin/com/red/server/pstn/PstnManager.kt,bom,False,False,False,True,True
arena/019ffce9-pro-v1,RED_Ultimate_V1-main/RED_Ultimate/backend-server/src/main/kotlin/com/red/server/pstn/PstnManager.kt,bom,False,False,False,True,True
arena/019ffd78-pro-v1,RED_Ultimate_V1-main/RED_Ultimate/backend-server/src/main/kotlin/com/red/server/pstn/PstnManager.kt,bom,False,False,False,True,True
arena/019ffe92-pro-v1,RED_Ultimate_V1-main/RED_Ultimate/backend-server/src/main/kotlin/com/red/server/pstn/PstnManager.kt,bom,False,False,False,True,True
arena/019ffece-pro-v1,RED_Ultimate_V1-main/RED_Ultimate/backend-server/src/main/kotlin/com/red/server/pstn/PstnManager.kt,bom,False,False,False,True,True
arena/019fffd5-pro-v1,RED_Ultimate_V1-main/RED_Ultimate/backend-server/src/main/kotlin/com/red/server/pstn/PstnManager.kt,bom,False,False,False,True,True
arena/01a0064f-pro-v1,RED_Ultimate_V1-main/RED_Ultimate/backend-server/src/main/kotlin/com/red/server/pstn/PstnManager.kt,bom,False,False,False,True,True
arena/01a00f9e-pro-v1,RED_Ultimate_V1-main/RED_Ultimate/backend-server/src/main/kotlin/com/red/server/pstn/PstnManager.kt,bom,False,False,False,True,True
chore/platform-rebuild-baseline,RED_Ultimate_V1-main/RED_Ultimate/backend-server/src/main/kotlin/com/red/server/pstn/PstnManager.kt,bom,False,False,False,True,True
feat/admin-social-management,RED_Ultimate_V1-main/RED_Ultimate/backend-server/src/main/kotlin/com/red/server/pstn/PstnManager.kt,bom,False,False,False,True,True
feat/red-engineering-roadmap-20260820,RED_Ultimate_V1-main/RED_Ultimate/backend-server/src/main/kotlin/com/red/server/pstn/PstnManager.kt,bom,False,False,False,True,True
feature/uc2000-ve-sms-browser-audit,RED_Ultimate_V1-main/RED_Ultimate/backend-server/src/main/kotlin/com/red/server/pstn/PstnManager.kt,bom,False,False,False,True,True
fix/restore-websocket-registrations,RED_Ultimate_V1-main/RED_Ultimate/backend-server/src/main/kotlin/com/red/server/pstn/PstnManager.kt,bom,False,False,False,True,True
revert-37-arena/019ffd78-pro-v1,RED_Ultimate_V1-main/RED_Ultimate/backend-server/src/main/kotlin/com/red/server/pstn/PstnManager.kt,bom,False,False,False,True,True
arena/019fe8fa-pro-v1,RED_Ultimate_V1-main/RED_Ultimate/backend-server/src/main/kotlin/com/red/server/security/SecurityEnhancer.kt,crlf,False,True,False,True,True
arena/019fe9e3-pro-v1,RED_Ultimate_V1-main/RED_Ultimate/backend-server/src/main/kotlin/com/red/server/security/SecurityEnhancer.kt,crlf,False,True,False,True,True
arena/019ff019-pro-v1,RED_Ultimate_V1-main/RED_Ultimate/backend-server/src/main/kotlin/com/red/server/security/SecurityEnhancer.kt,crlf,False,True,False,True,True
arena/019ff06b-pro-v1,RED_Ultimate_V1-main/RED_Ultimate/backend-server/src/main/kotlin/com/red/server/security/SecurityEnhancer.kt,crlf,False,True,False,True,True
arena/019ff085-pro-v1,RED_Ultimate_V1-main/RED_Ultimate/backend-server/src/main/kotlin/com/red/server/security/SecurityEnhancer.kt,crlf,False,True,False,True,True
arena/019ff0c7-pro-v1,RED_Ultimate_V1-main/RED_Ultimate/backend-server/src/main/kotlin/com/red/server/security/SecurityEnhancer.kt,crlf,False,True,False,True,True
arena/019ff146-pro-v1,RED_Ultimate_V1-main/RED_Ultimate/backend-server/src/main/kotlin/com/red/server/security/SecurityEnhancer.kt,crlf,False,True,False,True,True
arena/019ff178-pro-v1,RED_Ultimate_V1-main/RED_Ultimate/backend-server/src/main/kotlin/com/red/server/security/SecurityEnhancer.kt,crlf,False,True,False,True,True
arena/019ff1f9-pro-v1,RED_Ultimate_V1-main/RED_Ultimate/backend-server/src/main/kotlin/com/red/server/security/SecurityEnhancer.kt,crlf,False,True,False,True,True
arena/019ff215-pro-v1,RED_Ultimate_V1-main/RED_Ultimate/backend-server/src/main/kotlin/com/red/server/security/SecurityEnhancer.kt,crlf,False,True,False,True,True
arena/019ff237-pro-v1,RED_Ultimate_V1-main/RED_Ultimate/backend-server/src/main/kotlin/com/red/server/security/SecurityEnhancer.kt,crlf,False,True,False,True,True
arena/019ff422-pro-v1,RED_Ultimate_V1-main/RED_Ultimate/backend-server/src/main/kotlin/com/red/server/security/SecurityEnhancer.kt,crlf,False,True,False,True,True
arena/019ff82d-pro-v1,RED_Ultimate_V1-main/RED_Ultimate/backend-server/src/main/kotlin/com/red/server/security/SecurityEnhancer.kt,crlf,False,True,False,True,True
arena/019ff859-pro-v1,RED_Ultimate_V1-main/RED_Ultimate/backend-server/src/main/kotlin/com/red/server/security/SecurityEnhancer.kt,crlf,False,True,False,True,True
arena/019ff8b4-pro-v1,RED_Ultimate_V1-main/RED_Ultimate/backend-server/src/main/kotlin/com/red/server/security/SecurityEnhancer.kt,crlf,False,True,False,True,True
arena/019ff8c7-pro-v1,RED_Ultimate_V1-main/RED_Ultimate/backend-server/src/main/kotlin/com/red/server/security/SecurityEnhancer.kt,crlf,False,True,False,True,True
arena/019ff8f2-pro-v1,RED_Ultimate_V1-main/RED_Ultimate/backend-server/src/main/kotlin/com/red/server/security/SecurityEnhancer.kt,crlf,False,True,False,True,True
arena/019ffce9-pro-v1,RED_Ultimate_V1-main/RED_Ultimate/backend-server/src/main/kotlin/com/red/server/security/SecurityEnhancer.kt,crlf,False,True,False,True,True
arena/019ffd78-pro-v1,RED_Ultimate_V1-main/RED_Ultimate/backend-server/src/main/kotlin/com/red/server/security/SecurityEnhancer.kt,crlf,False,True,False,True,True
arena/019ffe92-pro-v1,RED_Ultimate_V1-main/RED_Ultimate/backend-server/src/main/kotlin/com/red/server/security/SecurityEnhancer.kt,crlf,False,True,False,True,True
arena/019ffece-pro-v1,RED_Ultimate_V1-main/RED_Ultimate/backend-server/src/main/kotlin/com/red/server/security/SecurityEnhancer.kt,crlf,False,True,False,True,True
arena/019fffd5-pro-v1,RED_Ultimate_V1-main/RED_Ultimate/backend-server/src/main/kotlin/com/red/server/security/SecurityEnhancer.kt,crlf,False,True,False,True,True
arena/01a0064f-pro-v1,RED_Ultimate_V1-main/RED_Ultimate/backend-server/src/main/kotlin/com/red/server/security/SecurityEnhancer.kt,crlf,False,True,False,True,True
arena/01a00f9e-pro-v1,RED_Ultimate_V1-main/RED_Ultimate/backend-server/src/main/kotlin/com/red/server/security/SecurityEnhancer.kt,crlf,False,True,False,True,True
chore/platform-rebuild-baseline,RED_Ultimate_V1-main/RED_Ultimate/backend-server/src/main/kotlin/com/red/server/security/SecurityEnhancer.kt,crlf,False,True,False,True,True
feat/admin-social-management,RED_Ultimate_V1-main/RED_Ultimate/backend-server/src/main/kotlin/com/red/server/security/SecurityEnhancer.kt,crlf,False,True,False,True,True
feat/red-engineering-roadmap-20260820,RED_Ultimate_V1-main/RED_Ultimate/backend-server/src/main/kotlin/com/red/server/security/SecurityEnhancer.kt,crlf,False,True,False,True,True
feature/uc2000-ve-sms-browser-audit,RED_Ultimate_V1-main/RED_Ultimate/backend-server/src/main/kotlin/com/red/server/security/SecurityEnhancer.kt,crlf,False,True,False,True,True
fix/restore-websocket-registrations,RED_Ultimate_V1-main/RED_Ultimate/backend-server/src/main/kotlin/com/red/server/security/SecurityEnhancer.kt,crlf,False,True,False,True,True
revert-37-arena/019ffd78-pro-v1,RED_Ultimate_V1-main/RED_Ultimate/backend-server/src/main/kotlin/com/red/server/security/SecurityEnhancer.kt,crlf,False,True,False,True,True
arena/019fe9e3-pro-v1,RED_Ultimate_V1-main/RED_Ultimate/backend-server/src/main/kotlin/com/red/server/services/DinstarConnectionFactory.kt,"crlf,bom",False,True,False,True,True
arena/019ff06b-pro-v1,RED_Ultimate_V1-main/RED_Ultimate/backend-server/src/main/kotlin/com/red/server/services/DinstarConnectionFactory.kt,"crlf,bom",False,True,False,True,True
arena/019ff085-pro-v1,RED_Ultimate_V1-main/RED_Ultimate/backend-server/src/main/kotlin/com/red/server/services/DinstarConnectionFactory.kt,"crlf,bom",False,True,False,True,True
arena/019ff0c7-pro-v1,RED_Ultimate_V1-main/RED_Ultimate/backend-server/src/main/kotlin/com/red/server/services/DinstarConnectionFactory.kt,"crlf,bom",False,True,False,True,True
arena/019ff146-pro-v1,RED_Ultimate_V1-main/RED_Ultimate/backend-server/src/main/kotlin/com/red/server/services/DinstarConnectionFactory.kt,"crlf,bom",False,True,False,True,True
arena/019ff178-pro-v1,RED_Ultimate_V1-main/RED_Ultimate/backend-server/src/main/kotlin/com/red/server/services/DinstarConnectionFactory.kt,"crlf,bom",False,True,False,True,True
arena/019ff1f9-pro-v1,RED_Ultimate_V1-main/RED_Ultimate/backend-server/src/main/kotlin/com/red/server/services/DinstarConnectionFactory.kt,"crlf,bom",False,True,False,True,True
arena/019ff215-pro-v1,RED_Ultimate_V1-main/RED_Ultimate/backend-server/src/main/kotlin/com/red/server/services/DinstarConnectionFactory.kt,"crlf,bom",False,True,False,True,True
arena/019ff237-pro-v1,RED_Ultimate_V1-main/RED_Ultimate/backend-server/src/main/kotlin/com/red/server/services/DinstarConnectionFactory.kt,"crlf,bom",False,True,False,True,True
arena/019ff422-pro-v1,RED_Ultimate_V1-main/RED_Ultimate/backend-server/src/main/kotlin/com/red/server/services/DinstarConnectionFactory.kt,"crlf,bom",False,True,False,True,True
arena/019ff82d-pro-v1,RED_Ultimate_V1-main/RED_Ultimate/backend-server/src/main/kotlin/com/red/server/services/DinstarConnectionFactory.kt,"crlf,bom",False,True,False,True,True
arena/019ff859-pro-v1,RED_Ultimate_V1-main/RED_Ultimate/backend-server/src/main/kotlin/com/red/server/services/DinstarConnectionFactory.kt,"crlf,bom",False,True,False,True,True
arena/019ff8b4-pro-v1,RED_Ultimate_V1-main/RED_Ultimate/backend-server/src/main/kotlin/com/red/server/services/DinstarConnectionFactory.kt,"crlf,bom",False,True,False,True,True
arena/019ff8c7-pro-v1,RED_Ultimate_V1-main/RED_Ultimate/backend-server/src/main/kotlin/com/red/server/services/DinstarConnectionFactory.kt,"crlf,bom",False,True,False,True,True
arena/019ff8f2-pro-v1,RED_Ultimate_V1-main/RED_Ultimate/backend-server/src/main/kotlin/com/red/server/services/DinstarConnectionFactory.kt,"crlf,bom",False,True,False,True,True
arena/019ffce9-pro-v1,RED_Ultimate_V1-main/RED_Ultimate/backend-server/src/main/kotlin/com/red/server/services/DinstarConnectionFactory.kt,"crlf,bom",False,True,False,True,True
arena/019ffd78-pro-v1,RED_Ultimate_V1-main/RED_Ultimate/backend-server/src/main/kotlin/com/red/server/services/DinstarConnectionFactory.kt,"crlf,bom",False,True,False,True,True
arena/019ffe92-pro-v1,RED_Ultimate_V1-main/RED_Ultimate/backend-server/src/main/kotlin/com/red/server/services/DinstarConnectionFactory.kt,"crlf,bom",False,True,False,True,True
arena/019ffece-pro-v1,RED_Ultimate_V1-main/RED_Ultimate/backend-server/src/main/kotlin/com/red/server/services/DinstarConnectionFactory.kt,"crlf,bom",False,True,False,True,True
arena/019fffd5-pro-v1,RED_Ultimate_V1-main/RED_Ultimate/backend-server/src/main/kotlin/com/red/server/services/DinstarConnectionFactory.kt,"crlf,bom",False,True,False,True,True
arena/01a0064f-pro-v1,RED_Ultimate_V1-main/RED_Ultimate/backend-server/src/main/kotlin/com/red/server/services/DinstarConnectionFactory.kt,"crlf,bom",False,True,False,True,True
arena/01a00f9e-pro-v1,RED_Ultimate_V1-main/RED_Ultimate/backend-server/src/main/kotlin/com/red/server/services/DinstarConnectionFactory.kt,"crlf,bom",False,True,False,True,True
chore/platform-rebuild-baseline,RED_Ultimate_V1-main/RED_Ultimate/backend-server/src/main/kotlin/com/red/server/services/DinstarConnectionFactory.kt,"crlf,bom",False,True,False,True,True
feat/admin-social-management,RED_Ultimate_V1-main/RED_Ultimate/backend-server/src/main/kotlin/com/red/server/services/DinstarConnectionFactory.kt,"crlf,bom",False,True,False,True,True
feat/red-engineering-roadmap-20260820,RED_Ultimate_V1-main/RED_Ultimate/backend-server/src/main/kotlin/com/red/server/services/DinstarConnectionFactory.kt,"crlf,bom",False,True,False,True,True
feature/uc2000-ve-sms-browser-audit,RED_Ultimate_V1-main/RED_Ultimate/backend-server/src/main/kotlin/com/red/server/services/DinstarConnectionFactory.kt,"crlf,bom",False,True,False,True,True
fix/restore-websocket-registrations,RED_Ultimate_V1-main/RED_Ultimate/backend-server/src/main/kotlin/com/red/server/services/DinstarConnectionFactory.kt,"crlf,bom",False,True,False,True,True
revert-37-arena/019ffd78-pro-v1,RED_Ultimate_V1-main/RED_Ultimate/backend-server/src/main/kotlin/com/red/server/services/DinstarConnectionFactory.kt,"crlf,bom",False,True,False,True,True
arena/019fe8fa-pro-v1,RED_Ultimate_V1-main/RED_Ultimate/backend-server/src/main/kotlin/com/red/server/services/DinstarHardwareService.kt,trailing_ws,False,False,False,True,True
arena/019ff019-pro-v1,RED_Ultimate_V1-main/RED_Ultimate/backend-server/src/main/kotlin/com/red/server/services/DinstarHardwareService.kt,trailing_ws,False,False,False,True,True
arena/019fe9e3-pro-v1,RED_Ultimate_V1-main/RED_Ultimate/backend-server/src/main/kotlin/com/red/server/services/DinstarSignal.kt,"crlf,bom",False,True,False,True,True
arena/019ff06b-pro-v1,RED_Ultimate_V1-main/RED_Ultimate/backend-server/src/main/kotlin/com/red/server/services/DinstarSignal.kt,"crlf,bom",False,True,False,True,True
arena/019ff085-pro-v1,RED_Ultimate_V1-main/RED_Ultimate/backend-server/src/main/kotlin/com/red/server/services/DinstarSignal.kt,"crlf,bom",False,True,False,True,True
arena/019ff0c7-pro-v1,RED_Ultimate_V1-main/RED_Ultimate/backend-server/src/main/kotlin/com/red/server/services/DinstarSignal.kt,"crlf,bom",False,True,False,True,True
arena/019ff146-pro-v1,RED_Ultimate_V1-main/RED_Ultimate/backend-server/src/main/kotlin/com/red/server/services/DinstarSignal.kt,"crlf,bom",False,True,False,True,True
arena/019ff178-pro-v1,RED_Ultimate_V1-main/RED_Ultimate/backend-server/src/main/kotlin/com/red/server/services/DinstarSignal.kt,"crlf,bom",False,True,False,True,True
arena/019ff1f9-pro-v1,RED_Ultimate_V1-main/RED_Ultimate/backend-server/src/main/kotlin/com/red/server/services/DinstarSignal.kt,"crlf,bom",False,True,False,True,True
arena/019ff215-pro-v1,RED_Ultimate_V1-main/RED_Ultimate/backend-server/src/main/kotlin/com/red/server/services/DinstarSignal.kt,"crlf,bom",False,True,False,True,True
arena/019ff237-pro-v1,RED_Ultimate_V1-main/RED_Ultimate/backend-server/src/main/kotlin/com/red/server/services/DinstarSignal.kt,"crlf,bom",False,True,False,True,True
arena/019ff422-pro-v1,RED_Ultimate_V1-main/RED_Ultimate/backend-server/src/main/kotlin/com/red/server/services/DinstarSignal.kt,"crlf,bom",False,True,False,True,True
arena/019ff82d-pro-v1,RED_Ultimate_V1-main/RED_Ultimate/backend-server/src/main/kotlin/com/red/server/services/DinstarSignal.kt,"crlf,bom",False,True,False,True,True
arena/019ff859-pro-v1,RED_Ultimate_V1-main/RED_Ultimate/backend-server/src/main/kotlin/com/red/server/services/DinstarSignal.kt,"crlf,bom",False,True,False,True,True
arena/019ff8b4-pro-v1,RED_Ultimate_V1-main/RED_Ultimate/backend-server/src/main/kotlin/com/red/server/services/DinstarSignal.kt,"crlf,bom",False,True,False,True,True
arena/019ff8c7-pro-v1,RED_Ultimate_V1-main/RED_Ultimate/backend-server/src/main/kotlin/com/red/server/services/DinstarSignal.kt,"crlf,bom",False,True,False,True,True
arena/019ff8f2-pro-v1,RED_Ultimate_V1-main/RED_Ultimate/backend-server/src/main/kotlin/com/red/server/services/DinstarSignal.kt,"crlf,bom",False,True,False,True,True
arena/019ffce9-pro-v1,RED_Ultimate_V1-main/RED_Ultimate/backend-server/src/main/kotlin/com/red/server/services/DinstarSignal.kt,"crlf,bom",False,True,False,True,True
arena/019ffd78-pro-v1,RED_Ultimate_V1-main/RED_Ultimate/backend-server/src/main/kotlin/com/red/server/services/DinstarSignal.kt,"crlf,bom",False,True,False,True,True
arena/019ffe92-pro-v1,RED_Ultimate_V1-main/RED_Ultimate/backend-server/src/main/kotlin/com/red/server/services/DinstarSignal.kt,"crlf,bom",False,True,False,True,True
arena/019ffece-pro-v1,RED_Ultimate_V1-main/RED_Ultimate/backend-server/src/main/kotlin/com/red/server/services/DinstarSignal.kt,"crlf,bom",False,True,False,True,True
arena/019fffd5-pro-v1,RED_Ultimate_V1-main/RED_Ultimate/backend-server/src/main/kotlin/com/red/server/services/DinstarSignal.kt,"crlf,bom",False,True,False,True,True
arena/01a0064f-pro-v1,RED_Ultimate_V1-main/RED_Ultimate/backend-server/src/main/kotlin/com/red/server/services/DinstarSignal.kt,"crlf,bom",False,True,False,True,True
arena/01a00f9e-pro-v1,RED_Ultimate_V1-main/RED_Ultimate/backend-server/src/main/kotlin/com/red/server/services/DinstarSignal.kt,"crlf,bom",False,True,False,True,True
chore/platform-rebuild-baseline,RED_Ultimate_V1-main/RED_Ultimate/backend-server/src/main/kotlin/com/red/server/services/DinstarSignal.kt,"crlf,bom",False,True,False,True,True
feat/admin-social-management,RED_Ultimate_V1-main/RED_Ultimate/backend-server/src/main/kotlin/com/red/server/services/DinstarSignal.kt,"crlf,bom",False,True,False,True,True
feat/red-engineering-roadmap-20260820,RED_Ultimate_V1-main/RED_Ultimate/backend-server/src/main/kotlin/com/red/server/services/DinstarSignal.kt,"crlf,bom",False,True,False,True,True
feature/uc2000-ve-sms-browser-audit,RED_Ultimate_V1-main/RED_Ultimate/backend-server/src/main/kotlin/com/red/server/services/DinstarSignal.kt,"crlf,bom",False,True,False,True,True
fix/restore-websocket-registrations,RED_Ultimate_V1-main/RED_Ultimate/backend-server/src/main/kotlin/com/red/server/services/DinstarSignal.kt,"crlf,bom",False,True,False,True,True
revert-37-arena/019ffd78-pro-v1,RED_Ultimate_V1-main/RED_Ultimate/backend-server/src/main/kotlin/com/red/server/services/DinstarSignal.kt,"crlf,bom",False,True,False,True,True
arena/019ffece-pro-v1,RED_Ultimate_V1-main/RED_Ultimate/backend-server/src/main/kotlin/com/red/server/services/RedSecurityService.kt,trailing_ws,False,False,False,True,True
arena/01a0064f-pro-v1,RED_Ultimate_V1-main/RED_Ultimate/backend-server/src/main/kotlin/com/red/server/services/RedSecurityService.kt,trailing_ws,False,False,False,True,True
arena/019fe8fa-pro-v1,RED_Ultimate_V1-main/RED_Ultimate/backend-server/src/main/kotlin/com/red/server/social/LinkCardService.kt,final_nl,False,False,False,False,True
arena/019fe9e3-pro-v1,RED_Ultimate_V1-main/RED_Ultimate/backend-server/src/main/kotlin/com/red/server/social/LinkCardService.kt,final_nl,False,False,False,False,True
arena/019ff019-pro-v1,RED_Ultimate_V1-main/RED_Ultimate/backend-server/src/main/kotlin/com/red/server/social/LinkCardService.kt,final_nl,False,False,False,False,True
arena/019ff06b-pro-v1,RED_Ultimate_V1-main/RED_Ultimate/backend-server/src/main/kotlin/com/red/server/social/LinkCardService.kt,final_nl,False,False,False,False,True
arena/019ff085-pro-v1,RED_Ultimate_V1-main/RED_Ultimate/backend-server/src/main/kotlin/com/red/server/social/LinkCardService.kt,final_nl,False,False,False,False,True
arena/019ff0c7-pro-v1,RED_Ultimate_V1-main/RED_Ultimate/backend-server/src/main/kotlin/com/red/server/social/LinkCardService.kt,final_nl,False,False,False,False,True
arena/019ff146-pro-v1,RED_Ultimate_V1-main/RED_Ultimate/backend-server/src/main/kotlin/com/red/server/social/LinkCardService.kt,final_nl,False,False,False,False,True
arena/019ff178-pro-v1,RED_Ultimate_V1-main/RED_Ultimate/backend-server/src/main/kotlin/com/red/server/social/LinkCardService.kt,final_nl,False,False,False,False,True
arena/019ff1f9-pro-v1,RED_Ultimate_V1-main/RED_Ultimate/backend-server/src/main/kotlin/com/red/server/social/LinkCardService.kt,final_nl,False,False,False,False,True
arena/019ff215-pro-v1,RED_Ultimate_V1-main/RED_Ultimate/backend-server/src/main/kotlin/com/red/server/social/LinkCardService.kt,final_nl,False,False,False,False,True
arena/019ff237-pro-v1,RED_Ultimate_V1-main/RED_Ultimate/backend-server/src/main/kotlin/com/red/server/social/LinkCardService.kt,final_nl,False,False,False,False,True
arena/019ff422-pro-v1,RED_Ultimate_V1-main/RED_Ultimate/backend-server/src/main/kotlin/com/red/server/social/LinkCardService.kt,final_nl,False,False,False,False,True
arena/019ff82d-pro-v1,RED_Ultimate_V1-main/RED_Ultimate/backend-server/src/main/kotlin/com/red/server/social/LinkCardService.kt,final_nl,False,False,False,False,True
arena/019ff859-pro-v1,RED_Ultimate_V1-main/RED_Ultimate/backend-server/src/main/kotlin/com/red/server/social/LinkCardService.kt,final_nl,False,False,False,False,True
arena/019ff8b4-pro-v1,RED_Ultimate_V1-main/RED_Ultimate/backend-server/src/main/kotlin/com/red/server/social/LinkCardService.kt,final_nl,False,False,False,False,True
arena/019ff8c7-pro-v1,RED_Ultimate_V1-main/RED_Ultimate/backend-server/src/main/kotlin/com/red/server/social/LinkCardService.kt,final_nl,False,False,False,False,True
arena/019ff8f2-pro-v1,RED_Ultimate_V1-main/RED_Ultimate/backend-server/src/main/kotlin/com/red/server/social/LinkCardService.kt,final_nl,False,False,False,False,True
arena/019ffce9-pro-v1,RED_Ultimate_V1-main/RED_Ultimate/backend-server/src/main/kotlin/com/red/server/social/LinkCardService.kt,final_nl,False,False,False,False,True
arena/019ffd78-pro-v1,RED_Ultimate_V1-main/RED_Ultimate/backend-server/src/main/kotlin/com/red/server/social/LinkCardService.kt,final_nl,False,False,False,False,True
arena/019ffe92-pro-v1,RED_Ultimate_V1-main/RED_Ultimate/backend-server/src/main/kotlin/com/red/server/social/LinkCardService.kt,final_nl,False,False,False,False,True
arena/019ffece-pro-v1,RED_Ultimate_V1-main/RED_Ultimate/backend-server/src/main/kotlin/com/red/server/social/LinkCardService.kt,final_nl,False,False,False,False,True
arena/019fffd5-pro-v1,RED_Ultimate_V1-main/RED_Ultimate/backend-server/src/main/kotlin/com/red/server/social/LinkCardService.kt,final_nl,False,False,False,False,True
arena/01a0064f-pro-v1,RED_Ultimate_V1-main/RED_Ultimate/backend-server/src/main/kotlin/com/red/server/social/LinkCardService.kt,final_nl,False,False,False,False,True
arena/01a00f9e-pro-v1,RED_Ultimate_V1-main/RED_Ultimate/backend-server/src/main/kotlin/com/red/server/social/LinkCardService.kt,final_nl,False,False,False,False,True
chore/platform-rebuild-baseline,RED_Ultimate_V1-main/RED_Ultimate/backend-server/src/main/kotlin/com/red/server/social/LinkCardService.kt,final_nl,False,False,False,False,True
feat/admin-social-management,RED_Ultimate_V1-main/RED_Ultimate/backend-server/src/main/kotlin/com/red/server/social/LinkCardService.kt,final_nl,False,False,False,False,True
feat/red-engineering-roadmap-20260820,RED_Ultimate_V1-main/RED_Ultimate/backend-server/src/main/kotlin/com/red/server/social/LinkCardService.kt,final_nl,False,False,False,False,True
feature/uc2000-ve-sms-browser-audit,RED_Ultimate_V1-main/RED_Ultimate/backend-server/src/main/kotlin/com/red/server/social/LinkCardService.kt,final_nl,False,False,False,False,True
fix/restore-websocket-registrations,RED_Ultimate_V1-main/RED_Ultimate/backend-server/src/main/kotlin/com/red/server/social/LinkCardService.kt,final_nl,False,False,False,False,True
revert-37-arena/019ffd78-pro-v1,RED_Ultimate_V1-main/RED_Ultimate/backend-server/src/main/kotlin/com/red/server/social/LinkCardService.kt,final_nl,False,False,False,False,True
arena/019fe8fa-pro-v1,RED_Ultimate_V1-main/RED_Ultimate/backend-server/src/main/kotlin/com/red/server/websocket/CallWebSocketHandler.kt,trailing_ws,False,False,False,True,True
arena/019fe9e3-pro-v1,RED_Ultimate_V1-main/RED_Ultimate/backend-server/src/main/kotlin/com/red/server/websocket/CallWebSocketHandler.kt,trailing_ws,False,False,False,True,True
arena/019ff019-pro-v1,RED_Ultimate_V1-main/RED_Ultimate/backend-server/src/main/kotlin/com/red/server/websocket/CallWebSocketHandler.kt,trailing_ws,False,False,False,True,True
arena/019ff06b-pro-v1,RED_Ultimate_V1-main/RED_Ultimate/backend-server/src/main/kotlin/com/red/server/websocket/CallWebSocketHandler.kt,trailing_ws,False,False,False,True,True
arena/019ff085-pro-v1,RED_Ultimate_V1-main/RED_Ultimate/backend-server/src/main/kotlin/com/red/server/websocket/CallWebSocketHandler.kt,trailing_ws,False,False,False,True,True
arena/019ff0c7-pro-v1,RED_Ultimate_V1-main/RED_Ultimate/backend-server/src/main/kotlin/com/red/server/websocket/CallWebSocketHandler.kt,trailing_ws,False,False,False,True,True
arena/019ff146-pro-v1,RED_Ultimate_V1-main/RED_Ultimate/backend-server/src/main/kotlin/com/red/server/websocket/CallWebSocketHandler.kt,trailing_ws,False,False,False,True,True
arena/019ff178-pro-v1,RED_Ultimate_V1-main/RED_Ultimate/backend-server/src/main/kotlin/com/red/server/websocket/CallWebSocketHandler.kt,trailing_ws,False,False,False,True,True
arena/019ff1f9-pro-v1,RED_Ultimate_V1-main/RED_Ultimate/backend-server/src/main/kotlin/com/red/server/websocket/CallWebSocketHandler.kt,trailing_ws,False,False,False,True,True
arena/019ff215-pro-v1,RED_Ultimate_V1-main/RED_Ultimate/backend-server/src/main/kotlin/com/red/server/websocket/CallWebSocketHandler.kt,trailing_ws,False,False,False,True,True
arena/019ff237-pro-v1,RED_Ultimate_V1-main/RED_Ultimate/backend-server/src/main/kotlin/com/red/server/websocket/CallWebSocketHandler.kt,trailing_ws,False,False,False,True,True
arena/019ff422-pro-v1,RED_Ultimate_V1-main/RED_Ultimate/backend-server/src/main/kotlin/com/red/server/websocket/CallWebSocketHandler.kt,trailing_ws,False,False,False,True,True
arena/019ff82d-pro-v1,RED_Ultimate_V1-main/RED_Ultimate/backend-server/src/main/kotlin/com/red/server/websocket/CallWebSocketHandler.kt,trailing_ws,False,False,False,True,True
arena/019ff859-pro-v1,RED_Ultimate_V1-main/RED_Ultimate/backend-server/src/main/kotlin/com/red/server/websocket/CallWebSocketHandler.kt,trailing_ws,False,False,False,True,True
arena/019ff8b4-pro-v1,RED_Ultimate_V1-main/RED_Ultimate/backend-server/src/main/kotlin/com/red/server/websocket/CallWebSocketHandler.kt,trailing_ws,False,False,False,True,True
arena/019ff8c7-pro-v1,RED_Ultimate_V1-main/RED_Ultimate/backend-server/src/main/kotlin/com/red/server/websocket/CallWebSocketHandler.kt,trailing_ws,False,False,False,True,True
arena/019ff8f2-pro-v1,RED_Ultimate_V1-main/RED_Ultimate/backend-server/src/main/kotlin/com/red/server/websocket/CallWebSocketHandler.kt,trailing_ws,False,False,False,True,True
arena/019ffce9-pro-v1,RED_Ultimate_V1-main/RED_Ultimate/backend-server/src/main/kotlin/com/red/server/websocket/CallWebSocketHandler.kt,trailing_ws,False,False,False,True,True
arena/019ffd78-pro-v1,RED_Ultimate_V1-main/RED_Ultimate/backend-server/src/main/kotlin/com/red/server/websocket/CallWebSocketHandler.kt,trailing_ws,False,False,False,True,True
arena/019ffe92-pro-v1,RED_Ultimate_V1-main/RED_Ultimate/backend-server/src/main/kotlin/com/red/server/websocket/CallWebSocketHandler.kt,trailing_ws,False,False,False,True,True
arena/019ffece-pro-v1,RED_Ultimate_V1-main/RED_Ultimate/backend-server/src/main/kotlin/com/red/server/websocket/CallWebSocketHandler.kt,trailing_ws,False,False,False,True,True
arena/019fffd5-pro-v1,RED_Ultimate_V1-main/RED_Ultimate/backend-server/src/main/kotlin/com/red/server/websocket/CallWebSocketHandler.kt,trailing_ws,False,False,False,True,True
arena/01a0064f-pro-v1,RED_Ultimate_V1-main/RED_Ultimate/backend-server/src/main/kotlin/com/red/server/websocket/CallWebSocketHandler.kt,trailing_ws,False,False,False,True,True
arena/01a00f9e-pro-v1,RED_Ultimate_V1-main/RED_Ultimate/backend-server/src/main/kotlin/com/red/server/websocket/CallWebSocketHandler.kt,trailing_ws,False,False,False,True,True
chore/platform-rebuild-baseline,RED_Ultimate_V1-main/RED_Ultimate/backend-server/src/main/kotlin/com/red/server/websocket/CallWebSocketHandler.kt,trailing_ws,False,False,False,True,True
feat/admin-social-management,RED_Ultimate_V1-main/RED_Ultimate/backend-server/src/main/kotlin/com/red/server/websocket/CallWebSocketHandler.kt,trailing_ws,False,False,False,True,True
feat/red-engineering-roadmap-20260820,RED_Ultimate_V1-main/RED_Ultimate/backend-server/src/main/kotlin/com/red/server/websocket/CallWebSocketHandler.kt,trailing_ws,False,False,False,True,True
feature/uc2000-ve-sms-browser-audit,RED_Ultimate_V1-main/RED_Ultimate/backend-server/src/main/kotlin/com/red/server/websocket/CallWebSocketHandler.kt,trailing_ws,False,False,False,True,True
fix/restore-websocket-registrations,RED_Ultimate_V1-main/RED_Ultimate/backend-server/src/main/kotlin/com/red/server/websocket/CallWebSocketHandler.kt,trailing_ws,False,False,False,True,True
revert-37-arena/019ffd78-pro-v1,RED_Ultimate_V1-main/RED_Ultimate/backend-server/src/main/kotlin/com/red/server/websocket/CallWebSocketHandler.kt,trailing_ws,False,False,False,True,True
arena/019fe8fa-pro-v1,RED_Ultimate_V1-main/RED_Ultimate/backend-server/src/main/kotlin/com/red/server/websocket/LiveStreamWebSocketHandler.kt,crlf,False,True,False,True,True
arena/019fe9e3-pro-v1,RED_Ultimate_V1-main/RED_Ultimate/backend-server/src/main/kotlin/com/red/server/websocket/LiveStreamWebSocketHandler.kt,crlf,False,True,False,True,True
arena/019ff019-pro-v1,RED_Ultimate_V1-main/RED_Ultimate/backend-server/src/main/kotlin/com/red/server/websocket/LiveStreamWebSocketHandler.kt,crlf,False,True,False,True,True
arena/019ff06b-pro-v1,RED_Ultimate_V1-main/RED_Ultimate/backend-server/src/main/kotlin/com/red/server/websocket/LiveStreamWebSocketHandler.kt,crlf,False,True,False,True,True
arena/019ff085-pro-v1,RED_Ultimate_V1-main/RED_Ultimate/backend-server/src/main/kotlin/com/red/server/websocket/LiveStreamWebSocketHandler.kt,crlf,False,True,False,True,True
arena/019ff0c7-pro-v1,RED_Ultimate_V1-main/RED_Ultimate/backend-server/src/main/kotlin/com/red/server/websocket/LiveStreamWebSocketHandler.kt,crlf,False,True,False,True,True
arena/019ff146-pro-v1,RED_Ultimate_V1-main/RED_Ultimate/backend-server/src/main/kotlin/com/red/server/websocket/LiveStreamWebSocketHandler.kt,crlf,False,True,False,True,True
arena/019ff178-pro-v1,RED_Ultimate_V1-main/RED_Ultimate/backend-server/src/main/kotlin/com/red/server/websocket/LiveStreamWebSocketHandler.kt,crlf,False,True,False,True,True
arena/019ff1f9-pro-v1,RED_Ultimate_V1-main/RED_Ultimate/backend-server/src/main/kotlin/com/red/server/websocket/LiveStreamWebSocketHandler.kt,crlf,False,True,False,True,True
arena/019ff215-pro-v1,RED_Ultimate_V1-main/RED_Ultimate/backend-server/src/main/kotlin/com/red/server/websocket/LiveStreamWebSocketHandler.kt,crlf,False,True,False,True,True
arena/019ff237-pro-v1,RED_Ultimate_V1-main/RED_Ultimate/backend-server/src/main/kotlin/com/red/server/websocket/LiveStreamWebSocketHandler.kt,crlf,False,True,False,True,True
arena/019ff422-pro-v1,RED_Ultimate_V1-main/RED_Ultimate/backend-server/src/main/kotlin/com/red/server/websocket/LiveStreamWebSocketHandler.kt,crlf,False,True,False,True,True
arena/019ff82d-pro-v1,RED_Ultimate_V1-main/RED_Ultimate/backend-server/src/main/kotlin/com/red/server/websocket/LiveStreamWebSocketHandler.kt,crlf,False,True,False,True,True
arena/019ff859-pro-v1,RED_Ultimate_V1-main/RED_Ultimate/backend-server/src/main/kotlin/com/red/server/websocket/LiveStreamWebSocketHandler.kt,crlf,False,True,False,True,True
arena/019ff8b4-pro-v1,RED_Ultimate_V1-main/RED_Ultimate/backend-server/src/main/kotlin/com/red/server/websocket/LiveStreamWebSocketHandler.kt,crlf,False,True,False,True,True
arena/019ff8c7-pro-v1,RED_Ultimate_V1-main/RED_Ultimate/backend-server/src/main/kotlin/com/red/server/websocket/LiveStreamWebSocketHandler.kt,crlf,False,True,False,True,True
arena/019ff8f2-pro-v1,RED_Ultimate_V1-main/RED_Ultimate/backend-server/src/main/kotlin/com/red/server/websocket/LiveStreamWebSocketHandler.kt,crlf,False,True,False,True,True
arena/019ffce9-pro-v1,RED_Ultimate_V1-main/RED_Ultimate/backend-server/src/main/kotlin/com/red/server/websocket/LiveStreamWebSocketHandler.kt,crlf,False,True,False,True,True
arena/019ffd78-pro-v1,RED_Ultimate_V1-main/RED_Ultimate/backend-server/src/main/kotlin/com/red/server/websocket/LiveStreamWebSocketHandler.kt,crlf,False,True,False,True,True
arena/019ffe92-pro-v1,RED_Ultimate_V1-main/RED_Ultimate/backend-server/src/main/kotlin/com/red/server/websocket/LiveStreamWebSocketHandler.kt,crlf,False,True,False,True,True
arena/019ffece-pro-v1,RED_Ultimate_V1-main/RED_Ultimate/backend-server/src/main/kotlin/com/red/server/websocket/LiveStreamWebSocketHandler.kt,crlf,False,True,False,True,True
arena/019fffd5-pro-v1,RED_Ultimate_V1-main/RED_Ultimate/backend-server/src/main/kotlin/com/red/server/websocket/LiveStreamWebSocketHandler.kt,crlf,False,True,False,True,True
arena/01a0064f-pro-v1,RED_Ultimate_V1-main/RED_Ultimate/backend-server/src/main/kotlin/com/red/server/websocket/LiveStreamWebSocketHandler.kt,crlf,False,True,False,True,True
arena/01a00f9e-pro-v1,RED_Ultimate_V1-main/RED_Ultimate/backend-server/src/main/kotlin/com/red/server/websocket/LiveStreamWebSocketHandler.kt,crlf,False,True,False,True,True
chore/platform-rebuild-baseline,RED_Ultimate_V1-main/RED_Ultimate/backend-server/src/main/kotlin/com/red/server/websocket/LiveStreamWebSocketHandler.kt,crlf,False,True,False,True,True
feat/admin-social-management,RED_Ultimate_V1-main/RED_Ultimate/backend-server/src/main/kotlin/com/red/server/websocket/LiveStreamWebSocketHandler.kt,crlf,False,True,False,True,True
feat/red-engineering-roadmap-20260820,RED_Ultimate_V1-main/RED_Ultimate/backend-server/src/main/kotlin/com/red/server/websocket/LiveStreamWebSocketHandler.kt,crlf,False,True,False,True,True
feature/uc2000-ve-sms-browser-audit,RED_Ultimate_V1-main/RED_Ultimate/backend-server/src/main/kotlin/com/red/server/websocket/LiveStreamWebSocketHandler.kt,crlf,False,True,False,True,True
fix/restore-websocket-registrations,RED_Ultimate_V1-main/RED_Ultimate/backend-server/src/main/kotlin/com/red/server/websocket/LiveStreamWebSocketHandler.kt,crlf,False,True,False,True,True
revert-37-arena/019ffd78-pro-v1,RED_Ultimate_V1-main/RED_Ultimate/backend-server/src/main/kotlin/com/red/server/websocket/LiveStreamWebSocketHandler.kt,crlf,False,True,False,True,True
arena/019ff8f2-pro-v1,RED_Ultimate_V1-main/RED_Ultimate/backend-server/src/main/kotlin/com/red/server/websocket/WebSocketConfig.kt,trailing_ws,False,False,False,True,True
arena/019ffce9-pro-v1,RED_Ultimate_V1-main/RED_Ultimate/backend-server/src/main/kotlin/com/red/server/websocket/WebSocketConfig.kt,trailing_ws,False,False,False,True,True
arena/019ffd78-pro-v1,RED_Ultimate_V1-main/RED_Ultimate/backend-server/src/main/kotlin/com/red/server/websocket/WebSocketConfig.kt,trailing_ws,False,False,False,True,True
arena/019ffe92-pro-v1,RED_Ultimate_V1-main/RED_Ultimate/backend-server/src/main/kotlin/com/red/server/websocket/WebSocketConfig.kt,trailing_ws,False,False,False,True,True
arena/019fffd5-pro-v1,RED_Ultimate_V1-main/RED_Ultimate/backend-server/src/main/kotlin/com/red/server/websocket/WebSocketConfig.kt,trailing_ws,False,False,False,True,True
revert-37-arena/019ffd78-pro-v1,RED_Ultimate_V1-main/RED_Ultimate/backend-server/src/main/kotlin/com/red/server/websocket/WebSocketConfig.kt,trailing_ws,False,False,False,True,True
arena/019fe9e3-pro-v1,RED_Ultimate_V1-main/RED_Ultimate/backend-server/src/test/kotlin/com/red/server/DinstarOperatorRoutingTest.kt,crlf,False,True,False,True,True
arena/019ff06b-pro-v1,RED_Ultimate_V1-main/RED_Ultimate/backend-server/src/test/kotlin/com/red/server/DinstarOperatorRoutingTest.kt,crlf,False,True,False,True,True
arena/019ff085-pro-v1,RED_Ultimate_V1-main/RED_Ultimate/backend-server/src/test/kotlin/com/red/server/DinstarOperatorRoutingTest.kt,crlf,False,True,False,True,True
arena/019ff0c7-pro-v1,RED_Ultimate_V1-main/RED_Ultimate/backend-server/src/test/kotlin/com/red/server/DinstarOperatorRoutingTest.kt,crlf,False,True,False,True,True
arena/019ff146-pro-v1,RED_Ultimate_V1-main/RED_Ultimate/backend-server/src/test/kotlin/com/red/server/DinstarOperatorRoutingTest.kt,crlf,False,True,False,True,True
arena/019ff178-pro-v1,RED_Ultimate_V1-main/RED_Ultimate/backend-server/src/test/kotlin/com/red/server/DinstarOperatorRoutingTest.kt,crlf,False,True,False,True,True
arena/019ff1f9-pro-v1,RED_Ultimate_V1-main/RED_Ultimate/backend-server/src/test/kotlin/com/red/server/DinstarOperatorRoutingTest.kt,crlf,False,True,False,True,True
arena/019ff215-pro-v1,RED_Ultimate_V1-main/RED_Ultimate/backend-server/src/test/kotlin/com/red/server/DinstarOperatorRoutingTest.kt,crlf,False,True,False,True,True
arena/019ff237-pro-v1,RED_Ultimate_V1-main/RED_Ultimate/backend-server/src/test/kotlin/com/red/server/DinstarOperatorRoutingTest.kt,crlf,False,True,False,True,True
arena/019ff422-pro-v1,RED_Ultimate_V1-main/RED_Ultimate/backend-server/src/test/kotlin/com/red/server/DinstarOperatorRoutingTest.kt,crlf,False,True,False,True,True
arena/019ff82d-pro-v1,RED_Ultimate_V1-main/RED_Ultimate/backend-server/src/test/kotlin/com/red/server/DinstarOperatorRoutingTest.kt,crlf,False,True,False,True,True
arena/019ff859-pro-v1,RED_Ultimate_V1-main/RED_Ultimate/backend-server/src/test/kotlin/com/red/server/DinstarOperatorRoutingTest.kt,crlf,False,True,False,True,True
arena/019ff8b4-pro-v1,RED_Ultimate_V1-main/RED_Ultimate/backend-server/src/test/kotlin/com/red/server/DinstarOperatorRoutingTest.kt,crlf,False,True,False,True,True
arena/019ff8c7-pro-v1,RED_Ultimate_V1-main/RED_Ultimate/backend-server/src/test/kotlin/com/red/server/DinstarOperatorRoutingTest.kt,crlf,False,True,False,True,True
arena/019ff8f2-pro-v1,RED_Ultimate_V1-main/RED_Ultimate/backend-server/src/test/kotlin/com/red/server/DinstarOperatorRoutingTest.kt,crlf,False,True,False,True,True
arena/019ffce9-pro-v1,RED_Ultimate_V1-main/RED_Ultimate/backend-server/src/test/kotlin/com/red/server/DinstarOperatorRoutingTest.kt,crlf,False,True,False,True,True
arena/019ffd78-pro-v1,RED_Ultimate_V1-main/RED_Ultimate/backend-server/src/test/kotlin/com/red/server/DinstarOperatorRoutingTest.kt,crlf,False,True,False,True,True
arena/019ffe92-pro-v1,RED_Ultimate_V1-main/RED_Ultimate/backend-server/src/test/kotlin/com/red/server/DinstarOperatorRoutingTest.kt,crlf,False,True,False,True,True
arena/019ffece-pro-v1,RED_Ultimate_V1-main/RED_Ultimate/backend-server/src/test/kotlin/com/red/server/DinstarOperatorRoutingTest.kt,crlf,False,True,False,True,True
arena/019fffd5-pro-v1,RED_Ultimate_V1-main/RED_Ultimate/backend-server/src/test/kotlin/com/red/server/DinstarOperatorRoutingTest.kt,crlf,False,True,False,True,True
arena/01a0064f-pro-v1,RED_Ultimate_V1-main/RED_Ultimate/backend-server/src/test/kotlin/com/red/server/DinstarOperatorRoutingTest.kt,crlf,False,True,False,True,True
arena/01a00f9e-pro-v1,RED_Ultimate_V1-main/RED_Ultimate/backend-server/src/test/kotlin/com/red/server/DinstarOperatorRoutingTest.kt,crlf,False,True,False,True,True
chore/platform-rebuild-baseline,RED_Ultimate_V1-main/RED_Ultimate/backend-server/src/test/kotlin/com/red/server/DinstarOperatorRoutingTest.kt,crlf,False,True,False,True,True
feat/admin-social-management,RED_Ultimate_V1-main/RED_Ultimate/backend-server/src/test/kotlin/com/red/server/DinstarOperatorRoutingTest.kt,crlf,False,True,False,True,True
feat/red-engineering-roadmap-20260820,RED_Ultimate_V1-main/RED_Ultimate/backend-server/src/test/kotlin/com/red/server/DinstarOperatorRoutingTest.kt,crlf,False,True,False,True,True
feature/uc2000-ve-sms-browser-audit,RED_Ultimate_V1-main/RED_Ultimate/backend-server/src/test/kotlin/com/red/server/DinstarOperatorRoutingTest.kt,crlf,False,True,False,True,True
fix/restore-websocket-registrations,RED_Ultimate_V1-main/RED_Ultimate/backend-server/src/test/kotlin/com/red/server/DinstarOperatorRoutingTest.kt,crlf,False,True,False,True,True
revert-37-arena/019ffd78-pro-v1,RED_Ultimate_V1-main/RED_Ultimate/backend-server/src/test/kotlin/com/red/server/DinstarOperatorRoutingTest.kt,crlf,False,True,False,True,True
arena/019fe9e3-pro-v1,RED_Ultimate_V1-main/RED_Ultimate/backend-server/src/test/kotlin/com/red/server/DinstarSignalTest.kt,"crlf,final_nl",False,True,False,False,True
arena/019ff06b-pro-v1,RED_Ultimate_V1-main/RED_Ultimate/backend-server/src/test/kotlin/com/red/server/DinstarSignalTest.kt,"crlf,final_nl",False,True,False,False,True
arena/019ff085-pro-v1,RED_Ultimate_V1-main/RED_Ultimate/backend-server/src/test/kotlin/com/red/server/DinstarSignalTest.kt,"crlf,final_nl",False,True,False,False,True
arena/019ff0c7-pro-v1,RED_Ultimate_V1-main/RED_Ultimate/backend-server/src/test/kotlin/com/red/server/DinstarSignalTest.kt,"crlf,final_nl",False,True,False,False,True
arena/019ff146-pro-v1,RED_Ultimate_V1-main/RED_Ultimate/backend-server/src/test/kotlin/com/red/server/DinstarSignalTest.kt,"crlf,final_nl",False,True,False,False,True
arena/019ff178-pro-v1,RED_Ultimate_V1-main/RED_Ultimate/backend-server/src/test/kotlin/com/red/server/DinstarSignalTest.kt,"crlf,final_nl",False,True,False,False,True
arena/019ff1f9-pro-v1,RED_Ultimate_V1-main/RED_Ultimate/backend-server/src/test/kotlin/com/red/server/DinstarSignalTest.kt,"crlf,final_nl",False,True,False,False,True
arena/019ff215-pro-v1,RED_Ultimate_V1-main/RED_Ultimate/backend-server/src/test/kotlin/com/red/server/DinstarSignalTest.kt,"crlf,final_nl",False,True,False,False,True
arena/019ff237-pro-v1,RED_Ultimate_V1-main/RED_Ultimate/backend-server/src/test/kotlin/com/red/server/DinstarSignalTest.kt,"crlf,final_nl",False,True,False,False,True
arena/019ff422-pro-v1,RED_Ultimate_V1-main/RED_Ultimate/backend-server/src/test/kotlin/com/red/server/DinstarSignalTest.kt,"crlf,final_nl",False,True,False,False,True
arena/019ff82d-pro-v1,RED_Ultimate_V1-main/RED_Ultimate/backend-server/src/test/kotlin/com/red/server/DinstarSignalTest.kt,"crlf,final_nl",False,True,False,False,True
arena/019ff859-pro-v1,RED_Ultimate_V1-main/RED_Ultimate/backend-server/src/test/kotlin/com/red/server/DinstarSignalTest.kt,"crlf,final_nl",False,True,False,False,True
arena/019ff8b4-pro-v1,RED_Ultimate_V1-main/RED_Ultimate/backend-server/src/test/kotlin/com/red/server/DinstarSignalTest.kt,"crlf,final_nl",False,True,False,False,True
arena/019ff8c7-pro-v1,RED_Ultimate_V1-main/RED_Ultimate/backend-server/src/test/kotlin/com/red/server/DinstarSignalTest.kt,"crlf,final_nl",False,True,False,False,True
arena/019ff8f2-pro-v1,RED_Ultimate_V1-main/RED_Ultimate/backend-server/src/test/kotlin/com/red/server/DinstarSignalTest.kt,"crlf,final_nl",False,True,False,False,True
arena/019ffce9-pro-v1,RED_Ultimate_V1-main/RED_Ultimate/backend-server/src/test/kotlin/com/red/server/DinstarSignalTest.kt,"crlf,final_nl",False,True,False,False,True
arena/019ffd78-pro-v1,RED_Ultimate_V1-main/RED_Ultimate/backend-server/src/test/kotlin/com/red/server/DinstarSignalTest.kt,"crlf,final_nl",False,True,False,False,True
arena/019ffe92-pro-v1,RED_Ultimate_V1-main/RED_Ultimate/backend-server/src/test/kotlin/com/red/server/DinstarSignalTest.kt,"crlf,final_nl",False,True,False,False,True
arena/019ffece-pro-v1,RED_Ultimate_V1-main/RED_Ultimate/backend-server/src/test/kotlin/com/red/server/DinstarSignalTest.kt,"crlf,final_nl",False,True,False,False,True
arena/019fffd5-pro-v1,RED_Ultimate_V1-main/RED_Ultimate/backend-server/src/test/kotlin/com/red/server/DinstarSignalTest.kt,"crlf,final_nl",False,True,False,False,True
arena/01a0064f-pro-v1,RED_Ultimate_V1-main/RED_Ultimate/backend-server/src/test/kotlin/com/red/server/DinstarSignalTest.kt,"crlf,final_nl",False,True,False,False,True
arena/01a00f9e-pro-v1,RED_Ultimate_V1-main/RED_Ultimate/backend-server/src/test/kotlin/com/red/server/DinstarSignalTest.kt,"crlf,final_nl",False,True,False,False,True
chore/platform-rebuild-baseline,RED_Ultimate_V1-main/RED_Ultimate/backend-server/src/test/kotlin/com/red/server/DinstarSignalTest.kt,"crlf,final_nl",False,True,False,False,True
feat/admin-social-management,RED_Ultimate_V1-main/RED_Ultimate/backend-server/src/test/kotlin/com/red/server/DinstarSignalTest.kt,"crlf,final_nl",False,True,False,False,True
feat/red-engineering-roadmap-20260820,RED_Ultimate_V1-main/RED_Ultimate/backend-server/src/test/kotlin/com/red/server/DinstarSignalTest.kt,"crlf,final_nl",False,True,False,False,True
feature/uc2000-ve-sms-browser-audit,RED_Ultimate_V1-main/RED_Ultimate/backend-server/src/test/kotlin/com/red/server/DinstarSignalTest.kt,"crlf,final_nl",False,True,False,False,True
fix/restore-websocket-registrations,RED_Ultimate_V1-main/RED_Ultimate/backend-server/src/test/kotlin/com/red/server/DinstarSignalTest.kt,"crlf,final_nl",False,True,False,False,True
revert-37-arena/019ffd78-pro-v1,RED_Ultimate_V1-main/RED_Ultimate/backend-server/src/test/kotlin/com/red/server/DinstarSignalTest.kt,"crlf,final_nl",False,True,False,False,True
arena/019fe8fa-pro-v1,RED_Ultimate_V1-main/RED_Ultimate/backend-server/src/test/kotlin/com/red/server/LiveStreamServiceTest.kt,crlf,False,True,False,True,True
arena/019fe9e3-pro-v1,RED_Ultimate_V1-main/RED_Ultimate/backend-server/src/test/kotlin/com/red/server/LiveStreamServiceTest.kt,crlf,False,True,False,True,True
arena/019ff019-pro-v1,RED_Ultimate_V1-main/RED_Ultimate/backend-server/src/test/kotlin/com/red/server/LiveStreamServiceTest.kt,crlf,False,True,False,True,True
arena/019ff06b-pro-v1,RED_Ultimate_V1-main/RED_Ultimate/backend-server/src/test/kotlin/com/red/server/LiveStreamServiceTest.kt,crlf,False,True,False,True,True
arena/019ff085-pro-v1,RED_Ultimate_V1-main/RED_Ultimate/backend-server/src/test/kotlin/com/red/server/LiveStreamServiceTest.kt,crlf,False,True,False,True,True
arena/019ff0c7-pro-v1,RED_Ultimate_V1-main/RED_Ultimate/backend-server/src/test/kotlin/com/red/server/LiveStreamServiceTest.kt,crlf,False,True,False,True,True
arena/019ff146-pro-v1,RED_Ultimate_V1-main/RED_Ultimate/backend-server/src/test/kotlin/com/red/server/LiveStreamServiceTest.kt,crlf,False,True,False,True,True
arena/019ff178-pro-v1,RED_Ultimate_V1-main/RED_Ultimate/backend-server/src/test/kotlin/com/red/server/LiveStreamServiceTest.kt,crlf,False,True,False,True,True
arena/019ff1f9-pro-v1,RED_Ultimate_V1-main/RED_Ultimate/backend-server/src/test/kotlin/com/red/server/LiveStreamServiceTest.kt,crlf,False,True,False,True,True
arena/019ff215-pro-v1,RED_Ultimate_V1-main/RED_Ultimate/backend-server/src/test/kotlin/com/red/server/LiveStreamServiceTest.kt,crlf,False,True,False,True,True
arena/019ff237-pro-v1,RED_Ultimate_V1-main/RED_Ultimate/backend-server/src/test/kotlin/com/red/server/LiveStreamServiceTest.kt,crlf,False,True,False,True,True
arena/019ff422-pro-v1,RED_Ultimate_V1-main/RED_Ultimate/backend-server/src/test/kotlin/com/red/server/LiveStreamServiceTest.kt,crlf,False,True,False,True,True
arena/019ff82d-pro-v1,RED_Ultimate_V1-main/RED_Ultimate/backend-server/src/test/kotlin/com/red/server/LiveStreamServiceTest.kt,crlf,False,True,False,True,True
arena/019ff859-pro-v1,RED_Ultimate_V1-main/RED_Ultimate/backend-server/src/test/kotlin/com/red/server/LiveStreamServiceTest.kt,crlf,False,True,False,True,True
arena/019ff8b4-pro-v1,RED_Ultimate_V1-main/RED_Ultimate/backend-server/src/test/kotlin/com/red/server/LiveStreamServiceTest.kt,crlf,False,True,False,True,True
arena/019ff8c7-pro-v1,RED_Ultimate_V1-main/RED_Ultimate/backend-server/src/test/kotlin/com/red/server/LiveStreamServiceTest.kt,crlf,False,True,False,True,True
arena/019ff8f2-pro-v1,RED_Ultimate_V1-main/RED_Ultimate/backend-server/src/test/kotlin/com/red/server/LiveStreamServiceTest.kt,crlf,False,True,False,True,True
arena/019ffce9-pro-v1,RED_Ultimate_V1-main/RED_Ultimate/backend-server/src/test/kotlin/com/red/server/LiveStreamServiceTest.kt,crlf,False,True,False,True,True
arena/019ffd78-pro-v1,RED_Ultimate_V1-main/RED_Ultimate/backend-server/src/test/kotlin/com/red/server/LiveStreamServiceTest.kt,crlf,False,True,False,True,True
arena/019ffe92-pro-v1,RED_Ultimate_V1-main/RED_Ultimate/backend-server/src/test/kotlin/com/red/server/LiveStreamServiceTest.kt,crlf,False,True,False,True,True
arena/019ffece-pro-v1,RED_Ultimate_V1-main/RED_Ultimate/backend-server/src/test/kotlin/com/red/server/LiveStreamServiceTest.kt,crlf,False,True,False,True,True
arena/019fffd5-pro-v1,RED_Ultimate_V1-main/RED_Ultimate/backend-server/src/test/kotlin/com/red/server/LiveStreamServiceTest.kt,crlf,False,True,False,True,True
arena/01a0064f-pro-v1,RED_Ultimate_V1-main/RED_Ultimate/backend-server/src/test/kotlin/com/red/server/LiveStreamServiceTest.kt,crlf,False,True,False,True,True
arena/01a00f9e-pro-v1,RED_Ultimate_V1-main/RED_Ultimate/backend-server/src/test/kotlin/com/red/server/LiveStreamServiceTest.kt,crlf,False,True,False,True,True
chore/platform-rebuild-baseline,RED_Ultimate_V1-main/RED_Ultimate/backend-server/src/test/kotlin/com/red/server/LiveStreamServiceTest.kt,crlf,False,True,False,True,True
feat/admin-social-management,RED_Ultimate_V1-main/RED_Ultimate/backend-server/src/test/kotlin/com/red/server/LiveStreamServiceTest.kt,crlf,False,True,False,True,True
feat/red-engineering-roadmap-20260820,RED_Ultimate_V1-main/RED_Ultimate/backend-server/src/test/kotlin/com/red/server/LiveStreamServiceTest.kt,crlf,False,True,False,True,True
feature/uc2000-ve-sms-browser-audit,RED_Ultimate_V1-main/RED_Ultimate/backend-server/src/test/kotlin/com/red/server/LiveStreamServiceTest.kt,crlf,False,True,False,True,True
fix/restore-websocket-registrations,RED_Ultimate_V1-main/RED_Ultimate/backend-server/src/test/kotlin/com/red/server/LiveStreamServiceTest.kt,crlf,False,True,False,True,True
revert-37-arena/019ffd78-pro-v1,RED_Ultimate_V1-main/RED_Ultimate/backend-server/src/test/kotlin/com/red/server/LiveStreamServiceTest.kt,crlf,False,True,False,True,True
arena/019fe8fa-pro-v1,RED_Ultimate_V1-main/RED_Ultimate/backend-server/src/test/kotlin/com/red/server/PstnCallServiceTest.kt,"crlf,bom",False,True,False,True,True
arena/019fe9e3-pro-v1,RED_Ultimate_V1-main/RED_Ultimate/backend-server/src/test/kotlin/com/red/server/PstnCallServiceTest.kt,"crlf,bom",False,True,False,True,True
arena/019ff019-pro-v1,RED_Ultimate_V1-main/RED_Ultimate/backend-server/src/test/kotlin/com/red/server/PstnCallServiceTest.kt,"crlf,bom",False,True,False,True,True
arena/019ff06b-pro-v1,RED_Ultimate_V1-main/RED_Ultimate/backend-server/src/test/kotlin/com/red/server/PstnCallServiceTest.kt,"crlf,bom",False,True,False,True,True
arena/019ff085-pro-v1,RED_Ultimate_V1-main/RED_Ultimate/backend-server/src/test/kotlin/com/red/server/PstnCallServiceTest.kt,"crlf,bom",False,True,False,True,True
arena/019ff0c7-pro-v1,RED_Ultimate_V1-main/RED_Ultimate/backend-server/src/test/kotlin/com/red/server/PstnCallServiceTest.kt,"crlf,bom",False,True,False,True,True
arena/019ff146-pro-v1,RED_Ultimate_V1-main/RED_Ultimate/backend-server/src/test/kotlin/com/red/server/PstnCallServiceTest.kt,"crlf,bom",False,True,False,True,True
arena/019ff178-pro-v1,RED_Ultimate_V1-main/RED_Ultimate/backend-server/src/test/kotlin/com/red/server/PstnCallServiceTest.kt,"crlf,bom",False,True,False,True,True
arena/019ff1f9-pro-v1,RED_Ultimate_V1-main/RED_Ultimate/backend-server/src/test/kotlin/com/red/server/PstnCallServiceTest.kt,"crlf,bom",False,True,False,True,True
arena/019ff215-pro-v1,RED_Ultimate_V1-main/RED_Ultimate/backend-server/src/test/kotlin/com/red/server/PstnCallServiceTest.kt,"crlf,bom",False,True,False,True,True
arena/019ff237-pro-v1,RED_Ultimate_V1-main/RED_Ultimate/backend-server/src/test/kotlin/com/red/server/PstnCallServiceTest.kt,"crlf,bom",False,True,False,True,True
arena/019ff422-pro-v1,RED_Ultimate_V1-main/RED_Ultimate/backend-server/src/test/kotlin/com/red/server/PstnCallServiceTest.kt,"crlf,bom",False,True,False,True,True
arena/019ff82d-pro-v1,RED_Ultimate_V1-main/RED_Ultimate/backend-server/src/test/kotlin/com/red/server/PstnCallServiceTest.kt,"crlf,bom",False,True,False,True,True
arena/019ff859-pro-v1,RED_Ultimate_V1-main/RED_Ultimate/backend-server/src/test/kotlin/com/red/server/PstnCallServiceTest.kt,"crlf,bom",False,True,False,True,True
arena/019ff8b4-pro-v1,RED_Ultimate_V1-main/RED_Ultimate/backend-server/src/test/kotlin/com/red/server/PstnCallServiceTest.kt,"crlf,bom",False,True,False,True,True
arena/019ff8c7-pro-v1,RED_Ultimate_V1-main/RED_Ultimate/backend-server/src/test/kotlin/com/red/server/PstnCallServiceTest.kt,"crlf,bom",False,True,False,True,True
arena/019ff8f2-pro-v1,RED_Ultimate_V1-main/RED_Ultimate/backend-server/src/test/kotlin/com/red/server/PstnCallServiceTest.kt,"crlf,bom",False,True,False,True,True
arena/019ffce9-pro-v1,RED_Ultimate_V1-main/RED_Ultimate/backend-server/src/test/kotlin/com/red/server/PstnCallServiceTest.kt,"crlf,bom",False,True,False,True,True
arena/019ffd78-pro-v1,RED_Ultimate_V1-main/RED_Ultimate/backend-server/src/test/kotlin/com/red/server/PstnCallServiceTest.kt,"crlf,bom",False,True,False,True,True
arena/019ffe92-pro-v1,RED_Ultimate_V1-main/RED_Ultimate/backend-server/src/test/kotlin/com/red/server/PstnCallServiceTest.kt,"crlf,bom",False,True,False,True,True
arena/019ffece-pro-v1,RED_Ultimate_V1-main/RED_Ultimate/backend-server/src/test/kotlin/com/red/server/PstnCallServiceTest.kt,"crlf,bom",False,True,False,True,True
arena/019fffd5-pro-v1,RED_Ultimate_V1-main/RED_Ultimate/backend-server/src/test/kotlin/com/red/server/PstnCallServiceTest.kt,"crlf,bom",False,True,False,True,True
arena/01a0064f-pro-v1,RED_Ultimate_V1-main/RED_Ultimate/backend-server/src/test/kotlin/com/red/server/PstnCallServiceTest.kt,"crlf,bom",False,True,False,True,True
arena/01a00f9e-pro-v1,RED_Ultimate_V1-main/RED_Ultimate/backend-server/src/test/kotlin/com/red/server/PstnCallServiceTest.kt,"crlf,bom",False,True,False,True,True
chore/platform-rebuild-baseline,RED_Ultimate_V1-main/RED_Ultimate/backend-server/src/test/kotlin/com/red/server/PstnCallServiceTest.kt,"crlf,bom",False,True,False,True,True
feat/admin-social-management,RED_Ultimate_V1-main/RED_Ultimate/backend-server/src/test/kotlin/com/red/server/PstnCallServiceTest.kt,"crlf,bom",False,True,False,True,True
feat/red-engineering-roadmap-20260820,RED_Ultimate_V1-main/RED_Ultimate/backend-server/src/test/kotlin/com/red/server/PstnCallServiceTest.kt,"crlf,bom",False,True,False,True,True
feature/uc2000-ve-sms-browser-audit,RED_Ultimate_V1-main/RED_Ultimate/backend-server/src/test/kotlin/com/red/server/PstnCallServiceTest.kt,"crlf,bom",False,True,False,True,True
fix/restore-websocket-registrations,RED_Ultimate_V1-main/RED_Ultimate/backend-server/src/test/kotlin/com/red/server/PstnCallServiceTest.kt,"crlf,bom",False,True,False,True,True
revert-37-arena/019ffd78-pro-v1,RED_Ultimate_V1-main/RED_Ultimate/backend-server/src/test/kotlin/com/red/server/PstnCallServiceTest.kt,"crlf,bom",False,True,False,True,True
arena/019ffece-pro-v1,RED_Ultimate_V1-main/RED_Ultimate/backend-server/src/test/kotlin/com/red/server/RedSecurityServiceTest.kt,crlf,False,True,False,True,True
arena/01a0064f-pro-v1,RED_Ultimate_V1-main/RED_Ultimate/backend-server/src/test/kotlin/com/red/server/RedSecurityServiceTest.kt,crlf,False,True,False,True,True
arena/01a00f9e-pro-v1,RED_Ultimate_V1-main/RED_Ultimate/backend-server/src/test/kotlin/com/red/server/RedSecurityServiceTest.kt,crlf,False,True,False,True,True
feat/red-engineering-roadmap-20260820,RED_Ultimate_V1-main/RED_Ultimate/backend-server/src/test/kotlin/com/red/server/RedSecurityServiceTest.kt,crlf,False,True,False,True,True
arena/019fe8fa-pro-v1,RED_Ultimate_V1-main/RED_Ultimate/backend-server/src/test/kotlin/com/red/server/SecurityEnhancerTest.kt,crlf,False,True,False,True,True
arena/019fe9e3-pro-v1,RED_Ultimate_V1-main/RED_Ultimate/backend-server/src/test/kotlin/com/red/server/SecurityEnhancerTest.kt,crlf,False,True,False,True,True
arena/019ff019-pro-v1,RED_Ultimate_V1-main/RED_Ultimate/backend-server/src/test/kotlin/com/red/server/SecurityEnhancerTest.kt,crlf,False,True,False,True,True
arena/019ff06b-pro-v1,RED_Ultimate_V1-main/RED_Ultimate/backend-server/src/test/kotlin/com/red/server/SecurityEnhancerTest.kt,crlf,False,True,False,True,True
arena/019ff085-pro-v1,RED_Ultimate_V1-main/RED_Ultimate/backend-server/src/test/kotlin/com/red/server/SecurityEnhancerTest.kt,crlf,False,True,False,True,True
arena/019ff0c7-pro-v1,RED_Ultimate_V1-main/RED_Ultimate/backend-server/src/test/kotlin/com/red/server/SecurityEnhancerTest.kt,crlf,False,True,False,True,True
arena/019ff146-pro-v1,RED_Ultimate_V1-main/RED_Ultimate/backend-server/src/test/kotlin/com/red/server/SecurityEnhancerTest.kt,crlf,False,True,False,True,True
arena/019ff178-pro-v1,RED_Ultimate_V1-main/RED_Ultimate/backend-server/src/test/kotlin/com/red/server/SecurityEnhancerTest.kt,crlf,False,True,False,True,True
arena/019ff1f9-pro-v1,RED_Ultimate_V1-main/RED_Ultimate/backend-server/src/test/kotlin/com/red/server/SecurityEnhancerTest.kt,crlf,False,True,False,True,True
arena/019ff215-pro-v1,RED_Ultimate_V1-main/RED_Ultimate/backend-server/src/test/kotlin/com/red/server/SecurityEnhancerTest.kt,crlf,False,True,False,True,True
arena/019ff237-pro-v1,RED_Ultimate_V1-main/RED_Ultimate/backend-server/src/test/kotlin/com/red/server/SecurityEnhancerTest.kt,crlf,False,True,False,True,True
arena/019ff422-pro-v1,RED_Ultimate_V1-main/RED_Ultimate/backend-server/src/test/kotlin/com/red/server/SecurityEnhancerTest.kt,crlf,False,True,False,True,True
arena/019ff82d-pro-v1,RED_Ultimate_V1-main/RED_Ultimate/backend-server/src/test/kotlin/com/red/server/SecurityEnhancerTest.kt,crlf,False,True,False,True,True
arena/019ff859-pro-v1,RED_Ultimate_V1-main/RED_Ultimate/backend-server/src/test/kotlin/com/red/server/SecurityEnhancerTest.kt,crlf,False,True,False,True,True
arena/019ff8b4-pro-v1,RED_Ultimate_V1-main/RED_Ultimate/backend-server/src/test/kotlin/com/red/server/SecurityEnhancerTest.kt,crlf,False,True,False,True,True
arena/019ff8c7-pro-v1,RED_Ultimate_V1-main/RED_Ultimate/backend-server/src/test/kotlin/com/red/server/SecurityEnhancerTest.kt,crlf,False,True,False,True,True
arena/019ff8f2-pro-v1,RED_Ultimate_V1-main/RED_Ultimate/backend-server/src/test/kotlin/com/red/server/SecurityEnhancerTest.kt,crlf,False,True,False,True,True
arena/019ffce9-pro-v1,RED_Ultimate_V1-main/RED_Ultimate/backend-server/src/test/kotlin/com/red/server/SecurityEnhancerTest.kt,crlf,False,True,False,True,True
arena/019ffd78-pro-v1,RED_Ultimate_V1-main/RED_Ultimate/backend-server/src/test/kotlin/com/red/server/SecurityEnhancerTest.kt,crlf,False,True,False,True,True
arena/019ffe92-pro-v1,RED_Ultimate_V1-main/RED_Ultimate/backend-server/src/test/kotlin/com/red/server/SecurityEnhancerTest.kt,crlf,False,True,False,True,True
arena/019ffece-pro-v1,RED_Ultimate_V1-main/RED_Ultimate/backend-server/src/test/kotlin/com/red/server/SecurityEnhancerTest.kt,crlf,False,True,False,True,True
arena/019fffd5-pro-v1,RED_Ultimate_V1-main/RED_Ultimate/backend-server/src/test/kotlin/com/red/server/SecurityEnhancerTest.kt,crlf,False,True,False,True,True
arena/01a0064f-pro-v1,RED_Ultimate_V1-main/RED_Ultimate/backend-server/src/test/kotlin/com/red/server/SecurityEnhancerTest.kt,crlf,False,True,False,True,True
arena/01a00f9e-pro-v1,RED_Ultimate_V1-main/RED_Ultimate/backend-server/src/test/kotlin/com/red/server/SecurityEnhancerTest.kt,crlf,False,True,False,True,True
chore/platform-rebuild-baseline,RED_Ultimate_V1-main/RED_Ultimate/backend-server/src/test/kotlin/com/red/server/SecurityEnhancerTest.kt,crlf,False,True,False,True,True
feat/admin-social-management,RED_Ultimate_V1-main/RED_Ultimate/backend-server/src/test/kotlin/com/red/server/SecurityEnhancerTest.kt,crlf,False,True,False,True,True
feat/red-engineering-roadmap-20260820,RED_Ultimate_V1-main/RED_Ultimate/backend-server/src/test/kotlin/com/red/server/SecurityEnhancerTest.kt,crlf,False,True,False,True,True
feature/uc2000-ve-sms-browser-audit,RED_Ultimate_V1-main/RED_Ultimate/backend-server/src/test/kotlin/com/red/server/SecurityEnhancerTest.kt,crlf,False,True,False,True,True
fix/restore-websocket-registrations,RED_Ultimate_V1-main/RED_Ultimate/backend-server/src/test/kotlin/com/red/server/SecurityEnhancerTest.kt,crlf,False,True,False,True,True
revert-37-arena/019ffd78-pro-v1,RED_Ultimate_V1-main/RED_Ultimate/backend-server/src/test/kotlin/com/red/server/SecurityEnhancerTest.kt,crlf,False,True,False,True,True
arena/01a00f9e-pro-v1,RED_Ultimate_V1-main/RED_Ultimate/backend-server/src/test/kotlin/com/red/server/services/SmsEncodingDetectionTest.kt,"crlf,final_nl",False,True,False,False,True
feat/red-engineering-roadmap-20260820,RED_Ultimate_V1-main/RED_Ultimate/backend-server/src/test/kotlin/com/red/server/services/SmsEncodingDetectionTest.kt,"crlf,final_nl",False,True,False,False,True
arena/019ff82d-pro-v1,RED_Ultimate_V1-main/RED_Ultimate/backend-server/src/test/kotlin/com/red/server/websocket/CallWebSocketHandlerTest.kt,"crlf,bom",False,True,False,True,True
arena/019ff8b4-pro-v1,RED_Ultimate_V1-main/RED_Ultimate/backend-server/src/test/kotlin/com/red/server/websocket/CallWebSocketHandlerTest.kt,"crlf,bom",False,True,False,True,True
arena/019ff8c7-pro-v1,RED_Ultimate_V1-main/RED_Ultimate/backend-server/src/test/kotlin/com/red/server/websocket/CallWebSocketHandlerTest.kt,"crlf,bom",False,True,False,True,True
arena/019ff8f2-pro-v1,RED_Ultimate_V1-main/RED_Ultimate/backend-server/src/test/kotlin/com/red/server/websocket/CallWebSocketHandlerTest.kt,"crlf,bom",False,True,False,True,True
arena/019ffce9-pro-v1,RED_Ultimate_V1-main/RED_Ultimate/backend-server/src/test/kotlin/com/red/server/websocket/CallWebSocketHandlerTest.kt,"crlf,bom",False,True,False,True,True
arena/019ffd78-pro-v1,RED_Ultimate_V1-main/RED_Ultimate/backend-server/src/test/kotlin/com/red/server/websocket/CallWebSocketHandlerTest.kt,"crlf,bom",False,True,False,True,True
arena/019ffe92-pro-v1,RED_Ultimate_V1-main/RED_Ultimate/backend-server/src/test/kotlin/com/red/server/websocket/CallWebSocketHandlerTest.kt,"crlf,bom",False,True,False,True,True
arena/019ffece-pro-v1,RED_Ultimate_V1-main/RED_Ultimate/backend-server/src/test/kotlin/com/red/server/websocket/CallWebSocketHandlerTest.kt,"crlf,bom",False,True,False,True,True
arena/019fffd5-pro-v1,RED_Ultimate_V1-main/RED_Ultimate/backend-server/src/test/kotlin/com/red/server/websocket/CallWebSocketHandlerTest.kt,"crlf,bom",False,True,False,True,True
arena/01a0064f-pro-v1,RED_Ultimate_V1-main/RED_Ultimate/backend-server/src/test/kotlin/com/red/server/websocket/CallWebSocketHandlerTest.kt,"crlf,bom",False,True,False,True,True
arena/01a00f9e-pro-v1,RED_Ultimate_V1-main/RED_Ultimate/backend-server/src/test/kotlin/com/red/server/websocket/CallWebSocketHandlerTest.kt,"crlf,bom",False,True,False,True,True
chore/platform-rebuild-baseline,RED_Ultimate_V1-main/RED_Ultimate/backend-server/src/test/kotlin/com/red/server/websocket/CallWebSocketHandlerTest.kt,"crlf,bom",False,True,False,True,True
feat/admin-social-management,RED_Ultimate_V1-main/RED_Ultimate/backend-server/src/test/kotlin/com/red/server/websocket/CallWebSocketHandlerTest.kt,"crlf,bom",False,True,False,True,True
feat/red-engineering-roadmap-20260820,RED_Ultimate_V1-main/RED_Ultimate/backend-server/src/test/kotlin/com/red/server/websocket/CallWebSocketHandlerTest.kt,"crlf,bom",False,True,False,True,True
feature/uc2000-ve-sms-browser-audit,RED_Ultimate_V1-main/RED_Ultimate/backend-server/src/test/kotlin/com/red/server/websocket/CallWebSocketHandlerTest.kt,"crlf,bom",False,True,False,True,True
fix/restore-websocket-registrations,RED_Ultimate_V1-main/RED_Ultimate/backend-server/src/test/kotlin/com/red/server/websocket/CallWebSocketHandlerTest.kt,"crlf,bom",False,True,False,True,True
revert-37-arena/019ffd78-pro-v1,RED_Ultimate_V1-main/RED_Ultimate/backend-server/src/test/kotlin/com/red/server/websocket/CallWebSocketHandlerTest.kt,"crlf,bom",False,True,False,True,True
arena/019fe8fa-pro-v1,RED_Ultimate_V1-main/RED_Ultimate/backend-server/src/test/kotlin/com/red/server/websocket/LiveStreamWebSocketHandlerTest.kt,"crlf,bom",False,True,False,True,True
arena/019fe9e3-pro-v1,RED_Ultimate_V1-main/RED_Ultimate/backend-server/src/test/kotlin/com/red/server/websocket/LiveStreamWebSocketHandlerTest.kt,"crlf,bom",False,True,False,True,True
arena/019ff019-pro-v1,RED_Ultimate_V1-main/RED_Ultimate/backend-server/src/test/kotlin/com/red/server/websocket/LiveStreamWebSocketHandlerTest.kt,"crlf,bom",False,True,False,True,True
arena/019ff06b-pro-v1,RED_Ultimate_V1-main/RED_Ultimate/backend-server/src/test/kotlin/com/red/server/websocket/LiveStreamWebSocketHandlerTest.kt,"crlf,bom",False,True,False,True,True
arena/019ff085-pro-v1,RED_Ultimate_V1-main/RED_Ultimate/backend-server/src/test/kotlin/com/red/server/websocket/LiveStreamWebSocketHandlerTest.kt,"crlf,bom",False,True,False,True,True
arena/019ff0c7-pro-v1,RED_Ultimate_V1-main/RED_Ultimate/backend-server/src/test/kotlin/com/red/server/websocket/LiveStreamWebSocketHandlerTest.kt,"crlf,bom",False,True,False,True,True
arena/019ff146-pro-v1,RED_Ultimate_V1-main/RED_Ultimate/backend-server/src/test/kotlin/com/red/server/websocket/LiveStreamWebSocketHandlerTest.kt,"crlf,bom",False,True,False,True,True
arena/019ff178-pro-v1,RED_Ultimate_V1-main/RED_Ultimate/backend-server/src/test/kotlin/com/red/server/websocket/LiveStreamWebSocketHandlerTest.kt,"crlf,bom",False,True,False,True,True
arena/019ff1f9-pro-v1,RED_Ultimate_V1-main/RED_Ultimate/backend-server/src/test/kotlin/com/red/server/websocket/LiveStreamWebSocketHandlerTest.kt,"crlf,bom",False,True,False,True,True
arena/019ff215-pro-v1,RED_Ultimate_V1-main/RED_Ultimate/backend-server/src/test/kotlin/com/red/server/websocket/LiveStreamWebSocketHandlerTest.kt,"crlf,bom",False,True,False,True,True
arena/019ff237-pro-v1,RED_Ultimate_V1-main/RED_Ultimate/backend-server/src/test/kotlin/com/red/server/websocket/LiveStreamWebSocketHandlerTest.kt,"crlf,bom",False,True,False,True,True
arena/019ff422-pro-v1,RED_Ultimate_V1-main/RED_Ultimate/backend-server/src/test/kotlin/com/red/server/websocket/LiveStreamWebSocketHandlerTest.kt,"crlf,bom",False,True,False,True,True
arena/019ff82d-pro-v1,RED_Ultimate_V1-main/RED_Ultimate/backend-server/src/test/kotlin/com/red/server/websocket/LiveStreamWebSocketHandlerTest.kt,"crlf,bom",False,True,False,True,True
arena/019ff859-pro-v1,RED_Ultimate_V1-main/RED_Ultimate/backend-server/src/test/kotlin/com/red/server/websocket/LiveStreamWebSocketHandlerTest.kt,"crlf,bom",False,True,False,True,True
arena/019ff8b4-pro-v1,RED_Ultimate_V1-main/RED_Ultimate/backend-server/src/test/kotlin/com/red/server/websocket/LiveStreamWebSocketHandlerTest.kt,"crlf,bom",False,True,False,True,True
arena/019ff8c7-pro-v1,RED_Ultimate_V1-main/RED_Ultimate/backend-server/src/test/kotlin/com/red/server/websocket/LiveStreamWebSocketHandlerTest.kt,"crlf,bom",False,True,False,True,True
arena/019ff8f2-pro-v1,RED_Ultimate_V1-main/RED_Ultimate/backend-server/src/test/kotlin/com/red/server/websocket/LiveStreamWebSocketHandlerTest.kt,"crlf,bom",False,True,False,True,True
arena/019ffce9-pro-v1,RED_Ultimate_V1-main/RED_Ultimate/backend-server/src/test/kotlin/com/red/server/websocket/LiveStreamWebSocketHandlerTest.kt,"crlf,bom",False,True,False,True,True
arena/019ffd78-pro-v1,RED_Ultimate_V1-main/RED_Ultimate/backend-server/src/test/kotlin/com/red/server/websocket/LiveStreamWebSocketHandlerTest.kt,"crlf,bom",False,True,False,True,True
arena/019ffe92-pro-v1,RED_Ultimate_V1-main/RED_Ultimate/backend-server/src/test/kotlin/com/red/server/websocket/LiveStreamWebSocketHandlerTest.kt,"crlf,bom",False,True,False,True,True
arena/019ffece-pro-v1,RED_Ultimate_V1-main/RED_Ultimate/backend-server/src/test/kotlin/com/red/server/websocket/LiveStreamWebSocketHandlerTest.kt,"crlf,bom",False,True,False,True,True
arena/019fffd5-pro-v1,RED_Ultimate_V1-main/RED_Ultimate/backend-server/src/test/kotlin/com/red/server/websocket/LiveStreamWebSocketHandlerTest.kt,"crlf,bom",False,True,False,True,True
arena/01a0064f-pro-v1,RED_Ultimate_V1-main/RED_Ultimate/backend-server/src/test/kotlin/com/red/server/websocket/LiveStreamWebSocketHandlerTest.kt,"crlf,bom",False,True,False,True,True
arena/01a00f9e-pro-v1,RED_Ultimate_V1-main/RED_Ultimate/backend-server/src/test/kotlin/com/red/server/websocket/LiveStreamWebSocketHandlerTest.kt,"crlf,bom",False,True,False,True,True
chore/platform-rebuild-baseline,RED_Ultimate_V1-main/RED_Ultimate/backend-server/src/test/kotlin/com/red/server/websocket/LiveStreamWebSocketHandlerTest.kt,"crlf,bom",False,True,False,True,True
feat/admin-social-management,RED_Ultimate_V1-main/RED_Ultimate/backend-server/src/test/kotlin/com/red/server/websocket/LiveStreamWebSocketHandlerTest.kt,"crlf,bom",False,True,False,True,True
feat/red-engineering-roadmap-20260820,RED_Ultimate_V1-main/RED_Ultimate/backend-server/src/test/kotlin/com/red/server/websocket/LiveStreamWebSocketHandlerTest.kt,"crlf,bom",False,True,False,True,True
feature/uc2000-ve-sms-browser-audit,RED_Ultimate_V1-main/RED_Ultimate/backend-server/src/test/kotlin/com/red/server/websocket/LiveStreamWebSocketHandlerTest.kt,"crlf,bom",False,True,False,True,True
fix/restore-websocket-registrations,RED_Ultimate_V1-main/RED_Ultimate/backend-server/src/test/kotlin/com/red/server/websocket/LiveStreamWebSocketHandlerTest.kt,"crlf,bom",False,True,False,True,True
revert-37-arena/019ffd78-pro-v1,RED_Ultimate_V1-main/RED_Ultimate/backend-server/src/test/kotlin/com/red/server/websocket/LiveStreamWebSocketHandlerTest.kt,"crlf,bom",False,True,False,True,True
arena/019fe8fa-pro-v1,RED_Ultimate_V1-main/RED_Ultimate/benchmark/build.gradle.kts,crlf,False,True,False,True,True
arena/019fe9e3-pro-v1,RED_Ultimate_V1-main/RED_Ultimate/benchmark/build.gradle.kts,crlf,False,True,False,True,True
arena/019ff019-pro-v1,RED_Ultimate_V1-main/RED_Ultimate/benchmark/build.gradle.kts,crlf,False,True,False,True,True
arena/019ff06b-pro-v1,RED_Ultimate_V1-main/RED_Ultimate/benchmark/build.gradle.kts,crlf,False,True,False,True,True
arena/019ff085-pro-v1,RED_Ultimate_V1-main/RED_Ultimate/benchmark/build.gradle.kts,crlf,False,True,False,True,True
arena/019ff0c7-pro-v1,RED_Ultimate_V1-main/RED_Ultimate/benchmark/build.gradle.kts,crlf,False,True,False,True,True
arena/019ff146-pro-v1,RED_Ultimate_V1-main/RED_Ultimate/benchmark/build.gradle.kts,crlf,False,True,False,True,True
arena/019ff178-pro-v1,RED_Ultimate_V1-main/RED_Ultimate/benchmark/build.gradle.kts,crlf,False,True,False,True,True
arena/019ff1f9-pro-v1,RED_Ultimate_V1-main/RED_Ultimate/benchmark/build.gradle.kts,crlf,False,True,False,True,True
arena/019ff215-pro-v1,RED_Ultimate_V1-main/RED_Ultimate/benchmark/build.gradle.kts,crlf,False,True,False,True,True
arena/019ff237-pro-v1,RED_Ultimate_V1-main/RED_Ultimate/benchmark/build.gradle.kts,crlf,False,True,False,True,True
arena/019ff422-pro-v1,RED_Ultimate_V1-main/RED_Ultimate/benchmark/build.gradle.kts,crlf,False,True,False,True,True
arena/019ff82d-pro-v1,RED_Ultimate_V1-main/RED_Ultimate/benchmark/build.gradle.kts,crlf,False,True,False,True,True
arena/019ff859-pro-v1,RED_Ultimate_V1-main/RED_Ultimate/benchmark/build.gradle.kts,crlf,False,True,False,True,True
arena/019ff8b4-pro-v1,RED_Ultimate_V1-main/RED_Ultimate/benchmark/build.gradle.kts,crlf,False,True,False,True,True
arena/019ff8c7-pro-v1,RED_Ultimate_V1-main/RED_Ultimate/benchmark/build.gradle.kts,crlf,False,True,False,True,True
arena/019ff8f2-pro-v1,RED_Ultimate_V1-main/RED_Ultimate/benchmark/build.gradle.kts,crlf,False,True,False,True,True
arena/019ffce9-pro-v1,RED_Ultimate_V1-main/RED_Ultimate/benchmark/build.gradle.kts,crlf,False,True,False,True,True
arena/019ffd78-pro-v1,RED_Ultimate_V1-main/RED_Ultimate/benchmark/build.gradle.kts,crlf,False,True,False,True,True
arena/019ffe92-pro-v1,RED_Ultimate_V1-main/RED_Ultimate/benchmark/build.gradle.kts,crlf,False,True,False,True,True
arena/019ffece-pro-v1,RED_Ultimate_V1-main/RED_Ultimate/benchmark/build.gradle.kts,crlf,False,True,False,True,True
arena/019fffd5-pro-v1,RED_Ultimate_V1-main/RED_Ultimate/benchmark/build.gradle.kts,crlf,False,True,False,True,True
arena/01a0064f-pro-v1,RED_Ultimate_V1-main/RED_Ultimate/benchmark/build.gradle.kts,crlf,False,True,False,True,True
arena/01a00f9e-pro-v1,RED_Ultimate_V1-main/RED_Ultimate/benchmark/build.gradle.kts,crlf,False,True,False,True,True
chore/platform-rebuild-baseline,RED_Ultimate_V1-main/RED_Ultimate/benchmark/build.gradle.kts,crlf,False,True,False,True,True
feat/admin-social-management,RED_Ultimate_V1-main/RED_Ultimate/benchmark/build.gradle.kts,crlf,False,True,False,True,True
feat/red-engineering-roadmap-20260820,RED_Ultimate_V1-main/RED_Ultimate/benchmark/build.gradle.kts,crlf,False,True,False,True,True
feature/uc2000-ve-sms-browser-audit,RED_Ultimate_V1-main/RED_Ultimate/benchmark/build.gradle.kts,crlf,False,True,False,True,True
fix/restore-websocket-registrations,RED_Ultimate_V1-main/RED_Ultimate/benchmark/build.gradle.kts,crlf,False,True,False,True,True
revert-37-arena/019ffd78-pro-v1,RED_Ultimate_V1-main/RED_Ultimate/benchmark/build.gradle.kts,crlf,False,True,False,True,True
arena/019fe8fa-pro-v1,RED_Ultimate_V1-main/RED_Ultimate/core/models-jvm/build.gradle.kts,crlf,False,True,False,True,True
arena/019fe9e3-pro-v1,RED_Ultimate_V1-main/RED_Ultimate/core/models-jvm/build.gradle.kts,crlf,False,True,False,True,True
arena/019ff019-pro-v1,RED_Ultimate_V1-main/RED_Ultimate/core/models-jvm/build.gradle.kts,crlf,False,True,False,True,True
arena/019ff06b-pro-v1,RED_Ultimate_V1-main/RED_Ultimate/core/models-jvm/build.gradle.kts,crlf,False,True,False,True,True
arena/019ff085-pro-v1,RED_Ultimate_V1-main/RED_Ultimate/core/models-jvm/build.gradle.kts,crlf,False,True,False,True,True
arena/019ff0c7-pro-v1,RED_Ultimate_V1-main/RED_Ultimate/core/models-jvm/build.gradle.kts,crlf,False,True,False,True,True
arena/019ff146-pro-v1,RED_Ultimate_V1-main/RED_Ultimate/core/models-jvm/build.gradle.kts,crlf,False,True,False,True,True
arena/019ff178-pro-v1,RED_Ultimate_V1-main/RED_Ultimate/core/models-jvm/build.gradle.kts,crlf,False,True,False,True,True
arena/019ff1f9-pro-v1,RED_Ultimate_V1-main/RED_Ultimate/core/models-jvm/build.gradle.kts,crlf,False,True,False,True,True
arena/019ff215-pro-v1,RED_Ultimate_V1-main/RED_Ultimate/core/models-jvm/build.gradle.kts,crlf,False,True,False,True,True
arena/019ff237-pro-v1,RED_Ultimate_V1-main/RED_Ultimate/core/models-jvm/build.gradle.kts,crlf,False,True,False,True,True
arena/019ff422-pro-v1,RED_Ultimate_V1-main/RED_Ultimate/core/models-jvm/build.gradle.kts,crlf,False,True,False,True,True
arena/019ff82d-pro-v1,RED_Ultimate_V1-main/RED_Ultimate/core/models-jvm/build.gradle.kts,crlf,False,True,False,True,True
arena/019ff859-pro-v1,RED_Ultimate_V1-main/RED_Ultimate/core/models-jvm/build.gradle.kts,crlf,False,True,False,True,True
arena/019ff8b4-pro-v1,RED_Ultimate_V1-main/RED_Ultimate/core/models-jvm/build.gradle.kts,crlf,False,True,False,True,True
arena/019ff8c7-pro-v1,RED_Ultimate_V1-main/RED_Ultimate/core/models-jvm/build.gradle.kts,crlf,False,True,False,True,True
arena/019ff8f2-pro-v1,RED_Ultimate_V1-main/RED_Ultimate/core/models-jvm/build.gradle.kts,crlf,False,True,False,True,True
arena/019ffce9-pro-v1,RED_Ultimate_V1-main/RED_Ultimate/core/models-jvm/build.gradle.kts,crlf,False,True,False,True,True
arena/019ffd78-pro-v1,RED_Ultimate_V1-main/RED_Ultimate/core/models-jvm/build.gradle.kts,crlf,False,True,False,True,True
arena/019ffe92-pro-v1,RED_Ultimate_V1-main/RED_Ultimate/core/models-jvm/build.gradle.kts,crlf,False,True,False,True,True
arena/019ffece-pro-v1,RED_Ultimate_V1-main/RED_Ultimate/core/models-jvm/build.gradle.kts,crlf,False,True,False,True,True
arena/019fffd5-pro-v1,RED_Ultimate_V1-main/RED_Ultimate/core/models-jvm/build.gradle.kts,crlf,False,True,False,True,True
arena/01a0064f-pro-v1,RED_Ultimate_V1-main/RED_Ultimate/core/models-jvm/build.gradle.kts,crlf,False,True,False,True,True
arena/01a00f9e-pro-v1,RED_Ultimate_V1-main/RED_Ultimate/core/models-jvm/build.gradle.kts,crlf,False,True,False,True,True
chore/platform-rebuild-baseline,RED_Ultimate_V1-main/RED_Ultimate/core/models-jvm/build.gradle.kts,crlf,False,True,False,True,True
feat/admin-social-management,RED_Ultimate_V1-main/RED_Ultimate/core/models-jvm/build.gradle.kts,crlf,False,True,False,True,True
feat/red-engineering-roadmap-20260820,RED_Ultimate_V1-main/RED_Ultimate/core/models-jvm/build.gradle.kts,crlf,False,True,False,True,True
feature/uc2000-ve-sms-browser-audit,RED_Ultimate_V1-main/RED_Ultimate/core/models-jvm/build.gradle.kts,crlf,False,True,False,True,True
fix/restore-websocket-registrations,RED_Ultimate_V1-main/RED_Ultimate/core/models-jvm/build.gradle.kts,crlf,False,True,False,True,True
revert-37-arena/019ffd78-pro-v1,RED_Ultimate_V1-main/RED_Ultimate/core/models-jvm/build.gradle.kts,crlf,False,True,False,True,True
arena/019fe8fa-pro-v1,RED_Ultimate_V1-main/RED_Ultimate/core/models/build.gradle.kts,crlf,False,True,False,True,True
arena/019fe9e3-pro-v1,RED_Ultimate_V1-main/RED_Ultimate/core/models/build.gradle.kts,crlf,False,True,False,True,True
arena/019ff019-pro-v1,RED_Ultimate_V1-main/RED_Ultimate/core/models/build.gradle.kts,crlf,False,True,False,True,True
arena/019ff06b-pro-v1,RED_Ultimate_V1-main/RED_Ultimate/core/models/build.gradle.kts,crlf,False,True,False,True,True
arena/019ff085-pro-v1,RED_Ultimate_V1-main/RED_Ultimate/core/models/build.gradle.kts,crlf,False,True,False,True,True
arena/019ff0c7-pro-v1,RED_Ultimate_V1-main/RED_Ultimate/core/models/build.gradle.kts,crlf,False,True,False,True,True
arena/019ff146-pro-v1,RED_Ultimate_V1-main/RED_Ultimate/core/models/build.gradle.kts,crlf,False,True,False,True,True
arena/019ff178-pro-v1,RED_Ultimate_V1-main/RED_Ultimate/core/models/build.gradle.kts,crlf,False,True,False,True,True
arena/019ff1f9-pro-v1,RED_Ultimate_V1-main/RED_Ultimate/core/models/build.gradle.kts,crlf,False,True,False,True,True
arena/019ff215-pro-v1,RED_Ultimate_V1-main/RED_Ultimate/core/models/build.gradle.kts,crlf,False,True,False,True,True
arena/019ff237-pro-v1,RED_Ultimate_V1-main/RED_Ultimate/core/models/build.gradle.kts,crlf,False,True,False,True,True
arena/019ff422-pro-v1,RED_Ultimate_V1-main/RED_Ultimate/core/models/build.gradle.kts,crlf,False,True,False,True,True
arena/019ff82d-pro-v1,RED_Ultimate_V1-main/RED_Ultimate/core/models/build.gradle.kts,crlf,False,True,False,True,True
arena/019ff859-pro-v1,RED_Ultimate_V1-main/RED_Ultimate/core/models/build.gradle.kts,crlf,False,True,False,True,True
arena/019ff8b4-pro-v1,RED_Ultimate_V1-main/RED_Ultimate/core/models/build.gradle.kts,crlf,False,True,False,True,True
arena/019ff8c7-pro-v1,RED_Ultimate_V1-main/RED_Ultimate/core/models/build.gradle.kts,crlf,False,True,False,True,True
arena/019ff8f2-pro-v1,RED_Ultimate_V1-main/RED_Ultimate/core/models/build.gradle.kts,crlf,False,True,False,True,True
arena/019ffce9-pro-v1,RED_Ultimate_V1-main/RED_Ultimate/core/models/build.gradle.kts,crlf,False,True,False,True,True
arena/019ffd78-pro-v1,RED_Ultimate_V1-main/RED_Ultimate/core/models/build.gradle.kts,crlf,False,True,False,True,True
arena/019ffe92-pro-v1,RED_Ultimate_V1-main/RED_Ultimate/core/models/build.gradle.kts,crlf,False,True,False,True,True
arena/019ffece-pro-v1,RED_Ultimate_V1-main/RED_Ultimate/core/models/build.gradle.kts,crlf,False,True,False,True,True
arena/019fffd5-pro-v1,RED_Ultimate_V1-main/RED_Ultimate/core/models/build.gradle.kts,crlf,False,True,False,True,True
arena/01a0064f-pro-v1,RED_Ultimate_V1-main/RED_Ultimate/core/models/build.gradle.kts,crlf,False,True,False,True,True
arena/01a00f9e-pro-v1,RED_Ultimate_V1-main/RED_Ultimate/core/models/build.gradle.kts,crlf,False,True,False,True,True
chore/platform-rebuild-baseline,RED_Ultimate_V1-main/RED_Ultimate/core/models/build.gradle.kts,crlf,False,True,False,True,True
feat/admin-social-management,RED_Ultimate_V1-main/RED_Ultimate/core/models/build.gradle.kts,crlf,False,True,False,True,True
feat/red-engineering-roadmap-20260820,RED_Ultimate_V1-main/RED_Ultimate/core/models/build.gradle.kts,crlf,False,True,False,True,True
feature/uc2000-ve-sms-browser-audit,RED_Ultimate_V1-main/RED_Ultimate/core/models/build.gradle.kts,crlf,False,True,False,True,True
fix/restore-websocket-registrations,RED_Ultimate_V1-main/RED_Ultimate/core/models/build.gradle.kts,crlf,False,True,False,True,True
revert-37-arena/019ffd78-pro-v1,RED_Ultimate_V1-main/RED_Ultimate/core/models/build.gradle.kts,crlf,False,True,False,True,True
arena/019fe8fa-pro-v1,RED_Ultimate_V1-main/RED_Ultimate/core/network/build.gradle.kts,crlf,False,True,False,True,True
arena/019fe9e3-pro-v1,RED_Ultimate_V1-main/RED_Ultimate/core/network/build.gradle.kts,crlf,False,True,False,True,True
arena/019ff019-pro-v1,RED_Ultimate_V1-main/RED_Ultimate/core/network/build.gradle.kts,crlf,False,True,False,True,True
arena/019ff06b-pro-v1,RED_Ultimate_V1-main/RED_Ultimate/core/network/build.gradle.kts,crlf,False,True,False,True,True
arena/019ff085-pro-v1,RED_Ultimate_V1-main/RED_Ultimate/core/network/build.gradle.kts,crlf,False,True,False,True,True
arena/019ff0c7-pro-v1,RED_Ultimate_V1-main/RED_Ultimate/core/network/build.gradle.kts,crlf,False,True,False,True,True
arena/019ff146-pro-v1,RED_Ultimate_V1-main/RED_Ultimate/core/network/build.gradle.kts,crlf,False,True,False,True,True
arena/019ff178-pro-v1,RED_Ultimate_V1-main/RED_Ultimate/core/network/build.gradle.kts,crlf,False,True,False,True,True
arena/019ff1f9-pro-v1,RED_Ultimate_V1-main/RED_Ultimate/core/network/build.gradle.kts,crlf,False,True,False,True,True
arena/019ff215-pro-v1,RED_Ultimate_V1-main/RED_Ultimate/core/network/build.gradle.kts,crlf,False,True,False,True,True
arena/019ff237-pro-v1,RED_Ultimate_V1-main/RED_Ultimate/core/network/build.gradle.kts,crlf,False,True,False,True,True
arena/019ff422-pro-v1,RED_Ultimate_V1-main/RED_Ultimate/core/network/build.gradle.kts,crlf,False,True,False,True,True
arena/019ff82d-pro-v1,RED_Ultimate_V1-main/RED_Ultimate/core/network/build.gradle.kts,crlf,False,True,False,True,True
arena/019ff859-pro-v1,RED_Ultimate_V1-main/RED_Ultimate/core/network/build.gradle.kts,crlf,False,True,False,True,True
arena/019ff8b4-pro-v1,RED_Ultimate_V1-main/RED_Ultimate/core/network/build.gradle.kts,crlf,False,True,False,True,True
arena/019ff8c7-pro-v1,RED_Ultimate_V1-main/RED_Ultimate/core/network/build.gradle.kts,crlf,False,True,False,True,True
arena/019ff8f2-pro-v1,RED_Ultimate_V1-main/RED_Ultimate/core/network/build.gradle.kts,crlf,False,True,False,True,True
arena/019ffce9-pro-v1,RED_Ultimate_V1-main/RED_Ultimate/core/network/build.gradle.kts,crlf,False,True,False,True,True
arena/019ffd78-pro-v1,RED_Ultimate_V1-main/RED_Ultimate/core/network/build.gradle.kts,crlf,False,True,False,True,True
arena/019ffe92-pro-v1,RED_Ultimate_V1-main/RED_Ultimate/core/network/build.gradle.kts,crlf,False,True,False,True,True
arena/019ffece-pro-v1,RED_Ultimate_V1-main/RED_Ultimate/core/network/build.gradle.kts,crlf,False,True,False,True,True
arena/019fffd5-pro-v1,RED_Ultimate_V1-main/RED_Ultimate/core/network/build.gradle.kts,crlf,False,True,False,True,True
arena/01a0064f-pro-v1,RED_Ultimate_V1-main/RED_Ultimate/core/network/build.gradle.kts,crlf,False,True,False,True,True
arena/01a00f9e-pro-v1,RED_Ultimate_V1-main/RED_Ultimate/core/network/build.gradle.kts,crlf,False,True,False,True,True
chore/platform-rebuild-baseline,RED_Ultimate_V1-main/RED_Ultimate/core/network/build.gradle.kts,crlf,False,True,False,True,True
feat/admin-social-management,RED_Ultimate_V1-main/RED_Ultimate/core/network/build.gradle.kts,crlf,False,True,False,True,True
feat/red-engineering-roadmap-20260820,RED_Ultimate_V1-main/RED_Ultimate/core/network/build.gradle.kts,crlf,False,True,False,True,True
feature/uc2000-ve-sms-browser-audit,RED_Ultimate_V1-main/RED_Ultimate/core/network/build.gradle.kts,crlf,False,True,False,True,True
fix/restore-websocket-registrations,RED_Ultimate_V1-main/RED_Ultimate/core/network/build.gradle.kts,crlf,False,True,False,True,True
revert-37-arena/019ffd78-pro-v1,RED_Ultimate_V1-main/RED_Ultimate/core/network/build.gradle.kts,crlf,False,True,False,True,True
arena/019fe8fa-pro-v1,RED_Ultimate_V1-main/RED_Ultimate/core/serialization/build.gradle.kts,crlf,False,True,False,True,True
arena/019fe9e3-pro-v1,RED_Ultimate_V1-main/RED_Ultimate/core/serialization/build.gradle.kts,crlf,False,True,False,True,True
arena/019ff019-pro-v1,RED_Ultimate_V1-main/RED_Ultimate/core/serialization/build.gradle.kts,crlf,False,True,False,True,True
arena/019ff06b-pro-v1,RED_Ultimate_V1-main/RED_Ultimate/core/serialization/build.gradle.kts,crlf,False,True,False,True,True
arena/019ff085-pro-v1,RED_Ultimate_V1-main/RED_Ultimate/core/serialization/build.gradle.kts,crlf,False,True,False,True,True
arena/019ff0c7-pro-v1,RED_Ultimate_V1-main/RED_Ultimate/core/serialization/build.gradle.kts,crlf,False,True,False,True,True
arena/019ff146-pro-v1,RED_Ultimate_V1-main/RED_Ultimate/core/serialization/build.gradle.kts,crlf,False,True,False,True,True
arena/019ff178-pro-v1,RED_Ultimate_V1-main/RED_Ultimate/core/serialization/build.gradle.kts,crlf,False,True,False,True,True
arena/019ff1f9-pro-v1,RED_Ultimate_V1-main/RED_Ultimate/core/serialization/build.gradle.kts,crlf,False,True,False,True,True
arena/019ff215-pro-v1,RED_Ultimate_V1-main/RED_Ultimate/core/serialization/build.gradle.kts,crlf,False,True,False,True,True
arena/019ff237-pro-v1,RED_Ultimate_V1-main/RED_Ultimate/core/serialization/build.gradle.kts,crlf,False,True,False,True,True
arena/019ff422-pro-v1,RED_Ultimate_V1-main/RED_Ultimate/core/serialization/build.gradle.kts,crlf,False,True,False,True,True
arena/019ff82d-pro-v1,RED_Ultimate_V1-main/RED_Ultimate/core/serialization/build.gradle.kts,crlf,False,True,False,True,True
arena/019ff859-pro-v1,RED_Ultimate_V1-main/RED_Ultimate/core/serialization/build.gradle.kts,crlf,False,True,False,True,True
arena/019ff8b4-pro-v1,RED_Ultimate_V1-main/RED_Ultimate/core/serialization/build.gradle.kts,crlf,False,True,False,True,True
arena/019ff8c7-pro-v1,RED_Ultimate_V1-main/RED_Ultimate/core/serialization/build.gradle.kts,crlf,False,True,False,True,True
arena/019ff8f2-pro-v1,RED_Ultimate_V1-main/RED_Ultimate/core/serialization/build.gradle.kts,crlf,False,True,False,True,True
arena/019ffce9-pro-v1,RED_Ultimate_V1-main/RED_Ultimate/core/serialization/build.gradle.kts,crlf,False,True,False,True,True
arena/019ffd78-pro-v1,RED_Ultimate_V1-main/RED_Ultimate/core/serialization/build.gradle.kts,crlf,False,True,False,True,True
arena/019ffe92-pro-v1,RED_Ultimate_V1-main/RED_Ultimate/core/serialization/build.gradle.kts,crlf,False,True,False,True,True
arena/019ffece-pro-v1,RED_Ultimate_V1-main/RED_Ultimate/core/serialization/build.gradle.kts,crlf,False,True,False,True,True
arena/019fffd5-pro-v1,RED_Ultimate_V1-main/RED_Ultimate/core/serialization/build.gradle.kts,crlf,False,True,False,True,True
arena/01a0064f-pro-v1,RED_Ultimate_V1-main/RED_Ultimate/core/serialization/build.gradle.kts,crlf,False,True,False,True,True
arena/01a00f9e-pro-v1,RED_Ultimate_V1-main/RED_Ultimate/core/serialization/build.gradle.kts,crlf,False,True,False,True,True
chore/platform-rebuild-baseline,RED_Ultimate_V1-main/RED_Ultimate/core/serialization/build.gradle.kts,crlf,False,True,False,True,True
feat/admin-social-management,RED_Ultimate_V1-main/RED_Ultimate/core/serialization/build.gradle.kts,crlf,False,True,False,True,True
feat/red-engineering-roadmap-20260820,RED_Ultimate_V1-main/RED_Ultimate/core/serialization/build.gradle.kts,crlf,False,True,False,True,True
feature/uc2000-ve-sms-browser-audit,RED_Ultimate_V1-main/RED_Ultimate/core/serialization/build.gradle.kts,crlf,False,True,False,True,True
fix/restore-websocket-registrations,RED_Ultimate_V1-main/RED_Ultimate/core/serialization/build.gradle.kts,crlf,False,True,False,True,True
revert-37-arena/019ffd78-pro-v1,RED_Ultimate_V1-main/RED_Ultimate/core/serialization/build.gradle.kts,crlf,False,True,False,True,True
arena/019fe8fa-pro-v1,RED_Ultimate_V1-main/RED_Ultimate/core/ui/build.gradle.kts,crlf,False,True,False,True,True
arena/019fe9e3-pro-v1,RED_Ultimate_V1-main/RED_Ultimate/core/ui/build.gradle.kts,crlf,False,True,False,True,True
arena/019ff019-pro-v1,RED_Ultimate_V1-main/RED_Ultimate/core/ui/build.gradle.kts,crlf,False,True,False,True,True
arena/019ff06b-pro-v1,RED_Ultimate_V1-main/RED_Ultimate/core/ui/build.gradle.kts,crlf,False,True,False,True,True
arena/019ff085-pro-v1,RED_Ultimate_V1-main/RED_Ultimate/core/ui/build.gradle.kts,crlf,False,True,False,True,True
arena/019ff0c7-pro-v1,RED_Ultimate_V1-main/RED_Ultimate/core/ui/build.gradle.kts,crlf,False,True,False,True,True
arena/019ff146-pro-v1,RED_Ultimate_V1-main/RED_Ultimate/core/ui/build.gradle.kts,crlf,False,True,False,True,True
arena/019ff178-pro-v1,RED_Ultimate_V1-main/RED_Ultimate/core/ui/build.gradle.kts,crlf,False,True,False,True,True
arena/019ff1f9-pro-v1,RED_Ultimate_V1-main/RED_Ultimate/core/ui/build.gradle.kts,crlf,False,True,False,True,True
arena/019ff215-pro-v1,RED_Ultimate_V1-main/RED_Ultimate/core/ui/build.gradle.kts,crlf,False,True,False,True,True
arena/019ff237-pro-v1,RED_Ultimate_V1-main/RED_Ultimate/core/ui/build.gradle.kts,crlf,False,True,False,True,True
arena/019ff422-pro-v1,RED_Ultimate_V1-main/RED_Ultimate/core/ui/build.gradle.kts,crlf,False,True,False,True,True
arena/019ff82d-pro-v1,RED_Ultimate_V1-main/RED_Ultimate/core/ui/build.gradle.kts,crlf,False,True,False,True,True
arena/019ff859-pro-v1,RED_Ultimate_V1-main/RED_Ultimate/core/ui/build.gradle.kts,crlf,False,True,False,True,True
arena/019ff8b4-pro-v1,RED_Ultimate_V1-main/RED_Ultimate/core/ui/build.gradle.kts,crlf,False,True,False,True,True
arena/019ff8c7-pro-v1,RED_Ultimate_V1-main/RED_Ultimate/core/ui/build.gradle.kts,crlf,False,True,False,True,True
arena/019ff8f2-pro-v1,RED_Ultimate_V1-main/RED_Ultimate/core/ui/build.gradle.kts,crlf,False,True,False,True,True
arena/019ffce9-pro-v1,RED_Ultimate_V1-main/RED_Ultimate/core/ui/build.gradle.kts,crlf,False,True,False,True,True
arena/019ffd78-pro-v1,RED_Ultimate_V1-main/RED_Ultimate/core/ui/build.gradle.kts,crlf,False,True,False,True,True
arena/019ffe92-pro-v1,RED_Ultimate_V1-main/RED_Ultimate/core/ui/build.gradle.kts,crlf,False,True,False,True,True
arena/019ffece-pro-v1,RED_Ultimate_V1-main/RED_Ultimate/core/ui/build.gradle.kts,crlf,False,True,False,True,True
arena/019fffd5-pro-v1,RED_Ultimate_V1-main/RED_Ultimate/core/ui/build.gradle.kts,crlf,False,True,False,True,True
arena/01a0064f-pro-v1,RED_Ultimate_V1-main/RED_Ultimate/core/ui/build.gradle.kts,crlf,False,True,False,True,True
arena/01a00f9e-pro-v1,RED_Ultimate_V1-main/RED_Ultimate/core/ui/build.gradle.kts,crlf,False,True,False,True,True
chore/platform-rebuild-baseline,RED_Ultimate_V1-main/RED_Ultimate/core/ui/build.gradle.kts,crlf,False,True,False,True,True
feat/admin-social-management,RED_Ultimate_V1-main/RED_Ultimate/core/ui/build.gradle.kts,crlf,False,True,False,True,True
feat/red-engineering-roadmap-20260820,RED_Ultimate_V1-main/RED_Ultimate/core/ui/build.gradle.kts,crlf,False,True,False,True,True
feature/uc2000-ve-sms-browser-audit,RED_Ultimate_V1-main/RED_Ultimate/core/ui/build.gradle.kts,crlf,False,True,False,True,True
fix/restore-websocket-registrations,RED_Ultimate_V1-main/RED_Ultimate/core/ui/build.gradle.kts,crlf,False,True,False,True,True
revert-37-arena/019ffd78-pro-v1,RED_Ultimate_V1-main/RED_Ultimate/core/ui/build.gradle.kts,crlf,False,True,False,True,True
arena/019fe8fa-pro-v1,RED_Ultimate_V1-main/RED_Ultimate/core/util-jvm/build.gradle.kts,crlf,False,True,False,True,True
arena/019fe9e3-pro-v1,RED_Ultimate_V1-main/RED_Ultimate/core/util-jvm/build.gradle.kts,crlf,False,True,False,True,True
arena/019ff019-pro-v1,RED_Ultimate_V1-main/RED_Ultimate/core/util-jvm/build.gradle.kts,crlf,False,True,False,True,True
arena/019ff06b-pro-v1,RED_Ultimate_V1-main/RED_Ultimate/core/util-jvm/build.gradle.kts,crlf,False,True,False,True,True
arena/019ff085-pro-v1,RED_Ultimate_V1-main/RED_Ultimate/core/util-jvm/build.gradle.kts,crlf,False,True,False,True,True
arena/019ff0c7-pro-v1,RED_Ultimate_V1-main/RED_Ultimate/core/util-jvm/build.gradle.kts,crlf,False,True,False,True,True
arena/019ff146-pro-v1,RED_Ultimate_V1-main/RED_Ultimate/core/util-jvm/build.gradle.kts,crlf,False,True,False,True,True
arena/019ff178-pro-v1,RED_Ultimate_V1-main/RED_Ultimate/core/util-jvm/build.gradle.kts,crlf,False,True,False,True,True
arena/019ff1f9-pro-v1,RED_Ultimate_V1-main/RED_Ultimate/core/util-jvm/build.gradle.kts,crlf,False,True,False,True,True
arena/019ff215-pro-v1,RED_Ultimate_V1-main/RED_Ultimate/core/util-jvm/build.gradle.kts,crlf,False,True,False,True,True
arena/019ff237-pro-v1,RED_Ultimate_V1-main/RED_Ultimate/core/util-jvm/build.gradle.kts,crlf,False,True,False,True,True
arena/019ff422-pro-v1,RED_Ultimate_V1-main/RED_Ultimate/core/util-jvm/build.gradle.kts,crlf,False,True,False,True,True
arena/019ff82d-pro-v1,RED_Ultimate_V1-main/RED_Ultimate/core/util-jvm/build.gradle.kts,crlf,False,True,False,True,True
arena/019ff859-pro-v1,RED_Ultimate_V1-main/RED_Ultimate/core/util-jvm/build.gradle.kts,crlf,False,True,False,True,True
arena/019ff8b4-pro-v1,RED_Ultimate_V1-main/RED_Ultimate/core/util-jvm/build.gradle.kts,crlf,False,True,False,True,True
arena/019ff8c7-pro-v1,RED_Ultimate_V1-main/RED_Ultimate/core/util-jvm/build.gradle.kts,crlf,False,True,False,True,True
arena/019ff8f2-pro-v1,RED_Ultimate_V1-main/RED_Ultimate/core/util-jvm/build.gradle.kts,crlf,False,True,False,True,True
arena/019ffce9-pro-v1,RED_Ultimate_V1-main/RED_Ultimate/core/util-jvm/build.gradle.kts,crlf,False,True,False,True,True
arena/019ffd78-pro-v1,RED_Ultimate_V1-main/RED_Ultimate/core/util-jvm/build.gradle.kts,crlf,False,True,False,True,True
arena/019ffe92-pro-v1,RED_Ultimate_V1-main/RED_Ultimate/core/util-jvm/build.gradle.kts,crlf,False,True,False,True,True
arena/019ffece-pro-v1,RED_Ultimate_V1-main/RED_Ultimate/core/util-jvm/build.gradle.kts,crlf,False,True,False,True,True
arena/019fffd5-pro-v1,RED_Ultimate_V1-main/RED_Ultimate/core/util-jvm/build.gradle.kts,crlf,False,True,False,True,True
arena/01a0064f-pro-v1,RED_Ultimate_V1-main/RED_Ultimate/core/util-jvm/build.gradle.kts,crlf,False,True,False,True,True
arena/01a00f9e-pro-v1,RED_Ultimate_V1-main/RED_Ultimate/core/util-jvm/build.gradle.kts,crlf,False,True,False,True,True
chore/platform-rebuild-baseline,RED_Ultimate_V1-main/RED_Ultimate/core/util-jvm/build.gradle.kts,crlf,False,True,False,True,True
feat/admin-social-management,RED_Ultimate_V1-main/RED_Ultimate/core/util-jvm/build.gradle.kts,crlf,False,True,False,True,True
feat/red-engineering-roadmap-20260820,RED_Ultimate_V1-main/RED_Ultimate/core/util-jvm/build.gradle.kts,crlf,False,True,False,True,True
feature/uc2000-ve-sms-browser-audit,RED_Ultimate_V1-main/RED_Ultimate/core/util-jvm/build.gradle.kts,crlf,False,True,False,True,True
fix/restore-websocket-registrations,RED_Ultimate_V1-main/RED_Ultimate/core/util-jvm/build.gradle.kts,crlf,False,True,False,True,True
revert-37-arena/019ffd78-pro-v1,RED_Ultimate_V1-main/RED_Ultimate/core/util-jvm/build.gradle.kts,crlf,False,True,False,True,True
arena/019fe8fa-pro-v1,RED_Ultimate_V1-main/RED_Ultimate/fast-lint/build.gradle.kts,crlf,False,True,False,True,True
arena/019fe9e3-pro-v1,RED_Ultimate_V1-main/RED_Ultimate/fast-lint/build.gradle.kts,crlf,False,True,False,True,True
arena/019ff019-pro-v1,RED_Ultimate_V1-main/RED_Ultimate/fast-lint/build.gradle.kts,crlf,False,True,False,True,True
arena/019ff06b-pro-v1,RED_Ultimate_V1-main/RED_Ultimate/fast-lint/build.gradle.kts,crlf,False,True,False,True,True
arena/019ff085-pro-v1,RED_Ultimate_V1-main/RED_Ultimate/fast-lint/build.gradle.kts,crlf,False,True,False,True,True
arena/019ff0c7-pro-v1,RED_Ultimate_V1-main/RED_Ultimate/fast-lint/build.gradle.kts,crlf,False,True,False,True,True
arena/019ff146-pro-v1,RED_Ultimate_V1-main/RED_Ultimate/fast-lint/build.gradle.kts,crlf,False,True,False,True,True
arena/019ff178-pro-v1,RED_Ultimate_V1-main/RED_Ultimate/fast-lint/build.gradle.kts,crlf,False,True,False,True,True
arena/019ff1f9-pro-v1,RED_Ultimate_V1-main/RED_Ultimate/fast-lint/build.gradle.kts,crlf,False,True,False,True,True
arena/019ff215-pro-v1,RED_Ultimate_V1-main/RED_Ultimate/fast-lint/build.gradle.kts,crlf,False,True,False,True,True
arena/019ff237-pro-v1,RED_Ultimate_V1-main/RED_Ultimate/fast-lint/build.gradle.kts,crlf,False,True,False,True,True
arena/019ff422-pro-v1,RED_Ultimate_V1-main/RED_Ultimate/fast-lint/build.gradle.kts,crlf,False,True,False,True,True
arena/019ff82d-pro-v1,RED_Ultimate_V1-main/RED_Ultimate/fast-lint/build.gradle.kts,crlf,False,True,False,True,True
arena/019ff859-pro-v1,RED_Ultimate_V1-main/RED_Ultimate/fast-lint/build.gradle.kts,crlf,False,True,False,True,True
arena/019ff8b4-pro-v1,RED_Ultimate_V1-main/RED_Ultimate/fast-lint/build.gradle.kts,crlf,False,True,False,True,True
arena/019ff8c7-pro-v1,RED_Ultimate_V1-main/RED_Ultimate/fast-lint/build.gradle.kts,crlf,False,True,False,True,True
arena/019ff8f2-pro-v1,RED_Ultimate_V1-main/RED_Ultimate/fast-lint/build.gradle.kts,crlf,False,True,False,True,True
arena/019ffce9-pro-v1,RED_Ultimate_V1-main/RED_Ultimate/fast-lint/build.gradle.kts,crlf,False,True,False,True,True
arena/019ffd78-pro-v1,RED_Ultimate_V1-main/RED_Ultimate/fast-lint/build.gradle.kts,crlf,False,True,False,True,True
arena/019ffe92-pro-v1,RED_Ultimate_V1-main/RED_Ultimate/fast-lint/build.gradle.kts,crlf,False,True,False,True,True
arena/019ffece-pro-v1,RED_Ultimate_V1-main/RED_Ultimate/fast-lint/build.gradle.kts,crlf,False,True,False,True,True
arena/019fffd5-pro-v1,RED_Ultimate_V1-main/RED_Ultimate/fast-lint/build.gradle.kts,crlf,False,True,False,True,True
arena/01a0064f-pro-v1,RED_Ultimate_V1-main/RED_Ultimate/fast-lint/build.gradle.kts,crlf,False,True,False,True,True
arena/01a00f9e-pro-v1,RED_Ultimate_V1-main/RED_Ultimate/fast-lint/build.gradle.kts,crlf,False,True,False,True,True
chore/platform-rebuild-baseline,RED_Ultimate_V1-main/RED_Ultimate/fast-lint/build.gradle.kts,crlf,False,True,False,True,True
feat/admin-social-management,RED_Ultimate_V1-main/RED_Ultimate/fast-lint/build.gradle.kts,crlf,False,True,False,True,True
feat/red-engineering-roadmap-20260820,RED_Ultimate_V1-main/RED_Ultimate/fast-lint/build.gradle.kts,crlf,False,True,False,True,True
feature/uc2000-ve-sms-browser-audit,RED_Ultimate_V1-main/RED_Ultimate/fast-lint/build.gradle.kts,crlf,False,True,False,True,True
fix/restore-websocket-registrations,RED_Ultimate_V1-main/RED_Ultimate/fast-lint/build.gradle.kts,crlf,False,True,False,True,True
revert-37-arena/019ffd78-pro-v1,RED_Ultimate_V1-main/RED_Ultimate/fast-lint/build.gradle.kts,crlf,False,True,False,True,True
arena/019fe8fa-pro-v1,RED_Ultimate_V1-main/RED_Ultimate/gradle.properties,trailing_ws,False,False,False,True,True
arena/019fe9e3-pro-v1,RED_Ultimate_V1-main/RED_Ultimate/gradle.properties,trailing_ws,False,False,False,True,True
arena/019ff019-pro-v1,RED_Ultimate_V1-main/RED_Ultimate/gradle.properties,trailing_ws,False,False,False,True,True
arena/019ff06b-pro-v1,RED_Ultimate_V1-main/RED_Ultimate/gradle.properties,trailing_ws,False,False,False,True,True
arena/019ff085-pro-v1,RED_Ultimate_V1-main/RED_Ultimate/gradle.properties,trailing_ws,False,False,False,True,True
arena/019ff0c7-pro-v1,RED_Ultimate_V1-main/RED_Ultimate/gradle.properties,trailing_ws,False,False,False,True,True
arena/019ff146-pro-v1,RED_Ultimate_V1-main/RED_Ultimate/gradle.properties,trailing_ws,False,False,False,True,True
arena/019ff178-pro-v1,RED_Ultimate_V1-main/RED_Ultimate/gradle.properties,trailing_ws,False,False,False,True,True
arena/019ff1f9-pro-v1,RED_Ultimate_V1-main/RED_Ultimate/gradle.properties,trailing_ws,False,False,False,True,True
arena/019ff215-pro-v1,RED_Ultimate_V1-main/RED_Ultimate/gradle.properties,trailing_ws,False,False,False,True,True
arena/019ff237-pro-v1,RED_Ultimate_V1-main/RED_Ultimate/gradle.properties,trailing_ws,False,False,False,True,True
arena/019ff422-pro-v1,RED_Ultimate_V1-main/RED_Ultimate/gradle.properties,trailing_ws,False,False,False,True,True
arena/019ff82d-pro-v1,RED_Ultimate_V1-main/RED_Ultimate/gradle.properties,trailing_ws,False,False,False,True,True
arena/019ff859-pro-v1,RED_Ultimate_V1-main/RED_Ultimate/gradle.properties,trailing_ws,False,False,False,True,True
arena/019ff8b4-pro-v1,RED_Ultimate_V1-main/RED_Ultimate/gradle.properties,trailing_ws,False,False,False,True,True
arena/019ff8c7-pro-v1,RED_Ultimate_V1-main/RED_Ultimate/gradle.properties,trailing_ws,False,False,False,True,True
arena/019fe8fa-pro-v1,RED_Ultimate_V1-main/RED_Ultimate/gradle/verification-metadata.xml,crlf,False,True,False,True,True
arena/019ff019-pro-v1,RED_Ultimate_V1-main/RED_Ultimate/gradle/verification-metadata.xml,crlf,False,True,False,True,True
arena/019ff06b-pro-v1,RED_Ultimate_V1-main/RED_Ultimate/gradle/verification-metadata.xml,crlf,False,True,False,True,True
arena/019ff085-pro-v1,RED_Ultimate_V1-main/RED_Ultimate/gradle/verification-metadata.xml,crlf,False,True,False,True,True
arena/019ff0c7-pro-v1,RED_Ultimate_V1-main/RED_Ultimate/gradle/verification-metadata.xml,crlf,False,True,False,True,True
arena/019ff146-pro-v1,RED_Ultimate_V1-main/RED_Ultimate/gradle/verification-metadata.xml,crlf,False,True,False,True,True
arena/019ff178-pro-v1,RED_Ultimate_V1-main/RED_Ultimate/gradle/verification-metadata.xml,crlf,False,True,False,True,True
arena/019ff1f9-pro-v1,RED_Ultimate_V1-main/RED_Ultimate/gradle/verification-metadata.xml,crlf,False,True,False,True,True
arena/019ff215-pro-v1,RED_Ultimate_V1-main/RED_Ultimate/gradle/verification-metadata.xml,crlf,False,True,False,True,True
arena/019ff237-pro-v1,RED_Ultimate_V1-main/RED_Ultimate/gradle/verification-metadata.xml,crlf,False,True,False,True,True
arena/019ff422-pro-v1,RED_Ultimate_V1-main/RED_Ultimate/gradle/verification-metadata.xml,crlf,False,True,False,True,True
arena/019ff82d-pro-v1,RED_Ultimate_V1-main/RED_Ultimate/gradle/verification-metadata.xml,crlf,False,True,False,True,True
arena/019ff859-pro-v1,RED_Ultimate_V1-main/RED_Ultimate/gradle/verification-metadata.xml,crlf,False,True,False,True,True
arena/019ff8b4-pro-v1,RED_Ultimate_V1-main/RED_Ultimate/gradle/verification-metadata.xml,crlf,False,True,False,True,True
arena/019ff8c7-pro-v1,RED_Ultimate_V1-main/RED_Ultimate/gradle/verification-metadata.xml,crlf,False,True,False,True,True
arena/019ff8f2-pro-v1,RED_Ultimate_V1-main/RED_Ultimate/gradle/verification-metadata.xml,crlf,False,True,False,True,True
arena/019ffce9-pro-v1,RED_Ultimate_V1-main/RED_Ultimate/gradle/verification-metadata.xml,crlf,False,True,False,True,True
arena/019ffd78-pro-v1,RED_Ultimate_V1-main/RED_Ultimate/gradle/verification-metadata.xml,crlf,False,True,False,True,True
arena/019ffe92-pro-v1,RED_Ultimate_V1-main/RED_Ultimate/gradle/verification-metadata.xml,crlf,False,True,False,True,True
arena/019ffece-pro-v1,RED_Ultimate_V1-main/RED_Ultimate/gradle/verification-metadata.xml,crlf,False,True,False,True,True
arena/019fffd5-pro-v1,RED_Ultimate_V1-main/RED_Ultimate/gradle/verification-metadata.xml,crlf,False,True,False,True,True
arena/01a0064f-pro-v1,RED_Ultimate_V1-main/RED_Ultimate/gradle/verification-metadata.xml,crlf,False,True,False,True,True
arena/01a00f9e-pro-v1,RED_Ultimate_V1-main/RED_Ultimate/gradle/verification-metadata.xml,crlf,False,True,False,True,True
chore/platform-rebuild-baseline,RED_Ultimate_V1-main/RED_Ultimate/gradle/verification-metadata.xml,crlf,False,True,False,True,True
feat/admin-social-management,RED_Ultimate_V1-main/RED_Ultimate/gradle/verification-metadata.xml,crlf,False,True,False,True,True
feat/red-engineering-roadmap-20260820,RED_Ultimate_V1-main/RED_Ultimate/gradle/verification-metadata.xml,crlf,False,True,False,True,True
feature/uc2000-ve-sms-browser-audit,RED_Ultimate_V1-main/RED_Ultimate/gradle/verification-metadata.xml,crlf,False,True,False,True,True
fix/restore-websocket-registrations,RED_Ultimate_V1-main/RED_Ultimate/gradle/verification-metadata.xml,crlf,False,True,False,True,True
revert-37-arena/019ffd78-pro-v1,RED_Ultimate_V1-main/RED_Ultimate/gradle/verification-metadata.xml,crlf,False,True,False,True,True
arena/019fe8fa-pro-v1,RED_Ultimate_V1-main/RED_Ultimate/gradle/wrapper/gradle-wrapper.jar,trailing_ws,False,False,False,False,False
arena/019fe9e3-pro-v1,RED_Ultimate_V1-main/RED_Ultimate/gradle/wrapper/gradle-wrapper.jar,trailing_ws,False,False,False,False,False
arena/019ff019-pro-v1,RED_Ultimate_V1-main/RED_Ultimate/gradle/wrapper/gradle-wrapper.jar,trailing_ws,False,False,False,False,False
arena/019ff06b-pro-v1,RED_Ultimate_V1-main/RED_Ultimate/gradle/wrapper/gradle-wrapper.jar,trailing_ws,False,False,False,False,False
arena/019ff085-pro-v1,RED_Ultimate_V1-main/RED_Ultimate/gradle/wrapper/gradle-wrapper.jar,trailing_ws,False,False,False,False,False
arena/019ff0c7-pro-v1,RED_Ultimate_V1-main/RED_Ultimate/gradle/wrapper/gradle-wrapper.jar,trailing_ws,False,False,False,False,False
arena/019ff146-pro-v1,RED_Ultimate_V1-main/RED_Ultimate/gradle/wrapper/gradle-wrapper.jar,trailing_ws,False,False,False,False,False
arena/019fe8fa-pro-v1,RED_Ultimate_V1-main/RED_Ultimate/gradle/wrapper/gradle-wrapper.properties,crlf,False,True,False,True,True
arena/019fe9e3-pro-v1,RED_Ultimate_V1-main/RED_Ultimate/gradle/wrapper/gradle-wrapper.properties,crlf,False,True,False,True,True
arena/019ff019-pro-v1,RED_Ultimate_V1-main/RED_Ultimate/gradle/wrapper/gradle-wrapper.properties,crlf,False,True,False,True,True
arena/019ff06b-pro-v1,RED_Ultimate_V1-main/RED_Ultimate/gradle/wrapper/gradle-wrapper.properties,crlf,False,True,False,True,True
arena/019ff085-pro-v1,RED_Ultimate_V1-main/RED_Ultimate/gradle/wrapper/gradle-wrapper.properties,crlf,False,True,False,True,True
arena/019ff0c7-pro-v1,RED_Ultimate_V1-main/RED_Ultimate/gradle/wrapper/gradle-wrapper.properties,crlf,False,True,False,True,True
arena/019ff146-pro-v1,RED_Ultimate_V1-main/RED_Ultimate/gradle/wrapper/gradle-wrapper.properties,crlf,False,True,False,True,True
arena/019ff178-pro-v1,RED_Ultimate_V1-main/RED_Ultimate/gradle/wrapper/gradle-wrapper.properties,crlf,False,True,False,True,True
arena/019ff1f9-pro-v1,RED_Ultimate_V1-main/RED_Ultimate/gradle/wrapper/gradle-wrapper.properties,crlf,False,True,False,True,True
arena/019ff215-pro-v1,RED_Ultimate_V1-main/RED_Ultimate/gradle/wrapper/gradle-wrapper.properties,crlf,False,True,False,True,True
arena/019ff237-pro-v1,RED_Ultimate_V1-main/RED_Ultimate/gradle/wrapper/gradle-wrapper.properties,crlf,False,True,False,True,True
arena/019ff422-pro-v1,RED_Ultimate_V1-main/RED_Ultimate/gradle/wrapper/gradle-wrapper.properties,crlf,False,True,False,True,True
arena/019ff82d-pro-v1,RED_Ultimate_V1-main/RED_Ultimate/gradle/wrapper/gradle-wrapper.properties,crlf,False,True,False,True,True
arena/019ff859-pro-v1,RED_Ultimate_V1-main/RED_Ultimate/gradle/wrapper/gradle-wrapper.properties,crlf,False,True,False,True,True
arena/019ff8b4-pro-v1,RED_Ultimate_V1-main/RED_Ultimate/gradle/wrapper/gradle-wrapper.properties,crlf,False,True,False,True,True
arena/019ff8c7-pro-v1,RED_Ultimate_V1-main/RED_Ultimate/gradle/wrapper/gradle-wrapper.properties,crlf,False,True,False,True,True
arena/019ff8f2-pro-v1,RED_Ultimate_V1-main/RED_Ultimate/gradle/wrapper/gradle-wrapper.properties,crlf,False,True,False,True,True
arena/019ffce9-pro-v1,RED_Ultimate_V1-main/RED_Ultimate/gradle/wrapper/gradle-wrapper.properties,crlf,False,True,False,True,True
arena/019ffd78-pro-v1,RED_Ultimate_V1-main/RED_Ultimate/gradle/wrapper/gradle-wrapper.properties,crlf,False,True,False,True,True
arena/019ffe92-pro-v1,RED_Ultimate_V1-main/RED_Ultimate/gradle/wrapper/gradle-wrapper.properties,crlf,False,True,False,True,True
arena/019ffece-pro-v1,RED_Ultimate_V1-main/RED_Ultimate/gradle/wrapper/gradle-wrapper.properties,crlf,False,True,False,True,True
arena/019fffd5-pro-v1,RED_Ultimate_V1-main/RED_Ultimate/gradle/wrapper/gradle-wrapper.properties,crlf,False,True,False,True,True
arena/01a0064f-pro-v1,RED_Ultimate_V1-main/RED_Ultimate/gradle/wrapper/gradle-wrapper.properties,crlf,False,True,False,True,True
arena/01a00f9e-pro-v1,RED_Ultimate_V1-main/RED_Ultimate/gradle/wrapper/gradle-wrapper.properties,crlf,False,True,False,True,True
chore/platform-rebuild-baseline,RED_Ultimate_V1-main/RED_Ultimate/gradle/wrapper/gradle-wrapper.properties,crlf,False,True,False,True,True
feat/admin-social-management,RED_Ultimate_V1-main/RED_Ultimate/gradle/wrapper/gradle-wrapper.properties,crlf,False,True,False,True,True
feat/red-engineering-roadmap-20260820,RED_Ultimate_V1-main/RED_Ultimate/gradle/wrapper/gradle-wrapper.properties,crlf,False,True,False,True,True
feature/uc2000-ve-sms-browser-audit,RED_Ultimate_V1-main/RED_Ultimate/gradle/wrapper/gradle-wrapper.properties,crlf,False,True,False,True,True
fix/restore-websocket-registrations,RED_Ultimate_V1-main/RED_Ultimate/gradle/wrapper/gradle-wrapper.properties,crlf,False,True,False,True,True
revert-37-arena/019ffd78-pro-v1,RED_Ultimate_V1-main/RED_Ultimate/gradle/wrapper/gradle-wrapper.properties,crlf,False,True,False,True,True
arena/019fe8fa-pro-v1,RED_Ultimate_V1-main/RED_Ultimate/lintchecks/build.gradle.kts,crlf,False,True,False,True,True
arena/019fe9e3-pro-v1,RED_Ultimate_V1-main/RED_Ultimate/lintchecks/build.gradle.kts,crlf,False,True,False,True,True
arena/019ff019-pro-v1,RED_Ultimate_V1-main/RED_Ultimate/lintchecks/build.gradle.kts,crlf,False,True,False,True,True
arena/019ff06b-pro-v1,RED_Ultimate_V1-main/RED_Ultimate/lintchecks/build.gradle.kts,crlf,False,True,False,True,True
arena/019ff085-pro-v1,RED_Ultimate_V1-main/RED_Ultimate/lintchecks/build.gradle.kts,crlf,False,True,False,True,True
arena/019ff0c7-pro-v1,RED_Ultimate_V1-main/RED_Ultimate/lintchecks/build.gradle.kts,crlf,False,True,False,True,True
arena/019ff146-pro-v1,RED_Ultimate_V1-main/RED_Ultimate/lintchecks/build.gradle.kts,crlf,False,True,False,True,True
arena/019ff178-pro-v1,RED_Ultimate_V1-main/RED_Ultimate/lintchecks/build.gradle.kts,crlf,False,True,False,True,True
arena/019ff1f9-pro-v1,RED_Ultimate_V1-main/RED_Ultimate/lintchecks/build.gradle.kts,crlf,False,True,False,True,True
arena/019ff215-pro-v1,RED_Ultimate_V1-main/RED_Ultimate/lintchecks/build.gradle.kts,crlf,False,True,False,True,True
arena/019ff237-pro-v1,RED_Ultimate_V1-main/RED_Ultimate/lintchecks/build.gradle.kts,crlf,False,True,False,True,True
arena/019ff422-pro-v1,RED_Ultimate_V1-main/RED_Ultimate/lintchecks/build.gradle.kts,crlf,False,True,False,True,True
arena/019ff82d-pro-v1,RED_Ultimate_V1-main/RED_Ultimate/lintchecks/build.gradle.kts,crlf,False,True,False,True,True
arena/019ff859-pro-v1,RED_Ultimate_V1-main/RED_Ultimate/lintchecks/build.gradle.kts,crlf,False,True,False,True,True
arena/019ff8b4-pro-v1,RED_Ultimate_V1-main/RED_Ultimate/lintchecks/build.gradle.kts,crlf,False,True,False,True,True
arena/019ff8c7-pro-v1,RED_Ultimate_V1-main/RED_Ultimate/lintchecks/build.gradle.kts,crlf,False,True,False,True,True
arena/019ff8f2-pro-v1,RED_Ultimate_V1-main/RED_Ultimate/lintchecks/build.gradle.kts,crlf,False,True,False,True,True
arena/019ffce9-pro-v1,RED_Ultimate_V1-main/RED_Ultimate/lintchecks/build.gradle.kts,crlf,False,True,False,True,True
arena/019ffd78-pro-v1,RED_Ultimate_V1-main/RED_Ultimate/lintchecks/build.gradle.kts,crlf,False,True,False,True,True
arena/019ffe92-pro-v1,RED_Ultimate_V1-main/RED_Ultimate/lintchecks/build.gradle.kts,crlf,False,True,False,True,True
arena/019ffece-pro-v1,RED_Ultimate_V1-main/RED_Ultimate/lintchecks/build.gradle.kts,crlf,False,True,False,True,True
arena/019fffd5-pro-v1,RED_Ultimate_V1-main/RED_Ultimate/lintchecks/build.gradle.kts,crlf,False,True,False,True,True
arena/01a0064f-pro-v1,RED_Ultimate_V1-main/RED_Ultimate/lintchecks/build.gradle.kts,crlf,False,True,False,True,True
arena/01a00f9e-pro-v1,RED_Ultimate_V1-main/RED_Ultimate/lintchecks/build.gradle.kts,crlf,False,True,False,True,True
chore/platform-rebuild-baseline,RED_Ultimate_V1-main/RED_Ultimate/lintchecks/build.gradle.kts,crlf,False,True,False,True,True
feat/admin-social-management,RED_Ultimate_V1-main/RED_Ultimate/lintchecks/build.gradle.kts,crlf,False,True,False,True,True
feat/red-engineering-roadmap-20260820,RED_Ultimate_V1-main/RED_Ultimate/lintchecks/build.gradle.kts,crlf,False,True,False,True,True
feature/uc2000-ve-sms-browser-audit,RED_Ultimate_V1-main/RED_Ultimate/lintchecks/build.gradle.kts,crlf,False,True,False,True,True
fix/restore-websocket-registrations,RED_Ultimate_V1-main/RED_Ultimate/lintchecks/build.gradle.kts,crlf,False,True,False,True,True
revert-37-arena/019ffd78-pro-v1,RED_Ultimate_V1-main/RED_Ultimate/lintchecks/build.gradle.kts,crlf,False,True,False,True,True
arena/019fe8fa-pro-v1,RED_Ultimate_V1-main/RED_Ultimate/media-sfu/server.js,trailing_ws,False,False,False,True,True
arena/019fe9e3-pro-v1,RED_Ultimate_V1-main/RED_Ultimate/media-sfu/server.js,trailing_ws,False,False,False,True,True
arena/019ff019-pro-v1,RED_Ultimate_V1-main/RED_Ultimate/media-sfu/server.js,trailing_ws,False,False,False,True,True
arena/019ff06b-pro-v1,RED_Ultimate_V1-main/RED_Ultimate/media-sfu/server.js,trailing_ws,False,False,False,True,True
arena/019ff085-pro-v1,RED_Ultimate_V1-main/RED_Ultimate/media-sfu/server.js,trailing_ws,False,False,False,True,True
arena/019ff0c7-pro-v1,RED_Ultimate_V1-main/RED_Ultimate/media-sfu/server.js,trailing_ws,False,False,False,True,True
arena/019ff146-pro-v1,RED_Ultimate_V1-main/RED_Ultimate/media-sfu/server.js,trailing_ws,False,False,False,True,True
arena/019ff178-pro-v1,RED_Ultimate_V1-main/RED_Ultimate/media-sfu/server.js,trailing_ws,False,False,False,True,True
arena/019ff1f9-pro-v1,RED_Ultimate_V1-main/RED_Ultimate/media-sfu/server.js,trailing_ws,False,False,False,True,True
arena/019ff215-pro-v1,RED_Ultimate_V1-main/RED_Ultimate/media-sfu/server.js,trailing_ws,False,False,False,True,True
arena/019ff237-pro-v1,RED_Ultimate_V1-main/RED_Ultimate/media-sfu/server.js,trailing_ws,False,False,False,True,True
arena/019ff422-pro-v1,RED_Ultimate_V1-main/RED_Ultimate/media-sfu/server.js,trailing_ws,False,False,False,True,True
arena/019ff82d-pro-v1,RED_Ultimate_V1-main/RED_Ultimate/media-sfu/server.js,trailing_ws,False,False,False,True,True
arena/019ff859-pro-v1,RED_Ultimate_V1-main/RED_Ultimate/media-sfu/server.js,trailing_ws,False,False,False,True,True
arena/019ff8b4-pro-v1,RED_Ultimate_V1-main/RED_Ultimate/media-sfu/server.js,trailing_ws,False,False,False,True,True
arena/019ff8c7-pro-v1,RED_Ultimate_V1-main/RED_Ultimate/media-sfu/server.js,trailing_ws,False,False,False,True,True
arena/019ff8f2-pro-v1,RED_Ultimate_V1-main/RED_Ultimate/media-sfu/server.js,trailing_ws,False,False,False,True,True
arena/019ffce9-pro-v1,RED_Ultimate_V1-main/RED_Ultimate/media-sfu/server.js,trailing_ws,False,False,False,True,True
arena/019ffd78-pro-v1,RED_Ultimate_V1-main/RED_Ultimate/media-sfu/server.js,trailing_ws,False,False,False,True,True
arena/019ffe92-pro-v1,RED_Ultimate_V1-main/RED_Ultimate/media-sfu/server.js,trailing_ws,False,False,False,True,True
arena/019ffece-pro-v1,RED_Ultimate_V1-main/RED_Ultimate/media-sfu/server.js,trailing_ws,False,False,False,True,True
arena/019fffd5-pro-v1,RED_Ultimate_V1-main/RED_Ultimate/media-sfu/server.js,trailing_ws,False,False,False,True,True
arena/01a0064f-pro-v1,RED_Ultimate_V1-main/RED_Ultimate/media-sfu/server.js,trailing_ws,False,False,False,True,True
arena/01a00f9e-pro-v1,RED_Ultimate_V1-main/RED_Ultimate/media-sfu/server.js,trailing_ws,False,False,False,True,True
chore/platform-rebuild-baseline,RED_Ultimate_V1-main/RED_Ultimate/media-sfu/server.js,trailing_ws,False,False,False,True,True
feat/admin-social-management,RED_Ultimate_V1-main/RED_Ultimate/media-sfu/server.js,trailing_ws,False,False,False,True,True
feat/red-engineering-roadmap-20260820,RED_Ultimate_V1-main/RED_Ultimate/media-sfu/server.js,trailing_ws,False,False,False,True,True
feature/uc2000-ve-sms-browser-audit,RED_Ultimate_V1-main/RED_Ultimate/media-sfu/server.js,trailing_ws,False,False,False,True,True
fix/restore-websocket-registrations,RED_Ultimate_V1-main/RED_Ultimate/media-sfu/server.js,trailing_ws,False,False,False,True,True
revert-37-arena/019ffd78-pro-v1,RED_Ultimate_V1-main/RED_Ultimate/media-sfu/server.js,trailing_ws,False,False,False,True,True
arena/019fe8fa-pro-v1,RED_Ultimate_V1-main/RED_Ultimate/microbenchmark/build.gradle.kts,crlf,False,True,False,True,True
arena/019fe9e3-pro-v1,RED_Ultimate_V1-main/RED_Ultimate/microbenchmark/build.gradle.kts,crlf,False,True,False,True,True
arena/019ff019-pro-v1,RED_Ultimate_V1-main/RED_Ultimate/microbenchmark/build.gradle.kts,crlf,False,True,False,True,True
arena/019ff06b-pro-v1,RED_Ultimate_V1-main/RED_Ultimate/microbenchmark/build.gradle.kts,crlf,False,True,False,True,True
arena/019ff085-pro-v1,RED_Ultimate_V1-main/RED_Ultimate/microbenchmark/build.gradle.kts,crlf,False,True,False,True,True
arena/019ff0c7-pro-v1,RED_Ultimate_V1-main/RED_Ultimate/microbenchmark/build.gradle.kts,crlf,False,True,False,True,True
arena/019ff146-pro-v1,RED_Ultimate_V1-main/RED_Ultimate/microbenchmark/build.gradle.kts,crlf,False,True,False,True,True
arena/019ff178-pro-v1,RED_Ultimate_V1-main/RED_Ultimate/microbenchmark/build.gradle.kts,crlf,False,True,False,True,True
arena/019ff1f9-pro-v1,RED_Ultimate_V1-main/RED_Ultimate/microbenchmark/build.gradle.kts,crlf,False,True,False,True,True
arena/019ff215-pro-v1,RED_Ultimate_V1-main/RED_Ultimate/microbenchmark/build.gradle.kts,crlf,False,True,False,True,True
arena/019ff237-pro-v1,RED_Ultimate_V1-main/RED_Ultimate/microbenchmark/build.gradle.kts,crlf,False,True,False,True,True
arena/019ff422-pro-v1,RED_Ultimate_V1-main/RED_Ultimate/microbenchmark/build.gradle.kts,crlf,False,True,False,True,True
arena/019ff82d-pro-v1,RED_Ultimate_V1-main/RED_Ultimate/microbenchmark/build.gradle.kts,crlf,False,True,False,True,True
arena/019ff859-pro-v1,RED_Ultimate_V1-main/RED_Ultimate/microbenchmark/build.gradle.kts,crlf,False,True,False,True,True
arena/019ff8b4-pro-v1,RED_Ultimate_V1-main/RED_Ultimate/microbenchmark/build.gradle.kts,crlf,False,True,False,True,True
arena/019ff8c7-pro-v1,RED_Ultimate_V1-main/RED_Ultimate/microbenchmark/build.gradle.kts,crlf,False,True,False,True,True
arena/019ff8f2-pro-v1,RED_Ultimate_V1-main/RED_Ultimate/microbenchmark/build.gradle.kts,crlf,False,True,False,True,True
arena/019ffce9-pro-v1,RED_Ultimate_V1-main/RED_Ultimate/microbenchmark/build.gradle.kts,crlf,False,True,False,True,True
arena/019ffd78-pro-v1,RED_Ultimate_V1-main/RED_Ultimate/microbenchmark/build.gradle.kts,crlf,False,True,False,True,True
arena/019ffe92-pro-v1,RED_Ultimate_V1-main/RED_Ultimate/microbenchmark/build.gradle.kts,crlf,False,True,False,True,True
arena/019ffece-pro-v1,RED_Ultimate_V1-main/RED_Ultimate/microbenchmark/build.gradle.kts,crlf,False,True,False,True,True
arena/019fffd5-pro-v1,RED_Ultimate_V1-main/RED_Ultimate/microbenchmark/build.gradle.kts,crlf,False,True,False,True,True
arena/01a0064f-pro-v1,RED_Ultimate_V1-main/RED_Ultimate/microbenchmark/build.gradle.kts,crlf,False,True,False,True,True
arena/01a00f9e-pro-v1,RED_Ultimate_V1-main/RED_Ultimate/microbenchmark/build.gradle.kts,crlf,False,True,False,True,True
chore/platform-rebuild-baseline,RED_Ultimate_V1-main/RED_Ultimate/microbenchmark/build.gradle.kts,crlf,False,True,False,True,True
feat/admin-social-management,RED_Ultimate_V1-main/RED_Ultimate/microbenchmark/build.gradle.kts,crlf,False,True,False,True,True
feat/red-engineering-roadmap-20260820,RED_Ultimate_V1-main/RED_Ultimate/microbenchmark/build.gradle.kts,crlf,False,True,False,True,True
feature/uc2000-ve-sms-browser-audit,RED_Ultimate_V1-main/RED_Ultimate/microbenchmark/build.gradle.kts,crlf,False,True,False,True,True
fix/restore-websocket-registrations,RED_Ultimate_V1-main/RED_Ultimate/microbenchmark/build.gradle.kts,crlf,False,True,False,True,True
revert-37-arena/019ffd78-pro-v1,RED_Ultimate_V1-main/RED_Ultimate/microbenchmark/build.gradle.kts,crlf,False,True,False,True,True
arena/019fe8fa-pro-v1,RED_Ultimate_V1-main/RED_Ultimate/nginx.conf,crlf,False,True,False,True,True
arena/019fe9e3-pro-v1,RED_Ultimate_V1-main/RED_Ultimate/nginx.conf,crlf,False,True,False,True,True
arena/019ff019-pro-v1,RED_Ultimate_V1-main/RED_Ultimate/nginx.conf,crlf,False,True,False,True,True
arena/019ff06b-pro-v1,RED_Ultimate_V1-main/RED_Ultimate/nginx.conf,crlf,False,True,False,True,True
arena/019ff085-pro-v1,RED_Ultimate_V1-main/RED_Ultimate/nginx.conf,crlf,False,True,False,True,True
arena/019ff0c7-pro-v1,RED_Ultimate_V1-main/RED_Ultimate/nginx.conf,crlf,False,True,False,True,True
arena/019ff146-pro-v1,RED_Ultimate_V1-main/RED_Ultimate/nginx.conf,crlf,False,True,False,True,True
arena/019ff178-pro-v1,RED_Ultimate_V1-main/RED_Ultimate/nginx.conf,crlf,False,True,False,True,True
arena/019ff1f9-pro-v1,RED_Ultimate_V1-main/RED_Ultimate/nginx.conf,crlf,False,True,False,True,True
arena/019ff215-pro-v1,RED_Ultimate_V1-main/RED_Ultimate/nginx.conf,crlf,False,True,False,True,True
arena/019ff237-pro-v1,RED_Ultimate_V1-main/RED_Ultimate/nginx.conf,crlf,False,True,False,True,True
arena/019ff422-pro-v1,RED_Ultimate_V1-main/RED_Ultimate/nginx.conf,crlf,False,True,False,True,True
arena/019ff82d-pro-v1,RED_Ultimate_V1-main/RED_Ultimate/nginx.conf,crlf,False,True,False,True,True
arena/019ff859-pro-v1,RED_Ultimate_V1-main/RED_Ultimate/nginx.conf,crlf,False,True,False,True,True
arena/019ff8b4-pro-v1,RED_Ultimate_V1-main/RED_Ultimate/nginx.conf,crlf,False,True,False,True,True
arena/019ff8c7-pro-v1,RED_Ultimate_V1-main/RED_Ultimate/nginx.conf,crlf,False,True,False,True,True
arena/019ff8f2-pro-v1,RED_Ultimate_V1-main/RED_Ultimate/nginx.conf,crlf,False,True,False,True,True
arena/019ffce9-pro-v1,RED_Ultimate_V1-main/RED_Ultimate/nginx.conf,crlf,False,True,False,True,True
arena/019ffd78-pro-v1,RED_Ultimate_V1-main/RED_Ultimate/nginx.conf,crlf,False,True,False,True,True
arena/019ffe92-pro-v1,RED_Ultimate_V1-main/RED_Ultimate/nginx.conf,crlf,False,True,False,True,True
arena/019ffece-pro-v1,RED_Ultimate_V1-main/RED_Ultimate/nginx.conf,crlf,False,True,False,True,True
arena/019fffd5-pro-v1,RED_Ultimate_V1-main/RED_Ultimate/nginx.conf,crlf,False,True,False,True,True
arena/01a0064f-pro-v1,RED_Ultimate_V1-main/RED_Ultimate/nginx.conf,crlf,False,True,False,True,True
arena/01a00f9e-pro-v1,RED_Ultimate_V1-main/RED_Ultimate/nginx.conf,crlf,False,True,False,True,True
chore/platform-rebuild-baseline,RED_Ultimate_V1-main/RED_Ultimate/nginx.conf,crlf,False,True,False,True,True
feat/admin-social-management,RED_Ultimate_V1-main/RED_Ultimate/nginx.conf,crlf,False,True,False,True,True
feat/red-engineering-roadmap-20260820,RED_Ultimate_V1-main/RED_Ultimate/nginx.conf,crlf,False,True,False,True,True
feature/uc2000-ve-sms-browser-audit,RED_Ultimate_V1-main/RED_Ultimate/nginx.conf,crlf,False,True,False,True,True
fix/restore-websocket-registrations,RED_Ultimate_V1-main/RED_Ultimate/nginx.conf,crlf,False,True,False,True,True
revert-37-arena/019ffd78-pro-v1,RED_Ultimate_V1-main/RED_Ultimate/nginx.conf,crlf,False,True,False,True,True
arena/019ff178-pro-v1,RED_Ultimate_V1-main/RED_Ultimate/red-app/artwork/younes-launcher-source.svg,final_nl,False,False,False,True,False
arena/019ff1f9-pro-v1,RED_Ultimate_V1-main/RED_Ultimate/red-app/artwork/younes-launcher-source.svg,final_nl,False,False,False,True,False
arena/019ff215-pro-v1,RED_Ultimate_V1-main/RED_Ultimate/red-app/artwork/younes-launcher-source.svg,final_nl,False,False,False,True,False
arena/019ff237-pro-v1,RED_Ultimate_V1-main/RED_Ultimate/red-app/artwork/younes-launcher-source.svg,final_nl,False,False,False,True,False
arena/019ff422-pro-v1,RED_Ultimate_V1-main/RED_Ultimate/red-app/artwork/younes-launcher-source.svg,final_nl,False,False,False,True,False
arena/019ff859-pro-v1,RED_Ultimate_V1-main/RED_Ultimate/red-app/artwork/younes-launcher-source.svg,final_nl,False,False,False,True,False
arena/019fe8fa-pro-v1,RED_Ultimate_V1-main/RED_Ultimate/red-app/build.gradle.kts,"crlf,bom",False,True,False,True,True
arena/019fe9e3-pro-v1,RED_Ultimate_V1-main/RED_Ultimate/red-app/build.gradle.kts,"crlf,bom",False,True,False,True,True
arena/019ff019-pro-v1,RED_Ultimate_V1-main/RED_Ultimate/red-app/build.gradle.kts,"crlf,bom",False,True,False,True,True
arena/019ff06b-pro-v1,RED_Ultimate_V1-main/RED_Ultimate/red-app/build.gradle.kts,"crlf,bom",False,True,False,True,True
arena/019ff085-pro-v1,RED_Ultimate_V1-main/RED_Ultimate/red-app/build.gradle.kts,"crlf,bom",False,True,False,True,True
arena/019ff0c7-pro-v1,RED_Ultimate_V1-main/RED_Ultimate/red-app/build.gradle.kts,"crlf,bom",False,True,False,True,True
arena/019ff146-pro-v1,RED_Ultimate_V1-main/RED_Ultimate/red-app/build.gradle.kts,"crlf,bom",False,True,False,True,True
arena/019ff178-pro-v1,RED_Ultimate_V1-main/RED_Ultimate/red-app/build.gradle.kts,"crlf,bom",False,True,False,True,True
arena/019ff1f9-pro-v1,RED_Ultimate_V1-main/RED_Ultimate/red-app/build.gradle.kts,"crlf,bom",False,True,False,True,True
arena/019ff215-pro-v1,RED_Ultimate_V1-main/RED_Ultimate/red-app/build.gradle.kts,"crlf,bom",False,True,False,True,True
arena/019ff237-pro-v1,RED_Ultimate_V1-main/RED_Ultimate/red-app/build.gradle.kts,"crlf,bom",False,True,False,True,True
arena/019ff422-pro-v1,RED_Ultimate_V1-main/RED_Ultimate/red-app/build.gradle.kts,"crlf,bom",False,True,False,True,True
arena/019ff82d-pro-v1,RED_Ultimate_V1-main/RED_Ultimate/red-app/build.gradle.kts,"crlf,bom",False,True,False,True,True
arena/019ff859-pro-v1,RED_Ultimate_V1-main/RED_Ultimate/red-app/build.gradle.kts,"crlf,bom",False,True,False,True,True
arena/019ff8b4-pro-v1,RED_Ultimate_V1-main/RED_Ultimate/red-app/build.gradle.kts,"crlf,bom",False,True,False,True,True
arena/019ff8c7-pro-v1,RED_Ultimate_V1-main/RED_Ultimate/red-app/build.gradle.kts,"crlf,bom",False,True,False,True,True
arena/019ff8f2-pro-v1,RED_Ultimate_V1-main/RED_Ultimate/red-app/build.gradle.kts,"crlf,bom",False,True,False,True,True
arena/019ffce9-pro-v1,RED_Ultimate_V1-main/RED_Ultimate/red-app/build.gradle.kts,"crlf,bom",False,True,False,True,True
arena/019ffd78-pro-v1,RED_Ultimate_V1-main/RED_Ultimate/red-app/build.gradle.kts,"crlf,bom",False,True,False,True,True
arena/019ffe92-pro-v1,RED_Ultimate_V1-main/RED_Ultimate/red-app/build.gradle.kts,"crlf,bom",False,True,False,True,True
arena/019ffece-pro-v1,RED_Ultimate_V1-main/RED_Ultimate/red-app/build.gradle.kts,"crlf,bom",False,True,False,True,True
arena/019fffd5-pro-v1,RED_Ultimate_V1-main/RED_Ultimate/red-app/build.gradle.kts,"crlf,bom",False,True,False,True,True
arena/01a0064f-pro-v1,RED_Ultimate_V1-main/RED_Ultimate/red-app/build.gradle.kts,"crlf,bom",False,True,False,True,True
arena/01a00f9e-pro-v1,RED_Ultimate_V1-main/RED_Ultimate/red-app/build.gradle.kts,"crlf,bom",False,True,False,True,True
chore/platform-rebuild-baseline,RED_Ultimate_V1-main/RED_Ultimate/red-app/build.gradle.kts,"crlf,bom",False,True,False,True,True
feat/admin-social-management,RED_Ultimate_V1-main/RED_Ultimate/red-app/build.gradle.kts,"crlf,bom",False,True,False,True,True
feat/red-engineering-roadmap-20260820,RED_Ultimate_V1-main/RED_Ultimate/red-app/build.gradle.kts,"crlf,bom",False,True,False,True,True
feature/uc2000-ve-sms-browser-audit,RED_Ultimate_V1-main/RED_Ultimate/red-app/build.gradle.kts,"crlf,bom",False,True,False,True,True
fix/restore-websocket-registrations,RED_Ultimate_V1-main/RED_Ultimate/red-app/build.gradle.kts,"crlf,bom",False,True,False,True,True
revert-37-arena/019ffd78-pro-v1,RED_Ultimate_V1-main/RED_Ultimate/red-app/build.gradle.kts,"crlf,bom",False,True,False,True,True
arena/019fe8fa-pro-v1,RED_Ultimate_V1-main/RED_Ultimate/red-app/src/main/AndroidManifest.xml,crlf,False,True,False,True,True
arena/019fe9e3-pro-v1,RED_Ultimate_V1-main/RED_Ultimate/red-app/src/main/AndroidManifest.xml,crlf,False,True,False,True,True
arena/019ff019-pro-v1,RED_Ultimate_V1-main/RED_Ultimate/red-app/src/main/AndroidManifest.xml,crlf,False,True,False,True,True
arena/019ff06b-pro-v1,RED_Ultimate_V1-main/RED_Ultimate/red-app/src/main/AndroidManifest.xml,crlf,False,True,False,True,True
arena/019ff085-pro-v1,RED_Ultimate_V1-main/RED_Ultimate/red-app/src/main/AndroidManifest.xml,crlf,False,True,False,True,True
arena/019ff0c7-pro-v1,RED_Ultimate_V1-main/RED_Ultimate/red-app/src/main/AndroidManifest.xml,crlf,False,True,False,True,True
arena/019ff146-pro-v1,RED_Ultimate_V1-main/RED_Ultimate/red-app/src/main/AndroidManifest.xml,crlf,False,True,False,True,True
arena/019ff178-pro-v1,RED_Ultimate_V1-main/RED_Ultimate/red-app/src/main/AndroidManifest.xml,crlf,False,True,False,True,True
arena/019ff1f9-pro-v1,RED_Ultimate_V1-main/RED_Ultimate/red-app/src/main/AndroidManifest.xml,crlf,False,True,False,True,True
arena/019ff215-pro-v1,RED_Ultimate_V1-main/RED_Ultimate/red-app/src/main/AndroidManifest.xml,crlf,False,True,False,True,True
arena/019ff237-pro-v1,RED_Ultimate_V1-main/RED_Ultimate/red-app/src/main/AndroidManifest.xml,crlf,False,True,False,True,True
arena/019ff422-pro-v1,RED_Ultimate_V1-main/RED_Ultimate/red-app/src/main/AndroidManifest.xml,crlf,False,True,False,True,True
arena/019ff82d-pro-v1,RED_Ultimate_V1-main/RED_Ultimate/red-app/src/main/AndroidManifest.xml,crlf,False,True,False,True,True
arena/019ff859-pro-v1,RED_Ultimate_V1-main/RED_Ultimate/red-app/src/main/AndroidManifest.xml,crlf,False,True,False,True,True
arena/019ff8b4-pro-v1,RED_Ultimate_V1-main/RED_Ultimate/red-app/src/main/AndroidManifest.xml,crlf,False,True,False,True,True
arena/019ff8c7-pro-v1,RED_Ultimate_V1-main/RED_Ultimate/red-app/src/main/AndroidManifest.xml,crlf,False,True,False,True,True
arena/019ff8f2-pro-v1,RED_Ultimate_V1-main/RED_Ultimate/red-app/src/main/AndroidManifest.xml,crlf,False,True,False,True,True
arena/019ffce9-pro-v1,RED_Ultimate_V1-main/RED_Ultimate/red-app/src/main/AndroidManifest.xml,crlf,False,True,False,True,True
arena/019ffd78-pro-v1,RED_Ultimate_V1-main/RED_Ultimate/red-app/src/main/AndroidManifest.xml,crlf,False,True,False,True,True
arena/019ffe92-pro-v1,RED_Ultimate_V1-main/RED_Ultimate/red-app/src/main/AndroidManifest.xml,crlf,False,True,False,True,True
arena/019ffece-pro-v1,RED_Ultimate_V1-main/RED_Ultimate/red-app/src/main/AndroidManifest.xml,crlf,False,True,False,True,True
arena/019fffd5-pro-v1,RED_Ultimate_V1-main/RED_Ultimate/red-app/src/main/AndroidManifest.xml,crlf,False,True,False,True,True
arena/01a0064f-pro-v1,RED_Ultimate_V1-main/RED_Ultimate/red-app/src/main/AndroidManifest.xml,crlf,False,True,False,True,True
arena/01a00f9e-pro-v1,RED_Ultimate_V1-main/RED_Ultimate/red-app/src/main/AndroidManifest.xml,crlf,False,True,False,True,True
chore/platform-rebuild-baseline,RED_Ultimate_V1-main/RED_Ultimate/red-app/src/main/AndroidManifest.xml,crlf,False,True,False,True,True
feat/admin-social-management,RED_Ultimate_V1-main/RED_Ultimate/red-app/src/main/AndroidManifest.xml,crlf,False,True,False,True,True
feat/red-engineering-roadmap-20260820,RED_Ultimate_V1-main/RED_Ultimate/red-app/src/main/AndroidManifest.xml,crlf,False,True,False,True,True
feature/uc2000-ve-sms-browser-audit,RED_Ultimate_V1-main/RED_Ultimate/red-app/src/main/AndroidManifest.xml,crlf,False,True,False,True,True
fix/restore-websocket-registrations,RED_Ultimate_V1-main/RED_Ultimate/red-app/src/main/AndroidManifest.xml,crlf,False,True,False,True,True
revert-37-arena/019ffd78-pro-v1,RED_Ultimate_V1-main/RED_Ultimate/red-app/src/main/AndroidManifest.xml,crlf,False,True,False,True,True
arena/019fe8fa-pro-v1,RED_Ultimate_V1-main/RED_Ultimate/red-app/src/main/java/com/red/sovereign/MainActivity.kt,trailing_ws,False,False,False,True,True
arena/019fe9e3-pro-v1,RED_Ultimate_V1-main/RED_Ultimate/red-app/src/main/java/com/red/sovereign/MainActivity.kt,trailing_ws,False,False,False,True,True
arena/019ff019-pro-v1,RED_Ultimate_V1-main/RED_Ultimate/red-app/src/main/java/com/red/sovereign/MainActivity.kt,trailing_ws,False,False,False,True,True
arena/019ff06b-pro-v1,RED_Ultimate_V1-main/RED_Ultimate/red-app/src/main/java/com/red/sovereign/MainActivity.kt,trailing_ws,False,False,False,True,True
arena/019ff085-pro-v1,RED_Ultimate_V1-main/RED_Ultimate/red-app/src/main/java/com/red/sovereign/MainActivity.kt,trailing_ws,False,False,False,True,True
arena/019ff0c7-pro-v1,RED_Ultimate_V1-main/RED_Ultimate/red-app/src/main/java/com/red/sovereign/MainActivity.kt,trailing_ws,False,False,False,True,True
arena/019ff146-pro-v1,RED_Ultimate_V1-main/RED_Ultimate/red-app/src/main/java/com/red/sovereign/MainActivity.kt,trailing_ws,False,False,False,True,True
arena/019ff178-pro-v1,RED_Ultimate_V1-main/RED_Ultimate/red-app/src/main/java/com/red/sovereign/MainActivity.kt,trailing_ws,False,False,False,True,True
arena/019ff1f9-pro-v1,RED_Ultimate_V1-main/RED_Ultimate/red-app/src/main/java/com/red/sovereign/MainActivity.kt,trailing_ws,False,False,False,True,True
arena/019ff215-pro-v1,RED_Ultimate_V1-main/RED_Ultimate/red-app/src/main/java/com/red/sovereign/MainActivity.kt,trailing_ws,False,False,False,True,True
arena/019ff237-pro-v1,RED_Ultimate_V1-main/RED_Ultimate/red-app/src/main/java/com/red/sovereign/MainActivity.kt,trailing_ws,False,False,False,True,True
arena/019ff422-pro-v1,RED_Ultimate_V1-main/RED_Ultimate/red-app/src/main/java/com/red/sovereign/MainActivity.kt,trailing_ws,False,False,False,True,True
arena/019ff82d-pro-v1,RED_Ultimate_V1-main/RED_Ultimate/red-app/src/main/java/com/red/sovereign/MainActivity.kt,trailing_ws,False,False,False,True,True
arena/019ff859-pro-v1,RED_Ultimate_V1-main/RED_Ultimate/red-app/src/main/java/com/red/sovereign/MainActivity.kt,trailing_ws,False,False,False,True,True
arena/019ff8b4-pro-v1,RED_Ultimate_V1-main/RED_Ultimate/red-app/src/main/java/com/red/sovereign/MainActivity.kt,trailing_ws,False,False,False,True,True
arena/019ff8c7-pro-v1,RED_Ultimate_V1-main/RED_Ultimate/red-app/src/main/java/com/red/sovereign/MainActivity.kt,trailing_ws,False,False,False,True,True
arena/019ff8f2-pro-v1,RED_Ultimate_V1-main/RED_Ultimate/red-app/src/main/java/com/red/sovereign/MainActivity.kt,trailing_ws,False,False,False,True,True
arena/019ffce9-pro-v1,RED_Ultimate_V1-main/RED_Ultimate/red-app/src/main/java/com/red/sovereign/MainActivity.kt,trailing_ws,False,False,False,True,True
arena/019ffd78-pro-v1,RED_Ultimate_V1-main/RED_Ultimate/red-app/src/main/java/com/red/sovereign/MainActivity.kt,trailing_ws,False,False,False,True,True
arena/019ffe92-pro-v1,RED_Ultimate_V1-main/RED_Ultimate/red-app/src/main/java/com/red/sovereign/MainActivity.kt,trailing_ws,False,False,False,True,True
arena/019ffece-pro-v1,RED_Ultimate_V1-main/RED_Ultimate/red-app/src/main/java/com/red/sovereign/MainActivity.kt,trailing_ws,False,False,False,True,True
arena/019fffd5-pro-v1,RED_Ultimate_V1-main/RED_Ultimate/red-app/src/main/java/com/red/sovereign/MainActivity.kt,trailing_ws,False,False,False,True,True
arena/01a0064f-pro-v1,RED_Ultimate_V1-main/RED_Ultimate/red-app/src/main/java/com/red/sovereign/MainActivity.kt,trailing_ws,False,False,False,True,True
arena/01a00f9e-pro-v1,RED_Ultimate_V1-main/RED_Ultimate/red-app/src/main/java/com/red/sovereign/MainActivity.kt,trailing_ws,False,False,False,True,True
chore/platform-rebuild-baseline,RED_Ultimate_V1-main/RED_Ultimate/red-app/src/main/java/com/red/sovereign/MainActivity.kt,trailing_ws,False,False,False,True,True
feat/admin-social-management,RED_Ultimate_V1-main/RED_Ultimate/red-app/src/main/java/com/red/sovereign/MainActivity.kt,trailing_ws,False,False,False,True,True
feat/red-engineering-roadmap-20260820,RED_Ultimate_V1-main/RED_Ultimate/red-app/src/main/java/com/red/sovereign/MainActivity.kt,trailing_ws,False,False,False,True,True
feature/uc2000-ve-sms-browser-audit,RED_Ultimate_V1-main/RED_Ultimate/red-app/src/main/java/com/red/sovereign/MainActivity.kt,trailing_ws,False,False,False,True,True
fix/restore-websocket-registrations,RED_Ultimate_V1-main/RED_Ultimate/red-app/src/main/java/com/red/sovereign/MainActivity.kt,trailing_ws,False,False,False,True,True
revert-37-arena/019ffd78-pro-v1,RED_Ultimate_V1-main/RED_Ultimate/red-app/src/main/java/com/red/sovereign/MainActivity.kt,trailing_ws,False,False,False,True,True
arena/019fe8fa-pro-v1,RED_Ultimate_V1-main/RED_Ultimate/red-app/src/main/java/com/red/sovereign/YounesApplication.kt,bom,False,False,False,True,True
arena/019fe9e3-pro-v1,RED_Ultimate_V1-main/RED_Ultimate/red-app/src/main/java/com/red/sovereign/YounesApplication.kt,bom,False,False,False,True,True
arena/019ff019-pro-v1,RED_Ultimate_V1-main/RED_Ultimate/red-app/src/main/java/com/red/sovereign/YounesApplication.kt,bom,False,False,False,True,True
arena/019ff06b-pro-v1,RED_Ultimate_V1-main/RED_Ultimate/red-app/src/main/java/com/red/sovereign/YounesApplication.kt,bom,False,False,False,True,True
arena/019ff085-pro-v1,RED_Ultimate_V1-main/RED_Ultimate/red-app/src/main/java/com/red/sovereign/YounesApplication.kt,bom,False,False,False,True,True
arena/019ff0c7-pro-v1,RED_Ultimate_V1-main/RED_Ultimate/red-app/src/main/java/com/red/sovereign/YounesApplication.kt,bom,False,False,False,True,True
arena/019ff146-pro-v1,RED_Ultimate_V1-main/RED_Ultimate/red-app/src/main/java/com/red/sovereign/YounesApplication.kt,bom,False,False,False,True,True
arena/019ff178-pro-v1,RED_Ultimate_V1-main/RED_Ultimate/red-app/src/main/java/com/red/sovereign/YounesApplication.kt,bom,False,False,False,True,True
arena/019ff1f9-pro-v1,RED_Ultimate_V1-main/RED_Ultimate/red-app/src/main/java/com/red/sovereign/YounesApplication.kt,bom,False,False,False,True,True
arena/019ff215-pro-v1,RED_Ultimate_V1-main/RED_Ultimate/red-app/src/main/java/com/red/sovereign/YounesApplication.kt,bom,False,False,False,True,True
arena/019ff237-pro-v1,RED_Ultimate_V1-main/RED_Ultimate/red-app/src/main/java/com/red/sovereign/YounesApplication.kt,bom,False,False,False,True,True
arena/019ff422-pro-v1,RED_Ultimate_V1-main/RED_Ultimate/red-app/src/main/java/com/red/sovereign/YounesApplication.kt,bom,False,False,False,True,True
arena/019ff82d-pro-v1,RED_Ultimate_V1-main/RED_Ultimate/red-app/src/main/java/com/red/sovereign/YounesApplication.kt,bom,False,False,False,True,True
arena/019ff859-pro-v1,RED_Ultimate_V1-main/RED_Ultimate/red-app/src/main/java/com/red/sovereign/YounesApplication.kt,bom,False,False,False,True,True
arena/019ff8b4-pro-v1,RED_Ultimate_V1-main/RED_Ultimate/red-app/src/main/java/com/red/sovereign/YounesApplication.kt,bom,False,False,False,True,True
arena/019ff8c7-pro-v1,RED_Ultimate_V1-main/RED_Ultimate/red-app/src/main/java/com/red/sovereign/YounesApplication.kt,bom,False,False,False,True,True
arena/019ff8f2-pro-v1,RED_Ultimate_V1-main/RED_Ultimate/red-app/src/main/java/com/red/sovereign/YounesApplication.kt,bom,False,False,False,True,True
arena/019ffce9-pro-v1,RED_Ultimate_V1-main/RED_Ultimate/red-app/src/main/java/com/red/sovereign/YounesApplication.kt,bom,False,False,False,True,True
arena/019ffd78-pro-v1,RED_Ultimate_V1-main/RED_Ultimate/red-app/src/main/java/com/red/sovereign/YounesApplication.kt,bom,False,False,False,True,True
arena/019ffe92-pro-v1,RED_Ultimate_V1-main/RED_Ultimate/red-app/src/main/java/com/red/sovereign/YounesApplication.kt,bom,False,False,False,True,True
arena/019ffece-pro-v1,RED_Ultimate_V1-main/RED_Ultimate/red-app/src/main/java/com/red/sovereign/YounesApplication.kt,bom,False,False,False,True,True
arena/019fffd5-pro-v1,RED_Ultimate_V1-main/RED_Ultimate/red-app/src/main/java/com/red/sovereign/YounesApplication.kt,bom,False,False,False,True,True
arena/01a0064f-pro-v1,RED_Ultimate_V1-main/RED_Ultimate/red-app/src/main/java/com/red/sovereign/YounesApplication.kt,bom,False,False,False,True,True
arena/01a00f9e-pro-v1,RED_Ultimate_V1-main/RED_Ultimate/red-app/src/main/java/com/red/sovereign/YounesApplication.kt,bom,False,False,False,True,True
chore/platform-rebuild-baseline,RED_Ultimate_V1-main/RED_Ultimate/red-app/src/main/java/com/red/sovereign/YounesApplication.kt,bom,False,False,False,True,True
feat/admin-social-management,RED_Ultimate_V1-main/RED_Ultimate/red-app/src/main/java/com/red/sovereign/YounesApplication.kt,bom,False,False,False,True,True
feat/red-engineering-roadmap-20260820,RED_Ultimate_V1-main/RED_Ultimate/red-app/src/main/java/com/red/sovereign/YounesApplication.kt,bom,False,False,False,True,True
feature/uc2000-ve-sms-browser-audit,RED_Ultimate_V1-main/RED_Ultimate/red-app/src/main/java/com/red/sovereign/YounesApplication.kt,bom,False,False,False,True,True
fix/restore-websocket-registrations,RED_Ultimate_V1-main/RED_Ultimate/red-app/src/main/java/com/red/sovereign/YounesApplication.kt,bom,False,False,False,True,True
revert-37-arena/019ffd78-pro-v1,RED_Ultimate_V1-main/RED_Ultimate/red-app/src/main/java/com/red/sovereign/YounesApplication.kt,bom,False,False,False,True,True
arena/019fe8fa-pro-v1,RED_Ultimate_V1-main/RED_Ultimate/red-app/src/main/java/com/red/sovereign/calls/CallHistoryViewModel.kt,trailing_ws,False,False,False,True,True
arena/019fe9e3-pro-v1,RED_Ultimate_V1-main/RED_Ultimate/red-app/src/main/java/com/red/sovereign/calls/CallHistoryViewModel.kt,trailing_ws,False,False,False,True,True
arena/019ff019-pro-v1,RED_Ultimate_V1-main/RED_Ultimate/red-app/src/main/java/com/red/sovereign/calls/CallHistoryViewModel.kt,trailing_ws,False,False,False,True,True
arena/019ff06b-pro-v1,RED_Ultimate_V1-main/RED_Ultimate/red-app/src/main/java/com/red/sovereign/calls/CallHistoryViewModel.kt,trailing_ws,False,False,False,True,True
arena/019ff085-pro-v1,RED_Ultimate_V1-main/RED_Ultimate/red-app/src/main/java/com/red/sovereign/calls/CallHistoryViewModel.kt,trailing_ws,False,False,False,True,True
arena/019ff0c7-pro-v1,RED_Ultimate_V1-main/RED_Ultimate/red-app/src/main/java/com/red/sovereign/calls/CallHistoryViewModel.kt,trailing_ws,False,False,False,True,True
arena/019ff146-pro-v1,RED_Ultimate_V1-main/RED_Ultimate/red-app/src/main/java/com/red/sovereign/calls/CallHistoryViewModel.kt,trailing_ws,False,False,False,True,True
arena/019ff178-pro-v1,RED_Ultimate_V1-main/RED_Ultimate/red-app/src/main/java/com/red/sovereign/calls/CallHistoryViewModel.kt,trailing_ws,False,False,False,True,True
arena/019ff1f9-pro-v1,RED_Ultimate_V1-main/RED_Ultimate/red-app/src/main/java/com/red/sovereign/calls/CallHistoryViewModel.kt,trailing_ws,False,False,False,True,True
arena/019ff215-pro-v1,RED_Ultimate_V1-main/RED_Ultimate/red-app/src/main/java/com/red/sovereign/calls/CallHistoryViewModel.kt,trailing_ws,False,False,False,True,True
arena/019ff237-pro-v1,RED_Ultimate_V1-main/RED_Ultimate/red-app/src/main/java/com/red/sovereign/calls/CallHistoryViewModel.kt,trailing_ws,False,False,False,True,True
arena/019ff422-pro-v1,RED_Ultimate_V1-main/RED_Ultimate/red-app/src/main/java/com/red/sovereign/calls/CallHistoryViewModel.kt,trailing_ws,False,False,False,True,True
arena/019ff82d-pro-v1,RED_Ultimate_V1-main/RED_Ultimate/red-app/src/main/java/com/red/sovereign/calls/CallHistoryViewModel.kt,trailing_ws,False,False,False,True,True
arena/019ff859-pro-v1,RED_Ultimate_V1-main/RED_Ultimate/red-app/src/main/java/com/red/sovereign/calls/CallHistoryViewModel.kt,trailing_ws,False,False,False,True,True
arena/019ff8b4-pro-v1,RED_Ultimate_V1-main/RED_Ultimate/red-app/src/main/java/com/red/sovereign/calls/CallHistoryViewModel.kt,trailing_ws,False,False,False,True,True
arena/019ff8c7-pro-v1,RED_Ultimate_V1-main/RED_Ultimate/red-app/src/main/java/com/red/sovereign/calls/CallHistoryViewModel.kt,trailing_ws,False,False,False,True,True
arena/019ff8f2-pro-v1,RED_Ultimate_V1-main/RED_Ultimate/red-app/src/main/java/com/red/sovereign/calls/CallHistoryViewModel.kt,trailing_ws,False,False,False,True,True
arena/019ffce9-pro-v1,RED_Ultimate_V1-main/RED_Ultimate/red-app/src/main/java/com/red/sovereign/calls/CallHistoryViewModel.kt,trailing_ws,False,False,False,True,True
arena/019ffd78-pro-v1,RED_Ultimate_V1-main/RED_Ultimate/red-app/src/main/java/com/red/sovereign/calls/CallHistoryViewModel.kt,trailing_ws,False,False,False,True,True
arena/019ffe92-pro-v1,RED_Ultimate_V1-main/RED_Ultimate/red-app/src/main/java/com/red/sovereign/calls/CallHistoryViewModel.kt,trailing_ws,False,False,False,True,True
arena/019ffece-pro-v1,RED_Ultimate_V1-main/RED_Ultimate/red-app/src/main/java/com/red/sovereign/calls/CallHistoryViewModel.kt,trailing_ws,False,False,False,True,True
arena/019fffd5-pro-v1,RED_Ultimate_V1-main/RED_Ultimate/red-app/src/main/java/com/red/sovereign/calls/CallHistoryViewModel.kt,trailing_ws,False,False,False,True,True
arena/01a0064f-pro-v1,RED_Ultimate_V1-main/RED_Ultimate/red-app/src/main/java/com/red/sovereign/calls/CallHistoryViewModel.kt,trailing_ws,False,False,False,True,True
arena/01a00f9e-pro-v1,RED_Ultimate_V1-main/RED_Ultimate/red-app/src/main/java/com/red/sovereign/calls/CallHistoryViewModel.kt,trailing_ws,False,False,False,True,True
chore/platform-rebuild-baseline,RED_Ultimate_V1-main/RED_Ultimate/red-app/src/main/java/com/red/sovereign/calls/CallHistoryViewModel.kt,trailing_ws,False,False,False,True,True
feat/admin-social-management,RED_Ultimate_V1-main/RED_Ultimate/red-app/src/main/java/com/red/sovereign/calls/CallHistoryViewModel.kt,trailing_ws,False,False,False,True,True
feat/red-engineering-roadmap-20260820,RED_Ultimate_V1-main/RED_Ultimate/red-app/src/main/java/com/red/sovereign/calls/CallHistoryViewModel.kt,trailing_ws,False,False,False,True,True
feature/uc2000-ve-sms-browser-audit,RED_Ultimate_V1-main/RED_Ultimate/red-app/src/main/java/com/red/sovereign/calls/CallHistoryViewModel.kt,trailing_ws,False,False,False,True,True
fix/restore-websocket-registrations,RED_Ultimate_V1-main/RED_Ultimate/red-app/src/main/java/com/red/sovereign/calls/CallHistoryViewModel.kt,trailing_ws,False,False,False,True,True
revert-37-arena/019ffd78-pro-v1,RED_Ultimate_V1-main/RED_Ultimate/red-app/src/main/java/com/red/sovereign/calls/CallHistoryViewModel.kt,trailing_ws,False,False,False,True,True
arena/019fe8fa-pro-v1,RED_Ultimate_V1-main/RED_Ultimate/red-app/src/main/java/com/red/sovereign/calls/CallOverlay.kt,trailing_ws,False,False,False,True,True
arena/019fe9e3-pro-v1,RED_Ultimate_V1-main/RED_Ultimate/red-app/src/main/java/com/red/sovereign/calls/CallOverlay.kt,trailing_ws,False,False,False,True,True
arena/019ff019-pro-v1,RED_Ultimate_V1-main/RED_Ultimate/red-app/src/main/java/com/red/sovereign/calls/CallOverlay.kt,trailing_ws,False,False,False,True,True
arena/019ff06b-pro-v1,RED_Ultimate_V1-main/RED_Ultimate/red-app/src/main/java/com/red/sovereign/calls/CallOverlay.kt,trailing_ws,False,False,False,True,True
arena/019ff085-pro-v1,RED_Ultimate_V1-main/RED_Ultimate/red-app/src/main/java/com/red/sovereign/calls/CallOverlay.kt,trailing_ws,False,False,False,True,True
arena/019ff0c7-pro-v1,RED_Ultimate_V1-main/RED_Ultimate/red-app/src/main/java/com/red/sovereign/calls/CallOverlay.kt,trailing_ws,False,False,False,True,True
arena/019ff146-pro-v1,RED_Ultimate_V1-main/RED_Ultimate/red-app/src/main/java/com/red/sovereign/calls/CallOverlay.kt,trailing_ws,False,False,False,True,True
arena/019ff178-pro-v1,RED_Ultimate_V1-main/RED_Ultimate/red-app/src/main/java/com/red/sovereign/calls/CallOverlay.kt,trailing_ws,False,False,False,True,True
arena/019ff1f9-pro-v1,RED_Ultimate_V1-main/RED_Ultimate/red-app/src/main/java/com/red/sovereign/calls/CallOverlay.kt,trailing_ws,False,False,False,True,True
arena/019ff215-pro-v1,RED_Ultimate_V1-main/RED_Ultimate/red-app/src/main/java/com/red/sovereign/calls/CallOverlay.kt,trailing_ws,False,False,False,True,True
arena/019ff237-pro-v1,RED_Ultimate_V1-main/RED_Ultimate/red-app/src/main/java/com/red/sovereign/calls/CallOverlay.kt,trailing_ws,False,False,False,True,True
arena/019ff422-pro-v1,RED_Ultimate_V1-main/RED_Ultimate/red-app/src/main/java/com/red/sovereign/calls/CallOverlay.kt,trailing_ws,False,False,False,True,True
arena/019ff82d-pro-v1,RED_Ultimate_V1-main/RED_Ultimate/red-app/src/main/java/com/red/sovereign/calls/CallOverlay.kt,trailing_ws,False,False,False,True,True
arena/019ff859-pro-v1,RED_Ultimate_V1-main/RED_Ultimate/red-app/src/main/java/com/red/sovereign/calls/CallOverlay.kt,trailing_ws,False,False,False,True,True
arena/019ff8b4-pro-v1,RED_Ultimate_V1-main/RED_Ultimate/red-app/src/main/java/com/red/sovereign/calls/CallOverlay.kt,trailing_ws,False,False,False,True,True
arena/019ff8c7-pro-v1,RED_Ultimate_V1-main/RED_Ultimate/red-app/src/main/java/com/red/sovereign/calls/CallOverlay.kt,trailing_ws,False,False,False,True,True
arena/019ff8f2-pro-v1,RED_Ultimate_V1-main/RED_Ultimate/red-app/src/main/java/com/red/sovereign/calls/CallOverlay.kt,trailing_ws,False,False,False,True,True
arena/019ffce9-pro-v1,RED_Ultimate_V1-main/RED_Ultimate/red-app/src/main/java/com/red/sovereign/calls/CallOverlay.kt,trailing_ws,False,False,False,True,True
arena/019ffd78-pro-v1,RED_Ultimate_V1-main/RED_Ultimate/red-app/src/main/java/com/red/sovereign/calls/CallOverlay.kt,trailing_ws,False,False,False,True,True
arena/019ffe92-pro-v1,RED_Ultimate_V1-main/RED_Ultimate/red-app/src/main/java/com/red/sovereign/calls/CallOverlay.kt,trailing_ws,False,False,False,True,True
arena/019ffece-pro-v1,RED_Ultimate_V1-main/RED_Ultimate/red-app/src/main/java/com/red/sovereign/calls/CallOverlay.kt,trailing_ws,False,False,False,True,True
arena/019fffd5-pro-v1,RED_Ultimate_V1-main/RED_Ultimate/red-app/src/main/java/com/red/sovereign/calls/CallOverlay.kt,trailing_ws,False,False,False,True,True
arena/01a0064f-pro-v1,RED_Ultimate_V1-main/RED_Ultimate/red-app/src/main/java/com/red/sovereign/calls/CallOverlay.kt,trailing_ws,False,False,False,True,True
arena/01a00f9e-pro-v1,RED_Ultimate_V1-main/RED_Ultimate/red-app/src/main/java/com/red/sovereign/calls/CallOverlay.kt,trailing_ws,False,False,False,True,True
chore/platform-rebuild-baseline,RED_Ultimate_V1-main/RED_Ultimate/red-app/src/main/java/com/red/sovereign/calls/CallOverlay.kt,trailing_ws,False,False,False,True,True
feat/admin-social-management,RED_Ultimate_V1-main/RED_Ultimate/red-app/src/main/java/com/red/sovereign/calls/CallOverlay.kt,trailing_ws,False,False,False,True,True
feat/red-engineering-roadmap-20260820,RED_Ultimate_V1-main/RED_Ultimate/red-app/src/main/java/com/red/sovereign/calls/CallOverlay.kt,trailing_ws,False,False,False,True,True
feature/uc2000-ve-sms-browser-audit,RED_Ultimate_V1-main/RED_Ultimate/red-app/src/main/java/com/red/sovereign/calls/CallOverlay.kt,trailing_ws,False,False,False,True,True
fix/restore-websocket-registrations,RED_Ultimate_V1-main/RED_Ultimate/red-app/src/main/java/com/red/sovereign/calls/CallOverlay.kt,trailing_ws,False,False,False,True,True
revert-37-arena/019ffd78-pro-v1,RED_Ultimate_V1-main/RED_Ultimate/red-app/src/main/java/com/red/sovereign/calls/CallOverlay.kt,trailing_ws,False,False,False,True,True
arena/019fe8fa-pro-v1,RED_Ultimate_V1-main/RED_Ultimate/red-app/src/main/java/com/red/sovereign/calls/CallRecordingManager.kt,trailing_ws,False,False,False,True,True
arena/019fe9e3-pro-v1,RED_Ultimate_V1-main/RED_Ultimate/red-app/src/main/java/com/red/sovereign/calls/CallRecordingManager.kt,trailing_ws,False,False,False,True,True
arena/019ff82d-pro-v1,RED_Ultimate_V1-main/RED_Ultimate/red-app/src/main/java/com/red/sovereign/calls/CallUiKit.kt,trailing_ws,False,False,False,True,True
arena/019ff8b4-pro-v1,RED_Ultimate_V1-main/RED_Ultimate/red-app/src/main/java/com/red/sovereign/calls/CallUiKit.kt,trailing_ws,False,False,False,True,True
arena/019ff8c7-pro-v1,RED_Ultimate_V1-main/RED_Ultimate/red-app/src/main/java/com/red/sovereign/calls/CallUiKit.kt,trailing_ws,False,False,False,True,True
arena/019ff8f2-pro-v1,RED_Ultimate_V1-main/RED_Ultimate/red-app/src/main/java/com/red/sovereign/calls/CallUiKit.kt,trailing_ws,False,False,False,True,True
arena/019ffce9-pro-v1,RED_Ultimate_V1-main/RED_Ultimate/red-app/src/main/java/com/red/sovereign/calls/CallUiKit.kt,trailing_ws,False,False,False,True,True
arena/019ffd78-pro-v1,RED_Ultimate_V1-main/RED_Ultimate/red-app/src/main/java/com/red/sovereign/calls/CallUiKit.kt,trailing_ws,False,False,False,True,True
arena/019ffe92-pro-v1,RED_Ultimate_V1-main/RED_Ultimate/red-app/src/main/java/com/red/sovereign/calls/CallUiKit.kt,trailing_ws,False,False,False,True,True
arena/019ffece-pro-v1,RED_Ultimate_V1-main/RED_Ultimate/red-app/src/main/java/com/red/sovereign/calls/CallUiKit.kt,trailing_ws,False,False,False,True,True
arena/019fffd5-pro-v1,RED_Ultimate_V1-main/RED_Ultimate/red-app/src/main/java/com/red/sovereign/calls/CallUiKit.kt,trailing_ws,False,False,False,True,True
arena/01a0064f-pro-v1,RED_Ultimate_V1-main/RED_Ultimate/red-app/src/main/java/com/red/sovereign/calls/CallUiKit.kt,trailing_ws,False,False,False,True,True
arena/01a00f9e-pro-v1,RED_Ultimate_V1-main/RED_Ultimate/red-app/src/main/java/com/red/sovereign/calls/CallUiKit.kt,trailing_ws,False,False,False,True,True
chore/platform-rebuild-baseline,RED_Ultimate_V1-main/RED_Ultimate/red-app/src/main/java/com/red/sovereign/calls/CallUiKit.kt,trailing_ws,False,False,False,True,True
feat/admin-social-management,RED_Ultimate_V1-main/RED_Ultimate/red-app/src/main/java/com/red/sovereign/calls/CallUiKit.kt,trailing_ws,False,False,False,True,True
feat/red-engineering-roadmap-20260820,RED_Ultimate_V1-main/RED_Ultimate/red-app/src/main/java/com/red/sovereign/calls/CallUiKit.kt,trailing_ws,False,False,False,True,True
feature/uc2000-ve-sms-browser-audit,RED_Ultimate_V1-main/RED_Ultimate/red-app/src/main/java/com/red/sovereign/calls/CallUiKit.kt,trailing_ws,False,False,False,True,True
fix/restore-websocket-registrations,RED_Ultimate_V1-main/RED_Ultimate/red-app/src/main/java/com/red/sovereign/calls/CallUiKit.kt,trailing_ws,False,False,False,True,True
revert-37-arena/019ffd78-pro-v1,RED_Ultimate_V1-main/RED_Ultimate/red-app/src/main/java/com/red/sovereign/calls/CallUiKit.kt,trailing_ws,False,False,False,True,True
arena/019fe8fa-pro-v1,RED_Ultimate_V1-main/RED_Ultimate/red-app/src/main/java/com/red/sovereign/calls/LiveStreamViewerOverlay.kt,trailing_ws,False,False,False,True,True
arena/019fe9e3-pro-v1,RED_Ultimate_V1-main/RED_Ultimate/red-app/src/main/java/com/red/sovereign/calls/LiveStreamViewerOverlay.kt,trailing_ws,False,False,False,True,True
arena/019ff019-pro-v1,RED_Ultimate_V1-main/RED_Ultimate/red-app/src/main/java/com/red/sovereign/calls/LiveStreamViewerOverlay.kt,trailing_ws,False,False,False,True,True
arena/019ff06b-pro-v1,RED_Ultimate_V1-main/RED_Ultimate/red-app/src/main/java/com/red/sovereign/calls/LiveStreamViewerOverlay.kt,trailing_ws,False,False,False,True,True
arena/019ff085-pro-v1,RED_Ultimate_V1-main/RED_Ultimate/red-app/src/main/java/com/red/sovereign/calls/LiveStreamViewerOverlay.kt,trailing_ws,False,False,False,True,True
arena/019ff0c7-pro-v1,RED_Ultimate_V1-main/RED_Ultimate/red-app/src/main/java/com/red/sovereign/calls/LiveStreamViewerOverlay.kt,trailing_ws,False,False,False,True,True
arena/019ff146-pro-v1,RED_Ultimate_V1-main/RED_Ultimate/red-app/src/main/java/com/red/sovereign/calls/LiveStreamViewerOverlay.kt,trailing_ws,False,False,False,True,True
arena/019ff178-pro-v1,RED_Ultimate_V1-main/RED_Ultimate/red-app/src/main/java/com/red/sovereign/calls/LiveStreamViewerOverlay.kt,trailing_ws,False,False,False,True,True
arena/019ff1f9-pro-v1,RED_Ultimate_V1-main/RED_Ultimate/red-app/src/main/java/com/red/sovereign/calls/LiveStreamViewerOverlay.kt,trailing_ws,False,False,False,True,True
arena/019ff215-pro-v1,RED_Ultimate_V1-main/RED_Ultimate/red-app/src/main/java/com/red/sovereign/calls/LiveStreamViewerOverlay.kt,trailing_ws,False,False,False,True,True
arena/019ff237-pro-v1,RED_Ultimate_V1-main/RED_Ultimate/red-app/src/main/java/com/red/sovereign/calls/LiveStreamViewerOverlay.kt,trailing_ws,False,False,False,True,True
arena/019ff422-pro-v1,RED_Ultimate_V1-main/RED_Ultimate/red-app/src/main/java/com/red/sovereign/calls/LiveStreamViewerOverlay.kt,trailing_ws,False,False,False,True,True
arena/019ff82d-pro-v1,RED_Ultimate_V1-main/RED_Ultimate/red-app/src/main/java/com/red/sovereign/calls/LiveStreamViewerOverlay.kt,trailing_ws,False,False,False,True,True
arena/019ff859-pro-v1,RED_Ultimate_V1-main/RED_Ultimate/red-app/src/main/java/com/red/sovereign/calls/LiveStreamViewerOverlay.kt,trailing_ws,False,False,False,True,True
arena/019ff8b4-pro-v1,RED_Ultimate_V1-main/RED_Ultimate/red-app/src/main/java/com/red/sovereign/calls/LiveStreamViewerOverlay.kt,trailing_ws,False,False,False,True,True
arena/019ff8c7-pro-v1,RED_Ultimate_V1-main/RED_Ultimate/red-app/src/main/java/com/red/sovereign/calls/LiveStreamViewerOverlay.kt,trailing_ws,False,False,False,True,True
arena/019ff8f2-pro-v1,RED_Ultimate_V1-main/RED_Ultimate/red-app/src/main/java/com/red/sovereign/calls/LiveStreamViewerOverlay.kt,trailing_ws,False,False,False,True,True
arena/019ffce9-pro-v1,RED_Ultimate_V1-main/RED_Ultimate/red-app/src/main/java/com/red/sovereign/calls/LiveStreamViewerOverlay.kt,trailing_ws,False,False,False,True,True
arena/019ffd78-pro-v1,RED_Ultimate_V1-main/RED_Ultimate/red-app/src/main/java/com/red/sovereign/calls/LiveStreamViewerOverlay.kt,trailing_ws,False,False,False,True,True
arena/019ffe92-pro-v1,RED_Ultimate_V1-main/RED_Ultimate/red-app/src/main/java/com/red/sovereign/calls/LiveStreamViewerOverlay.kt,trailing_ws,False,False,False,True,True
arena/019ffece-pro-v1,RED_Ultimate_V1-main/RED_Ultimate/red-app/src/main/java/com/red/sovereign/calls/LiveStreamViewerOverlay.kt,trailing_ws,False,False,False,True,True
arena/019fffd5-pro-v1,RED_Ultimate_V1-main/RED_Ultimate/red-app/src/main/java/com/red/sovereign/calls/LiveStreamViewerOverlay.kt,trailing_ws,False,False,False,True,True
arena/01a0064f-pro-v1,RED_Ultimate_V1-main/RED_Ultimate/red-app/src/main/java/com/red/sovereign/calls/LiveStreamViewerOverlay.kt,trailing_ws,False,False,False,True,True
arena/01a00f9e-pro-v1,RED_Ultimate_V1-main/RED_Ultimate/red-app/src/main/java/com/red/sovereign/calls/LiveStreamViewerOverlay.kt,trailing_ws,False,False,False,True,True
chore/platform-rebuild-baseline,RED_Ultimate_V1-main/RED_Ultimate/red-app/src/main/java/com/red/sovereign/calls/LiveStreamViewerOverlay.kt,trailing_ws,False,False,False,True,True
feat/admin-social-management,RED_Ultimate_V1-main/RED_Ultimate/red-app/src/main/java/com/red/sovereign/calls/LiveStreamViewerOverlay.kt,trailing_ws,False,False,False,True,True
feat/red-engineering-roadmap-20260820,RED_Ultimate_V1-main/RED_Ultimate/red-app/src/main/java/com/red/sovereign/calls/LiveStreamViewerOverlay.kt,trailing_ws,False,False,False,True,True
feature/uc2000-ve-sms-browser-audit,RED_Ultimate_V1-main/RED_Ultimate/red-app/src/main/java/com/red/sovereign/calls/LiveStreamViewerOverlay.kt,trailing_ws,False,False,False,True,True
fix/restore-websocket-registrations,RED_Ultimate_V1-main/RED_Ultimate/red-app/src/main/java/com/red/sovereign/calls/LiveStreamViewerOverlay.kt,trailing_ws,False,False,False,True,True
revert-37-arena/019ffd78-pro-v1,RED_Ultimate_V1-main/RED_Ultimate/red-app/src/main/java/com/red/sovereign/calls/LiveStreamViewerOverlay.kt,trailing_ws,False,False,False,True,True
arena/019ff82d-pro-v1,RED_Ultimate_V1-main/RED_Ultimate/red-app/src/main/java/com/red/sovereign/calls/MeshRtcSession.kt,bom,False,False,False,True,True
arena/019ff8b4-pro-v1,RED_Ultimate_V1-main/RED_Ultimate/red-app/src/main/java/com/red/sovereign/calls/MeshRtcSession.kt,bom,False,False,False,True,True
arena/019ff8c7-pro-v1,RED_Ultimate_V1-main/RED_Ultimate/red-app/src/main/java/com/red/sovereign/calls/MeshRtcSession.kt,bom,False,False,False,True,True
arena/019ff8f2-pro-v1,RED_Ultimate_V1-main/RED_Ultimate/red-app/src/main/java/com/red/sovereign/calls/MeshRtcSession.kt,bom,False,False,False,True,True
arena/019ffce9-pro-v1,RED_Ultimate_V1-main/RED_Ultimate/red-app/src/main/java/com/red/sovereign/calls/MeshRtcSession.kt,bom,False,False,False,True,True
arena/019ffd78-pro-v1,RED_Ultimate_V1-main/RED_Ultimate/red-app/src/main/java/com/red/sovereign/calls/MeshRtcSession.kt,bom,False,False,False,True,True
arena/019ffe92-pro-v1,RED_Ultimate_V1-main/RED_Ultimate/red-app/src/main/java/com/red/sovereign/calls/MeshRtcSession.kt,bom,False,False,False,True,True
arena/019ffece-pro-v1,RED_Ultimate_V1-main/RED_Ultimate/red-app/src/main/java/com/red/sovereign/calls/MeshRtcSession.kt,bom,False,False,False,True,True
arena/019fffd5-pro-v1,RED_Ultimate_V1-main/RED_Ultimate/red-app/src/main/java/com/red/sovereign/calls/MeshRtcSession.kt,bom,False,False,False,True,True
arena/01a0064f-pro-v1,RED_Ultimate_V1-main/RED_Ultimate/red-app/src/main/java/com/red/sovereign/calls/MeshRtcSession.kt,bom,False,False,False,True,True
arena/01a00f9e-pro-v1,RED_Ultimate_V1-main/RED_Ultimate/red-app/src/main/java/com/red/sovereign/calls/MeshRtcSession.kt,bom,False,False,False,True,True
chore/platform-rebuild-baseline,RED_Ultimate_V1-main/RED_Ultimate/red-app/src/main/java/com/red/sovereign/calls/MeshRtcSession.kt,bom,False,False,False,True,True
feat/admin-social-management,RED_Ultimate_V1-main/RED_Ultimate/red-app/src/main/java/com/red/sovereign/calls/MeshRtcSession.kt,bom,False,False,False,True,True
feat/red-engineering-roadmap-20260820,RED_Ultimate_V1-main/RED_Ultimate/red-app/src/main/java/com/red/sovereign/calls/MeshRtcSession.kt,bom,False,False,False,True,True
feature/uc2000-ve-sms-browser-audit,RED_Ultimate_V1-main/RED_Ultimate/red-app/src/main/java/com/red/sovereign/calls/MeshRtcSession.kt,bom,False,False,False,True,True
fix/restore-websocket-registrations,RED_Ultimate_V1-main/RED_Ultimate/red-app/src/main/java/com/red/sovereign/calls/MeshRtcSession.kt,bom,False,False,False,True,True
revert-37-arena/019ffd78-pro-v1,RED_Ultimate_V1-main/RED_Ultimate/red-app/src/main/java/com/red/sovereign/calls/MeshRtcSession.kt,bom,False,False,False,True,True
arena/019ff82d-pro-v1,RED_Ultimate_V1-main/RED_Ultimate/red-app/src/main/java/com/red/sovereign/calls/SfuMediaClient.kt,final_nl,False,False,False,False,True
arena/019ff8b4-pro-v1,RED_Ultimate_V1-main/RED_Ultimate/red-app/src/main/java/com/red/sovereign/calls/SfuMediaClient.kt,final_nl,False,False,False,False,True
arena/019ff8c7-pro-v1,RED_Ultimate_V1-main/RED_Ultimate/red-app/src/main/java/com/red/sovereign/calls/SfuMediaClient.kt,final_nl,False,False,False,False,True
arena/019ff8f2-pro-v1,RED_Ultimate_V1-main/RED_Ultimate/red-app/src/main/java/com/red/sovereign/calls/SfuMediaClient.kt,final_nl,False,False,False,False,True
arena/019ffce9-pro-v1,RED_Ultimate_V1-main/RED_Ultimate/red-app/src/main/java/com/red/sovereign/calls/SfuMediaClient.kt,final_nl,False,False,False,False,True
arena/019ffd78-pro-v1,RED_Ultimate_V1-main/RED_Ultimate/red-app/src/main/java/com/red/sovereign/calls/SfuMediaClient.kt,final_nl,False,False,False,False,True
arena/019ffe92-pro-v1,RED_Ultimate_V1-main/RED_Ultimate/red-app/src/main/java/com/red/sovereign/calls/SfuMediaClient.kt,final_nl,False,False,False,False,True
arena/019ffece-pro-v1,RED_Ultimate_V1-main/RED_Ultimate/red-app/src/main/java/com/red/sovereign/calls/SfuMediaClient.kt,final_nl,False,False,False,False,True
arena/019fffd5-pro-v1,RED_Ultimate_V1-main/RED_Ultimate/red-app/src/main/java/com/red/sovereign/calls/SfuMediaClient.kt,final_nl,False,False,False,False,True
arena/01a0064f-pro-v1,RED_Ultimate_V1-main/RED_Ultimate/red-app/src/main/java/com/red/sovereign/calls/SfuMediaClient.kt,final_nl,False,False,False,False,True
arena/01a00f9e-pro-v1,RED_Ultimate_V1-main/RED_Ultimate/red-app/src/main/java/com/red/sovereign/calls/SfuMediaClient.kt,final_nl,False,False,False,False,True
chore/platform-rebuild-baseline,RED_Ultimate_V1-main/RED_Ultimate/red-app/src/main/java/com/red/sovereign/calls/SfuMediaClient.kt,final_nl,False,False,False,False,True
feat/admin-social-management,RED_Ultimate_V1-main/RED_Ultimate/red-app/src/main/java/com/red/sovereign/calls/SfuMediaClient.kt,final_nl,False,False,False,False,True
feat/red-engineering-roadmap-20260820,RED_Ultimate_V1-main/RED_Ultimate/red-app/src/main/java/com/red/sovereign/calls/SfuMediaClient.kt,final_nl,False,False,False,False,True
feature/uc2000-ve-sms-browser-audit,RED_Ultimate_V1-main/RED_Ultimate/red-app/src/main/java/com/red/sovereign/calls/SfuMediaClient.kt,final_nl,False,False,False,False,True
fix/restore-websocket-registrations,RED_Ultimate_V1-main/RED_Ultimate/red-app/src/main/java/com/red/sovereign/calls/SfuMediaClient.kt,final_nl,False,False,False,False,True
revert-37-arena/019ffd78-pro-v1,RED_Ultimate_V1-main/RED_Ultimate/red-app/src/main/java/com/red/sovereign/calls/SfuMediaClient.kt,final_nl,False,False,False,False,True
arena/019fe8fa-pro-v1,RED_Ultimate_V1-main/RED_Ultimate/red-app/src/main/java/com/red/sovereign/calls/WebRtcEngine.kt,"crlf,bom",False,True,False,True,True
arena/019fe9e3-pro-v1,RED_Ultimate_V1-main/RED_Ultimate/red-app/src/main/java/com/red/sovereign/calls/WebRtcEngine.kt,"crlf,bom",False,True,False,True,True
arena/019ff019-pro-v1,RED_Ultimate_V1-main/RED_Ultimate/red-app/src/main/java/com/red/sovereign/calls/WebRtcEngine.kt,"crlf,bom",False,True,False,True,True
arena/019ff06b-pro-v1,RED_Ultimate_V1-main/RED_Ultimate/red-app/src/main/java/com/red/sovereign/calls/WebRtcEngine.kt,"crlf,bom",False,True,False,True,True
arena/019ff085-pro-v1,RED_Ultimate_V1-main/RED_Ultimate/red-app/src/main/java/com/red/sovereign/calls/WebRtcEngine.kt,"crlf,bom",False,True,False,True,True
arena/019ff0c7-pro-v1,RED_Ultimate_V1-main/RED_Ultimate/red-app/src/main/java/com/red/sovereign/calls/WebRtcEngine.kt,"crlf,bom",False,True,False,True,True
arena/019ff146-pro-v1,RED_Ultimate_V1-main/RED_Ultimate/red-app/src/main/java/com/red/sovereign/calls/WebRtcEngine.kt,"crlf,bom",False,True,False,True,True
arena/019ff178-pro-v1,RED_Ultimate_V1-main/RED_Ultimate/red-app/src/main/java/com/red/sovereign/calls/WebRtcEngine.kt,"crlf,bom",False,True,False,True,True
arena/019ff1f9-pro-v1,RED_Ultimate_V1-main/RED_Ultimate/red-app/src/main/java/com/red/sovereign/calls/WebRtcEngine.kt,"crlf,bom",False,True,False,True,True
arena/019ff215-pro-v1,RED_Ultimate_V1-main/RED_Ultimate/red-app/src/main/java/com/red/sovereign/calls/WebRtcEngine.kt,"crlf,bom",False,True,False,True,True
arena/019ff237-pro-v1,RED_Ultimate_V1-main/RED_Ultimate/red-app/src/main/java/com/red/sovereign/calls/WebRtcEngine.kt,"crlf,bom",False,True,False,True,True
arena/019ff422-pro-v1,RED_Ultimate_V1-main/RED_Ultimate/red-app/src/main/java/com/red/sovereign/calls/WebRtcEngine.kt,"crlf,bom",False,True,False,True,True
arena/019ff82d-pro-v1,RED_Ultimate_V1-main/RED_Ultimate/red-app/src/main/java/com/red/sovereign/calls/WebRtcEngine.kt,"crlf,bom",False,True,False,True,True
arena/019ff859-pro-v1,RED_Ultimate_V1-main/RED_Ultimate/red-app/src/main/java/com/red/sovereign/calls/WebRtcEngine.kt,"crlf,bom",False,True,False,True,True
arena/019ff8b4-pro-v1,RED_Ultimate_V1-main/RED_Ultimate/red-app/src/main/java/com/red/sovereign/calls/WebRtcEngine.kt,"crlf,bom",False,True,False,True,True
arena/019ff8c7-pro-v1,RED_Ultimate_V1-main/RED_Ultimate/red-app/src/main/java/com/red/sovereign/calls/WebRtcEngine.kt,"crlf,bom",False,True,False,True,True
arena/019ff8f2-pro-v1,RED_Ultimate_V1-main/RED_Ultimate/red-app/src/main/java/com/red/sovereign/calls/WebRtcEngine.kt,"crlf,bom",False,True,False,True,True
arena/019ffce9-pro-v1,RED_Ultimate_V1-main/RED_Ultimate/red-app/src/main/java/com/red/sovereign/calls/WebRtcEngine.kt,"crlf,bom",False,True,False,True,True
arena/019ffd78-pro-v1,RED_Ultimate_V1-main/RED_Ultimate/red-app/src/main/java/com/red/sovereign/calls/WebRtcEngine.kt,"crlf,bom",False,True,False,True,True
arena/019ffe92-pro-v1,RED_Ultimate_V1-main/RED_Ultimate/red-app/src/main/java/com/red/sovereign/calls/WebRtcEngine.kt,"crlf,bom",False,True,False,True,True
arena/019ffece-pro-v1,RED_Ultimate_V1-main/RED_Ultimate/red-app/src/main/java/com/red/sovereign/calls/WebRtcEngine.kt,"crlf,bom",False,True,False,True,True
arena/019fffd5-pro-v1,RED_Ultimate_V1-main/RED_Ultimate/red-app/src/main/java/com/red/sovereign/calls/WebRtcEngine.kt,"crlf,bom",False,True,False,True,True
arena/01a0064f-pro-v1,RED_Ultimate_V1-main/RED_Ultimate/red-app/src/main/java/com/red/sovereign/calls/WebRtcEngine.kt,"crlf,bom",False,True,False,True,True
arena/01a00f9e-pro-v1,RED_Ultimate_V1-main/RED_Ultimate/red-app/src/main/java/com/red/sovereign/calls/WebRtcEngine.kt,"crlf,bom",False,True,False,True,True
chore/platform-rebuild-baseline,RED_Ultimate_V1-main/RED_Ultimate/red-app/src/main/java/com/red/sovereign/calls/WebRtcEngine.kt,"crlf,bom",False,True,False,True,True
feat/admin-social-management,RED_Ultimate_V1-main/RED_Ultimate/red-app/src/main/java/com/red/sovereign/calls/WebRtcEngine.kt,"crlf,bom",False,True,False,True,True
feat/red-engineering-roadmap-20260820,RED_Ultimate_V1-main/RED_Ultimate/red-app/src/main/java/com/red/sovereign/calls/WebRtcEngine.kt,"crlf,bom",False,True,False,True,True
feature/uc2000-ve-sms-browser-audit,RED_Ultimate_V1-main/RED_Ultimate/red-app/src/main/java/com/red/sovereign/calls/WebRtcEngine.kt,"crlf,bom",False,True,False,True,True
fix/restore-websocket-registrations,RED_Ultimate_V1-main/RED_Ultimate/red-app/src/main/java/com/red/sovereign/calls/WebRtcEngine.kt,"crlf,bom",False,True,False,True,True
revert-37-arena/019ffd78-pro-v1,RED_Ultimate_V1-main/RED_Ultimate/red-app/src/main/java/com/red/sovereign/calls/WebRtcEngine.kt,"crlf,bom",False,True,False,True,True
arena/019fe8fa-pro-v1,RED_Ultimate_V1-main/RED_Ultimate/red-app/src/main/java/com/red/sovereign/calls/YounesCallService.kt,trailing_ws,False,False,False,False,False
arena/019fe9e3-pro-v1,RED_Ultimate_V1-main/RED_Ultimate/red-app/src/main/java/com/red/sovereign/calls/YounesCallService.kt,trailing_ws,False,False,False,False,False
arena/019ff019-pro-v1,RED_Ultimate_V1-main/RED_Ultimate/red-app/src/main/java/com/red/sovereign/calls/YounesCallService.kt,trailing_ws,False,False,False,False,False
arena/019ff06b-pro-v1,RED_Ultimate_V1-main/RED_Ultimate/red-app/src/main/java/com/red/sovereign/calls/YounesCallService.kt,trailing_ws,False,False,False,False,False
arena/019ff085-pro-v1,RED_Ultimate_V1-main/RED_Ultimate/red-app/src/main/java/com/red/sovereign/calls/YounesCallService.kt,trailing_ws,False,False,False,False,False
arena/019ff0c7-pro-v1,RED_Ultimate_V1-main/RED_Ultimate/red-app/src/main/java/com/red/sovereign/calls/YounesCallService.kt,trailing_ws,False,False,False,False,False
arena/019ff146-pro-v1,RED_Ultimate_V1-main/RED_Ultimate/red-app/src/main/java/com/red/sovereign/calls/YounesCallService.kt,trailing_ws,False,False,False,False,False
arena/019ff178-pro-v1,RED_Ultimate_V1-main/RED_Ultimate/red-app/src/main/java/com/red/sovereign/calls/YounesCallService.kt,trailing_ws,False,False,False,False,False
arena/019ff1f9-pro-v1,RED_Ultimate_V1-main/RED_Ultimate/red-app/src/main/java/com/red/sovereign/calls/YounesCallService.kt,trailing_ws,False,False,False,False,False
arena/019ff215-pro-v1,RED_Ultimate_V1-main/RED_Ultimate/red-app/src/main/java/com/red/sovereign/calls/YounesCallService.kt,trailing_ws,False,False,False,False,False
arena/019ff237-pro-v1,RED_Ultimate_V1-main/RED_Ultimate/red-app/src/main/java/com/red/sovereign/calls/YounesCallService.kt,trailing_ws,False,False,False,False,False
arena/019ff422-pro-v1,RED_Ultimate_V1-main/RED_Ultimate/red-app/src/main/java/com/red/sovereign/calls/YounesCallService.kt,trailing_ws,False,False,False,False,False
arena/019ff82d-pro-v1,RED_Ultimate_V1-main/RED_Ultimate/red-app/src/main/java/com/red/sovereign/calls/YounesCallService.kt,trailing_ws,False,False,False,False,False
arena/019ff859-pro-v1,RED_Ultimate_V1-main/RED_Ultimate/red-app/src/main/java/com/red/sovereign/calls/YounesCallService.kt,trailing_ws,False,False,False,False,False
arena/019ff8b4-pro-v1,RED_Ultimate_V1-main/RED_Ultimate/red-app/src/main/java/com/red/sovereign/calls/YounesCallService.kt,trailing_ws,False,False,False,False,False
arena/019ff8c7-pro-v1,RED_Ultimate_V1-main/RED_Ultimate/red-app/src/main/java/com/red/sovereign/calls/YounesCallService.kt,trailing_ws,False,False,False,False,False
arena/019ff8f2-pro-v1,RED_Ultimate_V1-main/RED_Ultimate/red-app/src/main/java/com/red/sovereign/calls/YounesCallService.kt,trailing_ws,False,False,False,False,False
arena/019ffce9-pro-v1,RED_Ultimate_V1-main/RED_Ultimate/red-app/src/main/java/com/red/sovereign/calls/YounesCallService.kt,trailing_ws,False,False,False,False,False
arena/019ffd78-pro-v1,RED_Ultimate_V1-main/RED_Ultimate/red-app/src/main/java/com/red/sovereign/calls/YounesCallService.kt,trailing_ws,False,False,False,False,False
arena/019ffe92-pro-v1,RED_Ultimate_V1-main/RED_Ultimate/red-app/src/main/java/com/red/sovereign/calls/YounesCallService.kt,trailing_ws,False,False,False,False,False
arena/019ffece-pro-v1,RED_Ultimate_V1-main/RED_Ultimate/red-app/src/main/java/com/red/sovereign/calls/YounesCallService.kt,trailing_ws,False,False,False,False,False
arena/019fffd5-pro-v1,RED_Ultimate_V1-main/RED_Ultimate/red-app/src/main/java/com/red/sovereign/calls/YounesCallService.kt,trailing_ws,False,False,False,False,False
arena/01a0064f-pro-v1,RED_Ultimate_V1-main/RED_Ultimate/red-app/src/main/java/com/red/sovereign/calls/YounesCallService.kt,trailing_ws,False,False,False,False,False
arena/01a00f9e-pro-v1,RED_Ultimate_V1-main/RED_Ultimate/red-app/src/main/java/com/red/sovereign/calls/YounesCallService.kt,trailing_ws,False,False,False,False,False
chore/platform-rebuild-baseline,RED_Ultimate_V1-main/RED_Ultimate/red-app/src/main/java/com/red/sovereign/calls/YounesCallService.kt,trailing_ws,False,False,False,False,False
feat/admin-social-management,RED_Ultimate_V1-main/RED_Ultimate/red-app/src/main/java/com/red/sovereign/calls/YounesCallService.kt,trailing_ws,False,False,False,False,False
feat/red-engineering-roadmap-20260820,RED_Ultimate_V1-main/RED_Ultimate/red-app/src/main/java/com/red/sovereign/calls/YounesCallService.kt,trailing_ws,False,False,False,False,False
feature/uc2000-ve-sms-browser-audit,RED_Ultimate_V1-main/RED_Ultimate/red-app/src/main/java/com/red/sovereign/calls/YounesCallService.kt,trailing_ws,False,False,False,False,False
fix/restore-websocket-registrations,RED_Ultimate_V1-main/RED_Ultimate/red-app/src/main/java/com/red/sovereign/calls/YounesCallService.kt,trailing_ws,False,False,False,False,False
revert-37-arena/019ffd78-pro-v1,RED_Ultimate_V1-main/RED_Ultimate/red-app/src/main/java/com/red/sovereign/calls/YounesCallService.kt,trailing_ws,False,False,False,False,False
arena/019fe8fa-pro-v1,RED_Ultimate_V1-main/RED_Ultimate/red-app/src/main/java/com/red/sovereign/core/LocalServerDiscovery.kt,bom,False,False,False,True,True
arena/019fe9e3-pro-v1,RED_Ultimate_V1-main/RED_Ultimate/red-app/src/main/java/com/red/sovereign/core/LocalServerDiscovery.kt,bom,False,False,False,True,True
arena/019ff019-pro-v1,RED_Ultimate_V1-main/RED_Ultimate/red-app/src/main/java/com/red/sovereign/core/LocalServerDiscovery.kt,"bom,trailing_ws",False,False,False,True,True
arena/019ff06b-pro-v1,RED_Ultimate_V1-main/RED_Ultimate/red-app/src/main/java/com/red/sovereign/core/LocalServerDiscovery.kt,"bom,trailing_ws",False,False,False,True,True
arena/019ff085-pro-v1,RED_Ultimate_V1-main/RED_Ultimate/red-app/src/main/java/com/red/sovereign/core/LocalServerDiscovery.kt,"bom,trailing_ws",False,False,False,True,True
arena/019ff0c7-pro-v1,RED_Ultimate_V1-main/RED_Ultimate/red-app/src/main/java/com/red/sovereign/core/LocalServerDiscovery.kt,"bom,trailing_ws",False,False,False,True,True
arena/019ff146-pro-v1,RED_Ultimate_V1-main/RED_Ultimate/red-app/src/main/java/com/red/sovereign/core/LocalServerDiscovery.kt,"bom,trailing_ws",False,False,False,True,True
arena/019ff178-pro-v1,RED_Ultimate_V1-main/RED_Ultimate/red-app/src/main/java/com/red/sovereign/core/LocalServerDiscovery.kt,"bom,trailing_ws",False,False,False,True,True
arena/019ff1f9-pro-v1,RED_Ultimate_V1-main/RED_Ultimate/red-app/src/main/java/com/red/sovereign/core/LocalServerDiscovery.kt,"bom,trailing_ws",False,False,False,True,True
arena/019ff215-pro-v1,RED_Ultimate_V1-main/RED_Ultimate/red-app/src/main/java/com/red/sovereign/core/LocalServerDiscovery.kt,"bom,trailing_ws",False,False,False,True,True
arena/019ff237-pro-v1,RED_Ultimate_V1-main/RED_Ultimate/red-app/src/main/java/com/red/sovereign/core/LocalServerDiscovery.kt,"bom,trailing_ws",False,False,False,True,True
arena/019ff422-pro-v1,RED_Ultimate_V1-main/RED_Ultimate/red-app/src/main/java/com/red/sovereign/core/LocalServerDiscovery.kt,bom,False,False,False,True,True
arena/019ff82d-pro-v1,RED_Ultimate_V1-main/RED_Ultimate/red-app/src/main/java/com/red/sovereign/core/LocalServerDiscovery.kt,bom,False,False,False,True,True
arena/019ff859-pro-v1,RED_Ultimate_V1-main/RED_Ultimate/red-app/src/main/java/com/red/sovereign/core/LocalServerDiscovery.kt,bom,False,False,False,True,True
arena/019ff8b4-pro-v1,RED_Ultimate_V1-main/RED_Ultimate/red-app/src/main/java/com/red/sovereign/core/LocalServerDiscovery.kt,bom,False,False,False,True,True
arena/019ff8c7-pro-v1,RED_Ultimate_V1-main/RED_Ultimate/red-app/src/main/java/com/red/sovereign/core/LocalServerDiscovery.kt,bom,False,False,False,True,True
arena/019ff8f2-pro-v1,RED_Ultimate_V1-main/RED_Ultimate/red-app/src/main/java/com/red/sovereign/core/LocalServerDiscovery.kt,bom,False,False,False,True,True
arena/019ffce9-pro-v1,RED_Ultimate_V1-main/RED_Ultimate/red-app/src/main/java/com/red/sovereign/core/LocalServerDiscovery.kt,bom,False,False,False,True,True
arena/019ffd78-pro-v1,RED_Ultimate_V1-main/RED_Ultimate/red-app/src/main/java/com/red/sovereign/core/LocalServerDiscovery.kt,bom,False,False,False,True,True
arena/019ffe92-pro-v1,RED_Ultimate_V1-main/RED_Ultimate/red-app/src/main/java/com/red/sovereign/core/LocalServerDiscovery.kt,bom,False,False,False,True,True
arena/019ffece-pro-v1,RED_Ultimate_V1-main/RED_Ultimate/red-app/src/main/java/com/red/sovereign/core/LocalServerDiscovery.kt,bom,False,False,False,True,True
arena/019fffd5-pro-v1,RED_Ultimate_V1-main/RED_Ultimate/red-app/src/main/java/com/red/sovereign/core/LocalServerDiscovery.kt,bom,False,False,False,True,True
arena/01a0064f-pro-v1,RED_Ultimate_V1-main/RED_Ultimate/red-app/src/main/java/com/red/sovereign/core/LocalServerDiscovery.kt,bom,False,False,False,True,True
arena/01a00f9e-pro-v1,RED_Ultimate_V1-main/RED_Ultimate/red-app/src/main/java/com/red/sovereign/core/LocalServerDiscovery.kt,bom,False,False,False,True,True
chore/platform-rebuild-baseline,RED_Ultimate_V1-main/RED_Ultimate/red-app/src/main/java/com/red/sovereign/core/LocalServerDiscovery.kt,bom,False,False,False,True,True
feat/admin-social-management,RED_Ultimate_V1-main/RED_Ultimate/red-app/src/main/java/com/red/sovereign/core/LocalServerDiscovery.kt,bom,False,False,False,True,True
feat/red-engineering-roadmap-20260820,RED_Ultimate_V1-main/RED_Ultimate/red-app/src/main/java/com/red/sovereign/core/LocalServerDiscovery.kt,bom,False,False,False,True,True
feature/uc2000-ve-sms-browser-audit,RED_Ultimate_V1-main/RED_Ultimate/red-app/src/main/java/com/red/sovereign/core/LocalServerDiscovery.kt,bom,False,False,False,True,True
fix/restore-websocket-registrations,RED_Ultimate_V1-main/RED_Ultimate/red-app/src/main/java/com/red/sovereign/core/LocalServerDiscovery.kt,bom,False,False,False,True,True
revert-37-arena/019ffd78-pro-v1,RED_Ultimate_V1-main/RED_Ultimate/red-app/src/main/java/com/red/sovereign/core/LocalServerDiscovery.kt,bom,False,False,False,True,True
arena/019fe8fa-pro-v1,RED_Ultimate_V1-main/RED_Ultimate/red-app/src/main/java/com/red/sovereign/core/RedQualityManager.kt,bom,False,False,False,True,True
arena/019fe9e3-pro-v1,RED_Ultimate_V1-main/RED_Ultimate/red-app/src/main/java/com/red/sovereign/core/RedQualityManager.kt,bom,False,False,False,True,True
arena/019ff019-pro-v1,RED_Ultimate_V1-main/RED_Ultimate/red-app/src/main/java/com/red/sovereign/core/RedQualityManager.kt,bom,False,False,False,True,True
arena/019ff06b-pro-v1,RED_Ultimate_V1-main/RED_Ultimate/red-app/src/main/java/com/red/sovereign/core/RedQualityManager.kt,bom,False,False,False,True,True
arena/019ff085-pro-v1,RED_Ultimate_V1-main/RED_Ultimate/red-app/src/main/java/com/red/sovereign/core/RedQualityManager.kt,bom,False,False,False,True,True
arena/019ff0c7-pro-v1,RED_Ultimate_V1-main/RED_Ultimate/red-app/src/main/java/com/red/sovereign/core/RedQualityManager.kt,bom,False,False,False,True,True
arena/019ff146-pro-v1,RED_Ultimate_V1-main/RED_Ultimate/red-app/src/main/java/com/red/sovereign/core/RedQualityManager.kt,bom,False,False,False,True,True
arena/019ff178-pro-v1,RED_Ultimate_V1-main/RED_Ultimate/red-app/src/main/java/com/red/sovereign/core/RedQualityManager.kt,bom,False,False,False,True,True
arena/019ff1f9-pro-v1,RED_Ultimate_V1-main/RED_Ultimate/red-app/src/main/java/com/red/sovereign/core/RedQualityManager.kt,bom,False,False,False,True,True
arena/019ff215-pro-v1,RED_Ultimate_V1-main/RED_Ultimate/red-app/src/main/java/com/red/sovereign/core/RedQualityManager.kt,bom,False,False,False,True,True
arena/019ff237-pro-v1,RED_Ultimate_V1-main/RED_Ultimate/red-app/src/main/java/com/red/sovereign/core/RedQualityManager.kt,bom,False,False,False,True,True
arena/019ff422-pro-v1,RED_Ultimate_V1-main/RED_Ultimate/red-app/src/main/java/com/red/sovereign/core/RedQualityManager.kt,bom,False,False,False,True,True
arena/019ff82d-pro-v1,RED_Ultimate_V1-main/RED_Ultimate/red-app/src/main/java/com/red/sovereign/core/RedQualityManager.kt,bom,False,False,False,True,True
arena/019ff859-pro-v1,RED_Ultimate_V1-main/RED_Ultimate/red-app/src/main/java/com/red/sovereign/core/RedQualityManager.kt,bom,False,False,False,True,True
arena/019ff8b4-pro-v1,RED_Ultimate_V1-main/RED_Ultimate/red-app/src/main/java/com/red/sovereign/core/RedQualityManager.kt,bom,False,False,False,True,True
arena/019ff8c7-pro-v1,RED_Ultimate_V1-main/RED_Ultimate/red-app/src/main/java/com/red/sovereign/core/RedQualityManager.kt,bom,False,False,False,True,True
arena/019ff8f2-pro-v1,RED_Ultimate_V1-main/RED_Ultimate/red-app/src/main/java/com/red/sovereign/core/RedQualityManager.kt,bom,False,False,False,True,True
arena/019ffce9-pro-v1,RED_Ultimate_V1-main/RED_Ultimate/red-app/src/main/java/com/red/sovereign/core/RedQualityManager.kt,bom,False,False,False,True,True
arena/019ffd78-pro-v1,RED_Ultimate_V1-main/RED_Ultimate/red-app/src/main/java/com/red/sovereign/core/RedQualityManager.kt,bom,False,False,False,True,True
arena/019ffe92-pro-v1,RED_Ultimate_V1-main/RED_Ultimate/red-app/src/main/java/com/red/sovereign/core/RedQualityManager.kt,bom,False,False,False,True,True
arena/019ffece-pro-v1,RED_Ultimate_V1-main/RED_Ultimate/red-app/src/main/java/com/red/sovereign/core/RedQualityManager.kt,bom,False,False,False,True,True
arena/019fffd5-pro-v1,RED_Ultimate_V1-main/RED_Ultimate/red-app/src/main/java/com/red/sovereign/core/RedQualityManager.kt,bom,False,False,False,True,True
arena/01a0064f-pro-v1,RED_Ultimate_V1-main/RED_Ultimate/red-app/src/main/java/com/red/sovereign/core/RedQualityManager.kt,bom,False,False,False,True,True
arena/01a00f9e-pro-v1,RED_Ultimate_V1-main/RED_Ultimate/red-app/src/main/java/com/red/sovereign/core/RedQualityManager.kt,bom,False,False,False,True,True
chore/platform-rebuild-baseline,RED_Ultimate_V1-main/RED_Ultimate/red-app/src/main/java/com/red/sovereign/core/RedQualityManager.kt,bom,False,False,False,True,True
feat/admin-social-management,RED_Ultimate_V1-main/RED_Ultimate/red-app/src/main/java/com/red/sovereign/core/RedQualityManager.kt,bom,False,False,False,True,True
feat/red-engineering-roadmap-20260820,RED_Ultimate_V1-main/RED_Ultimate/red-app/src/main/java/com/red/sovereign/core/RedQualityManager.kt,bom,False,False,False,True,True
feature/uc2000-ve-sms-browser-audit,RED_Ultimate_V1-main/RED_Ultimate/red-app/src/main/java/com/red/sovereign/core/RedQualityManager.kt,bom,False,False,False,True,True
fix/restore-websocket-registrations,RED_Ultimate_V1-main/RED_Ultimate/red-app/src/main/java/com/red/sovereign/core/RedQualityManager.kt,bom,False,False,False,True,True
revert-37-arena/019ffd78-pro-v1,RED_Ultimate_V1-main/RED_Ultimate/red-app/src/main/java/com/red/sovereign/core/RedQualityManager.kt,bom,False,False,False,True,True
arena/019ff422-pro-v1,RED_Ultimate_V1-main/RED_Ultimate/red-app/src/main/java/com/red/sovereign/core/YounesServerSignature.kt,trailing_ws,False,False,False,True,True
arena/019ff82d-pro-v1,RED_Ultimate_V1-main/RED_Ultimate/red-app/src/main/java/com/red/sovereign/core/YounesServerSignature.kt,trailing_ws,False,False,False,True,True
arena/019ff859-pro-v1,RED_Ultimate_V1-main/RED_Ultimate/red-app/src/main/java/com/red/sovereign/core/YounesServerSignature.kt,trailing_ws,False,False,False,True,True
arena/019ff8b4-pro-v1,RED_Ultimate_V1-main/RED_Ultimate/red-app/src/main/java/com/red/sovereign/core/YounesServerSignature.kt,trailing_ws,False,False,False,True,True
arena/019ff8c7-pro-v1,RED_Ultimate_V1-main/RED_Ultimate/red-app/src/main/java/com/red/sovereign/core/YounesServerSignature.kt,trailing_ws,False,False,False,True,True
arena/019ff8f2-pro-v1,RED_Ultimate_V1-main/RED_Ultimate/red-app/src/main/java/com/red/sovereign/core/YounesServerSignature.kt,trailing_ws,False,False,False,True,True
arena/019ffce9-pro-v1,RED_Ultimate_V1-main/RED_Ultimate/red-app/src/main/java/com/red/sovereign/core/YounesServerSignature.kt,trailing_ws,False,False,False,True,True
arena/019ffd78-pro-v1,RED_Ultimate_V1-main/RED_Ultimate/red-app/src/main/java/com/red/sovereign/core/YounesServerSignature.kt,trailing_ws,False,False,False,True,True
arena/019ffe92-pro-v1,RED_Ultimate_V1-main/RED_Ultimate/red-app/src/main/java/com/red/sovereign/core/YounesServerSignature.kt,trailing_ws,False,False,False,True,True
arena/019ffece-pro-v1,RED_Ultimate_V1-main/RED_Ultimate/red-app/src/main/java/com/red/sovereign/core/YounesServerSignature.kt,trailing_ws,False,False,False,True,True
arena/019fffd5-pro-v1,RED_Ultimate_V1-main/RED_Ultimate/red-app/src/main/java/com/red/sovereign/core/YounesServerSignature.kt,trailing_ws,False,False,False,True,True
arena/01a0064f-pro-v1,RED_Ultimate_V1-main/RED_Ultimate/red-app/src/main/java/com/red/sovereign/core/YounesServerSignature.kt,trailing_ws,False,False,False,True,True
arena/01a00f9e-pro-v1,RED_Ultimate_V1-main/RED_Ultimate/red-app/src/main/java/com/red/sovereign/core/YounesServerSignature.kt,trailing_ws,False,False,False,True,True
chore/platform-rebuild-baseline,RED_Ultimate_V1-main/RED_Ultimate/red-app/src/main/java/com/red/sovereign/core/YounesServerSignature.kt,trailing_ws,False,False,False,True,True
feat/admin-social-management,RED_Ultimate_V1-main/RED_Ultimate/red-app/src/main/java/com/red/sovereign/core/YounesServerSignature.kt,trailing_ws,False,False,False,True,True
feat/red-engineering-roadmap-20260820,RED_Ultimate_V1-main/RED_Ultimate/red-app/src/main/java/com/red/sovereign/core/YounesServerSignature.kt,trailing_ws,False,False,False,True,True
feature/uc2000-ve-sms-browser-audit,RED_Ultimate_V1-main/RED_Ultimate/red-app/src/main/java/com/red/sovereign/core/YounesServerSignature.kt,trailing_ws,False,False,False,True,True
fix/restore-websocket-registrations,RED_Ultimate_V1-main/RED_Ultimate/red-app/src/main/java/com/red/sovereign/core/YounesServerSignature.kt,trailing_ws,False,False,False,True,True
revert-37-arena/019ffd78-pro-v1,RED_Ultimate_V1-main/RED_Ultimate/red-app/src/main/java/com/red/sovereign/core/YounesServerSignature.kt,trailing_ws,False,False,False,True,True
arena/019fe8fa-pro-v1,RED_Ultimate_V1-main/RED_Ultimate/red-app/src/main/java/com/red/sovereign/core/database/FtsSearchManager.kt,trailing_ws,False,False,False,True,True
arena/019fe9e3-pro-v1,RED_Ultimate_V1-main/RED_Ultimate/red-app/src/main/java/com/red/sovereign/core/database/FtsSearchManager.kt,trailing_ws,False,False,False,True,True
arena/019ff019-pro-v1,RED_Ultimate_V1-main/RED_Ultimate/red-app/src/main/java/com/red/sovereign/core/database/FtsSearchManager.kt,trailing_ws,False,False,False,True,True
arena/019ff06b-pro-v1,RED_Ultimate_V1-main/RED_Ultimate/red-app/src/main/java/com/red/sovereign/core/database/FtsSearchManager.kt,trailing_ws,False,False,False,True,True
arena/019ff085-pro-v1,RED_Ultimate_V1-main/RED_Ultimate/red-app/src/main/java/com/red/sovereign/core/database/FtsSearchManager.kt,trailing_ws,False,False,False,True,True
arena/019ff0c7-pro-v1,RED_Ultimate_V1-main/RED_Ultimate/red-app/src/main/java/com/red/sovereign/core/database/FtsSearchManager.kt,trailing_ws,False,False,False,True,True
arena/019ff146-pro-v1,RED_Ultimate_V1-main/RED_Ultimate/red-app/src/main/java/com/red/sovereign/core/database/FtsSearchManager.kt,trailing_ws,False,False,False,True,True
arena/019ff178-pro-v1,RED_Ultimate_V1-main/RED_Ultimate/red-app/src/main/java/com/red/sovereign/core/database/FtsSearchManager.kt,trailing_ws,False,False,False,True,True
arena/019ff1f9-pro-v1,RED_Ultimate_V1-main/RED_Ultimate/red-app/src/main/java/com/red/sovereign/core/database/FtsSearchManager.kt,trailing_ws,False,False,False,True,True
arena/019ff215-pro-v1,RED_Ultimate_V1-main/RED_Ultimate/red-app/src/main/java/com/red/sovereign/core/database/FtsSearchManager.kt,trailing_ws,False,False,False,True,True
arena/019ff237-pro-v1,RED_Ultimate_V1-main/RED_Ultimate/red-app/src/main/java/com/red/sovereign/core/database/FtsSearchManager.kt,trailing_ws,False,False,False,True,True
arena/019ff422-pro-v1,RED_Ultimate_V1-main/RED_Ultimate/red-app/src/main/java/com/red/sovereign/core/database/FtsSearchManager.kt,trailing_ws,False,False,False,True,True
arena/019ff82d-pro-v1,RED_Ultimate_V1-main/RED_Ultimate/red-app/src/main/java/com/red/sovereign/core/database/FtsSearchManager.kt,trailing_ws,False,False,False,True,True
arena/019ff859-pro-v1,RED_Ultimate_V1-main/RED_Ultimate/red-app/src/main/java/com/red/sovereign/core/database/FtsSearchManager.kt,trailing_ws,False,False,False,True,True
arena/019ff8b4-pro-v1,RED_Ultimate_V1-main/RED_Ultimate/red-app/src/main/java/com/red/sovereign/core/database/FtsSearchManager.kt,trailing_ws,False,False,False,True,True
arena/019ff8c7-pro-v1,RED_Ultimate_V1-main/RED_Ultimate/red-app/src/main/java/com/red/sovereign/core/database/FtsSearchManager.kt,trailing_ws,False,False,False,True,True
arena/019ff8f2-pro-v1,RED_Ultimate_V1-main/RED_Ultimate/red-app/src/main/java/com/red/sovereign/core/database/FtsSearchManager.kt,trailing_ws,False,False,False,True,True
arena/019ffce9-pro-v1,RED_Ultimate_V1-main/RED_Ultimate/red-app/src/main/java/com/red/sovereign/core/database/FtsSearchManager.kt,trailing_ws,False,False,False,True,True
arena/019ffd78-pro-v1,RED_Ultimate_V1-main/RED_Ultimate/red-app/src/main/java/com/red/sovereign/core/database/FtsSearchManager.kt,trailing_ws,False,False,False,True,True
arena/019ffe92-pro-v1,RED_Ultimate_V1-main/RED_Ultimate/red-app/src/main/java/com/red/sovereign/core/database/FtsSearchManager.kt,trailing_ws,False,False,False,True,True
arena/019ffece-pro-v1,RED_Ultimate_V1-main/RED_Ultimate/red-app/src/main/java/com/red/sovereign/core/database/FtsSearchManager.kt,trailing_ws,False,False,False,True,True
arena/019fffd5-pro-v1,RED_Ultimate_V1-main/RED_Ultimate/red-app/src/main/java/com/red/sovereign/core/database/FtsSearchManager.kt,trailing_ws,False,False,False,True,True
arena/01a0064f-pro-v1,RED_Ultimate_V1-main/RED_Ultimate/red-app/src/main/java/com/red/sovereign/core/database/FtsSearchManager.kt,trailing_ws,False,False,False,True,True
chore/platform-rebuild-baseline,RED_Ultimate_V1-main/RED_Ultimate/red-app/src/main/java/com/red/sovereign/core/database/FtsSearchManager.kt,trailing_ws,False,False,False,True,True
feat/admin-social-management,RED_Ultimate_V1-main/RED_Ultimate/red-app/src/main/java/com/red/sovereign/core/database/FtsSearchManager.kt,trailing_ws,False,False,False,True,True
feature/uc2000-ve-sms-browser-audit,RED_Ultimate_V1-main/RED_Ultimate/red-app/src/main/java/com/red/sovereign/core/database/FtsSearchManager.kt,trailing_ws,False,False,False,True,True
fix/restore-websocket-registrations,RED_Ultimate_V1-main/RED_Ultimate/red-app/src/main/java/com/red/sovereign/core/database/FtsSearchManager.kt,trailing_ws,False,False,False,True,True
revert-37-arena/019ffd78-pro-v1,RED_Ultimate_V1-main/RED_Ultimate/red-app/src/main/java/com/red/sovereign/core/database/FtsSearchManager.kt,trailing_ws,False,False,False,True,True
arena/019fe8fa-pro-v1,RED_Ultimate_V1-main/RED_Ultimate/red-app/src/main/java/com/red/sovereign/core/database/LocalRepository.kt,"crlf,final_nl",False,True,False,False,True
arena/019fe9e3-pro-v1,RED_Ultimate_V1-main/RED_Ultimate/red-app/src/main/java/com/red/sovereign/core/database/LocalRepository.kt,"crlf,final_nl",False,True,False,False,True
arena/019ff019-pro-v1,RED_Ultimate_V1-main/RED_Ultimate/red-app/src/main/java/com/red/sovereign/core/database/LocalRepository.kt,"crlf,final_nl",False,True,False,False,True
arena/019ff06b-pro-v1,RED_Ultimate_V1-main/RED_Ultimate/red-app/src/main/java/com/red/sovereign/core/database/LocalRepository.kt,"crlf,final_nl",False,True,False,False,True
arena/019ff085-pro-v1,RED_Ultimate_V1-main/RED_Ultimate/red-app/src/main/java/com/red/sovereign/core/database/LocalRepository.kt,"crlf,final_nl",False,True,False,False,True
arena/019ff0c7-pro-v1,RED_Ultimate_V1-main/RED_Ultimate/red-app/src/main/java/com/red/sovereign/core/database/LocalRepository.kt,"crlf,final_nl",False,True,False,False,True
arena/019ff146-pro-v1,RED_Ultimate_V1-main/RED_Ultimate/red-app/src/main/java/com/red/sovereign/core/database/LocalRepository.kt,"crlf,final_nl",False,True,False,False,True
arena/019ff178-pro-v1,RED_Ultimate_V1-main/RED_Ultimate/red-app/src/main/java/com/red/sovereign/core/database/LocalRepository.kt,"crlf,final_nl",False,True,False,False,True
arena/019ff1f9-pro-v1,RED_Ultimate_V1-main/RED_Ultimate/red-app/src/main/java/com/red/sovereign/core/database/LocalRepository.kt,"crlf,final_nl",False,True,False,False,True
arena/019ff215-pro-v1,RED_Ultimate_V1-main/RED_Ultimate/red-app/src/main/java/com/red/sovereign/core/database/LocalRepository.kt,"crlf,final_nl",False,True,False,False,True
arena/019ff237-pro-v1,RED_Ultimate_V1-main/RED_Ultimate/red-app/src/main/java/com/red/sovereign/core/database/LocalRepository.kt,"crlf,final_nl",False,True,False,False,True
arena/019ff422-pro-v1,RED_Ultimate_V1-main/RED_Ultimate/red-app/src/main/java/com/red/sovereign/core/database/LocalRepository.kt,"crlf,final_nl",False,True,False,False,True
arena/019ff82d-pro-v1,RED_Ultimate_V1-main/RED_Ultimate/red-app/src/main/java/com/red/sovereign/core/database/LocalRepository.kt,"crlf,final_nl",False,True,False,False,True
arena/019ff859-pro-v1,RED_Ultimate_V1-main/RED_Ultimate/red-app/src/main/java/com/red/sovereign/core/database/LocalRepository.kt,"crlf,final_nl",False,True,False,False,True
arena/019ff8b4-pro-v1,RED_Ultimate_V1-main/RED_Ultimate/red-app/src/main/java/com/red/sovereign/core/database/LocalRepository.kt,"crlf,final_nl",False,True,False,False,True
arena/019ff8c7-pro-v1,RED_Ultimate_V1-main/RED_Ultimate/red-app/src/main/java/com/red/sovereign/core/database/LocalRepository.kt,"crlf,final_nl",False,True,False,False,True
arena/019ff8f2-pro-v1,RED_Ultimate_V1-main/RED_Ultimate/red-app/src/main/java/com/red/sovereign/core/database/LocalRepository.kt,"crlf,final_nl",False,True,False,False,True
arena/019ffce9-pro-v1,RED_Ultimate_V1-main/RED_Ultimate/red-app/src/main/java/com/red/sovereign/core/database/LocalRepository.kt,"crlf,final_nl",False,True,False,False,True
arena/019ffd78-pro-v1,RED_Ultimate_V1-main/RED_Ultimate/red-app/src/main/java/com/red/sovereign/core/database/LocalRepository.kt,"crlf,final_nl",False,True,False,False,True
arena/019ffe92-pro-v1,RED_Ultimate_V1-main/RED_Ultimate/red-app/src/main/java/com/red/sovereign/core/database/LocalRepository.kt,"crlf,final_nl",False,True,False,False,True
arena/019ffece-pro-v1,RED_Ultimate_V1-main/RED_Ultimate/red-app/src/main/java/com/red/sovereign/core/database/LocalRepository.kt,"crlf,final_nl",False,True,False,False,True
arena/019fffd5-pro-v1,RED_Ultimate_V1-main/RED_Ultimate/red-app/src/main/java/com/red/sovereign/core/database/LocalRepository.kt,"crlf,final_nl",False,True,False,False,True
arena/01a0064f-pro-v1,RED_Ultimate_V1-main/RED_Ultimate/red-app/src/main/java/com/red/sovereign/core/database/LocalRepository.kt,"crlf,final_nl",False,True,False,False,True
arena/01a00f9e-pro-v1,RED_Ultimate_V1-main/RED_Ultimate/red-app/src/main/java/com/red/sovereign/core/database/LocalRepository.kt,"crlf,final_nl",False,True,False,False,True
chore/platform-rebuild-baseline,RED_Ultimate_V1-main/RED_Ultimate/red-app/src/main/java/com/red/sovereign/core/database/LocalRepository.kt,"crlf,final_nl",False,True,False,False,True
feat/admin-social-management,RED_Ultimate_V1-main/RED_Ultimate/red-app/src/main/java/com/red/sovereign/core/database/LocalRepository.kt,"crlf,final_nl",False,True,False,False,True
feat/red-engineering-roadmap-20260820,RED_Ultimate_V1-main/RED_Ultimate/red-app/src/main/java/com/red/sovereign/core/database/LocalRepository.kt,"crlf,final_nl",False,True,False,False,True
feature/uc2000-ve-sms-browser-audit,RED_Ultimate_V1-main/RED_Ultimate/red-app/src/main/java/com/red/sovereign/core/database/LocalRepository.kt,"crlf,final_nl",False,True,False,False,True
fix/restore-websocket-registrations,RED_Ultimate_V1-main/RED_Ultimate/red-app/src/main/java/com/red/sovereign/core/database/LocalRepository.kt,"crlf,final_nl",False,True,False,False,True
revert-37-arena/019ffd78-pro-v1,RED_Ultimate_V1-main/RED_Ultimate/red-app/src/main/java/com/red/sovereign/core/database/LocalRepository.kt,"crlf,final_nl",False,True,False,False,True
arena/019fe8fa-pro-v1,RED_Ultimate_V1-main/RED_Ultimate/red-app/src/main/java/com/red/sovereign/core/database/RedDao.kt,"crlf,final_nl",False,True,False,False,True
arena/019fe9e3-pro-v1,RED_Ultimate_V1-main/RED_Ultimate/red-app/src/main/java/com/red/sovereign/core/database/RedDao.kt,"crlf,final_nl",False,True,False,False,True
arena/019ff019-pro-v1,RED_Ultimate_V1-main/RED_Ultimate/red-app/src/main/java/com/red/sovereign/core/database/RedDao.kt,"crlf,final_nl",False,True,False,False,True
arena/019ff06b-pro-v1,RED_Ultimate_V1-main/RED_Ultimate/red-app/src/main/java/com/red/sovereign/core/database/RedDao.kt,"crlf,final_nl",False,True,False,False,True
arena/019ff085-pro-v1,RED_Ultimate_V1-main/RED_Ultimate/red-app/src/main/java/com/red/sovereign/core/database/RedDao.kt,"crlf,final_nl",False,True,False,False,True
arena/019ff0c7-pro-v1,RED_Ultimate_V1-main/RED_Ultimate/red-app/src/main/java/com/red/sovereign/core/database/RedDao.kt,"crlf,final_nl",False,True,False,False,True
arena/019ff146-pro-v1,RED_Ultimate_V1-main/RED_Ultimate/red-app/src/main/java/com/red/sovereign/core/database/RedDao.kt,"crlf,final_nl",False,True,False,False,True
arena/019ff178-pro-v1,RED_Ultimate_V1-main/RED_Ultimate/red-app/src/main/java/com/red/sovereign/core/database/RedDao.kt,"crlf,final_nl",False,True,False,False,True
arena/019ff1f9-pro-v1,RED_Ultimate_V1-main/RED_Ultimate/red-app/src/main/java/com/red/sovereign/core/database/RedDao.kt,"crlf,final_nl",False,True,False,False,True
arena/019ff215-pro-v1,RED_Ultimate_V1-main/RED_Ultimate/red-app/src/main/java/com/red/sovereign/core/database/RedDao.kt,"crlf,final_nl",False,True,False,False,True
arena/019ff237-pro-v1,RED_Ultimate_V1-main/RED_Ultimate/red-app/src/main/java/com/red/sovereign/core/database/RedDao.kt,"crlf,final_nl",False,True,False,False,True
arena/019ff422-pro-v1,RED_Ultimate_V1-main/RED_Ultimate/red-app/src/main/java/com/red/sovereign/core/database/RedDao.kt,"crlf,final_nl",False,True,False,False,True
arena/019ff82d-pro-v1,RED_Ultimate_V1-main/RED_Ultimate/red-app/src/main/java/com/red/sovereign/core/database/RedDao.kt,"crlf,final_nl",False,True,False,False,True
arena/019ff859-pro-v1,RED_Ultimate_V1-main/RED_Ultimate/red-app/src/main/java/com/red/sovereign/core/database/RedDao.kt,"crlf,final_nl",False,True,False,False,True
arena/019ff8b4-pro-v1,RED_Ultimate_V1-main/RED_Ultimate/red-app/src/main/java/com/red/sovereign/core/database/RedDao.kt,"crlf,final_nl",False,True,False,False,True
arena/019ff8c7-pro-v1,RED_Ultimate_V1-main/RED_Ultimate/red-app/src/main/java/com/red/sovereign/core/database/RedDao.kt,"crlf,final_nl",False,True,False,False,True
arena/019ff8f2-pro-v1,RED_Ultimate_V1-main/RED_Ultimate/red-app/src/main/java/com/red/sovereign/core/database/RedDao.kt,"crlf,final_nl",False,True,False,False,True
arena/019ffce9-pro-v1,RED_Ultimate_V1-main/RED_Ultimate/red-app/src/main/java/com/red/sovereign/core/database/RedDao.kt,"crlf,final_nl",False,True,False,False,True
arena/019ffd78-pro-v1,RED_Ultimate_V1-main/RED_Ultimate/red-app/src/main/java/com/red/sovereign/core/database/RedDao.kt,"crlf,final_nl",False,True,False,False,True
arena/019ffe92-pro-v1,RED_Ultimate_V1-main/RED_Ultimate/red-app/src/main/java/com/red/sovereign/core/database/RedDao.kt,"crlf,final_nl",False,True,False,False,True
arena/019ffece-pro-v1,RED_Ultimate_V1-main/RED_Ultimate/red-app/src/main/java/com/red/sovereign/core/database/RedDao.kt,"crlf,final_nl",False,True,False,False,True
arena/019fffd5-pro-v1,RED_Ultimate_V1-main/RED_Ultimate/red-app/src/main/java/com/red/sovereign/core/database/RedDao.kt,"crlf,final_nl",False,True,False,False,True
arena/01a0064f-pro-v1,RED_Ultimate_V1-main/RED_Ultimate/red-app/src/main/java/com/red/sovereign/core/database/RedDao.kt,"crlf,final_nl",False,True,False,False,True
arena/01a00f9e-pro-v1,RED_Ultimate_V1-main/RED_Ultimate/red-app/src/main/java/com/red/sovereign/core/database/RedDao.kt,"crlf,final_nl",False,True,False,False,True
chore/platform-rebuild-baseline,RED_Ultimate_V1-main/RED_Ultimate/red-app/src/main/java/com/red/sovereign/core/database/RedDao.kt,"crlf,final_nl",False,True,False,False,True
feat/admin-social-management,RED_Ultimate_V1-main/RED_Ultimate/red-app/src/main/java/com/red/sovereign/core/database/RedDao.kt,"crlf,final_nl",False,True,False,False,True
feat/red-engineering-roadmap-20260820,RED_Ultimate_V1-main/RED_Ultimate/red-app/src/main/java/com/red/sovereign/core/database/RedDao.kt,"crlf,final_nl",False,True,False,False,True
feature/uc2000-ve-sms-browser-audit,RED_Ultimate_V1-main/RED_Ultimate/red-app/src/main/java/com/red/sovereign/core/database/RedDao.kt,"crlf,final_nl",False,True,False,False,True
fix/restore-websocket-registrations,RED_Ultimate_V1-main/RED_Ultimate/red-app/src/main/java/com/red/sovereign/core/database/RedDao.kt,"crlf,final_nl",False,True,False,False,True
revert-37-arena/019ffd78-pro-v1,RED_Ultimate_V1-main/RED_Ultimate/red-app/src/main/java/com/red/sovereign/core/database/RedDao.kt,"crlf,final_nl",False,True,False,False,True
arena/019fe8fa-pro-v1,RED_Ultimate_V1-main/RED_Ultimate/red-app/src/main/java/com/red/sovereign/core/utils/MediaCompressor.kt,"crlf,bom,trailing_ws",False,True,False,True,True
arena/019fe9e3-pro-v1,RED_Ultimate_V1-main/RED_Ultimate/red-app/src/main/java/com/red/sovereign/core/utils/MediaCompressor.kt,"crlf,bom,trailing_ws",False,True,False,True,True
arena/019ff019-pro-v1,RED_Ultimate_V1-main/RED_Ultimate/red-app/src/main/java/com/red/sovereign/core/utils/MediaCompressor.kt,"crlf,bom,trailing_ws",False,True,False,True,True
arena/019ff06b-pro-v1,RED_Ultimate_V1-main/RED_Ultimate/red-app/src/main/java/com/red/sovereign/core/utils/MediaCompressor.kt,"crlf,bom,trailing_ws",False,True,False,True,True
arena/019ff085-pro-v1,RED_Ultimate_V1-main/RED_Ultimate/red-app/src/main/java/com/red/sovereign/core/utils/MediaCompressor.kt,"crlf,bom,trailing_ws",False,True,False,True,True
arena/019ff0c7-pro-v1,RED_Ultimate_V1-main/RED_Ultimate/red-app/src/main/java/com/red/sovereign/core/utils/MediaCompressor.kt,"crlf,bom,trailing_ws",False,True,False,True,True
arena/019ff146-pro-v1,RED_Ultimate_V1-main/RED_Ultimate/red-app/src/main/java/com/red/sovereign/core/utils/MediaCompressor.kt,"crlf,bom,trailing_ws",False,True,False,True,True
arena/019ff178-pro-v1,RED_Ultimate_V1-main/RED_Ultimate/red-app/src/main/java/com/red/sovereign/core/utils/MediaCompressor.kt,"crlf,bom",False,True,False,True,True
arena/019ff1f9-pro-v1,RED_Ultimate_V1-main/RED_Ultimate/red-app/src/main/java/com/red/sovereign/core/utils/MediaCompressor.kt,"crlf,bom",False,True,False,True,True
arena/019ff215-pro-v1,RED_Ultimate_V1-main/RED_Ultimate/red-app/src/main/java/com/red/sovereign/core/utils/MediaCompressor.kt,"crlf,bom",False,True,False,True,True
arena/019ff237-pro-v1,RED_Ultimate_V1-main/RED_Ultimate/red-app/src/main/java/com/red/sovereign/core/utils/MediaCompressor.kt,"crlf,bom",False,True,False,True,True
arena/019ff422-pro-v1,RED_Ultimate_V1-main/RED_Ultimate/red-app/src/main/java/com/red/sovereign/core/utils/MediaCompressor.kt,"crlf,bom",False,True,False,True,True
arena/019ff82d-pro-v1,RED_Ultimate_V1-main/RED_Ultimate/red-app/src/main/java/com/red/sovereign/core/utils/MediaCompressor.kt,"crlf,bom",False,True,False,True,True
arena/019ff859-pro-v1,RED_Ultimate_V1-main/RED_Ultimate/red-app/src/main/java/com/red/sovereign/core/utils/MediaCompressor.kt,"crlf,bom",False,True,False,True,True
arena/019ff8b4-pro-v1,RED_Ultimate_V1-main/RED_Ultimate/red-app/src/main/java/com/red/sovereign/core/utils/MediaCompressor.kt,"crlf,bom",False,True,False,True,True
arena/019ff8c7-pro-v1,RED_Ultimate_V1-main/RED_Ultimate/red-app/src/main/java/com/red/sovereign/core/utils/MediaCompressor.kt,"crlf,bom",False,True,False,True,True
arena/019ff8f2-pro-v1,RED_Ultimate_V1-main/RED_Ultimate/red-app/src/main/java/com/red/sovereign/core/utils/MediaCompressor.kt,"crlf,bom",False,True,False,True,True
arena/019ffce9-pro-v1,RED_Ultimate_V1-main/RED_Ultimate/red-app/src/main/java/com/red/sovereign/core/utils/MediaCompressor.kt,"crlf,bom",False,True,False,True,True
arena/019ffd78-pro-v1,RED_Ultimate_V1-main/RED_Ultimate/red-app/src/main/java/com/red/sovereign/core/utils/MediaCompressor.kt,"crlf,bom",False,True,False,True,True
arena/019ffe92-pro-v1,RED_Ultimate_V1-main/RED_Ultimate/red-app/src/main/java/com/red/sovereign/core/utils/MediaCompressor.kt,"crlf,bom",False,True,False,True,True
arena/019ffece-pro-v1,RED_Ultimate_V1-main/RED_Ultimate/red-app/src/main/java/com/red/sovereign/core/utils/MediaCompressor.kt,"crlf,bom",False,True,False,True,True
arena/019fffd5-pro-v1,RED_Ultimate_V1-main/RED_Ultimate/red-app/src/main/java/com/red/sovereign/core/utils/MediaCompressor.kt,"crlf,bom",False,True,False,True,True
arena/01a0064f-pro-v1,RED_Ultimate_V1-main/RED_Ultimate/red-app/src/main/java/com/red/sovereign/core/utils/MediaCompressor.kt,"crlf,bom",False,True,False,True,True
arena/01a00f9e-pro-v1,RED_Ultimate_V1-main/RED_Ultimate/red-app/src/main/java/com/red/sovereign/core/utils/MediaCompressor.kt,"crlf,bom",False,True,False,True,True
chore/platform-rebuild-baseline,RED_Ultimate_V1-main/RED_Ultimate/red-app/src/main/java/com/red/sovereign/core/utils/MediaCompressor.kt,"crlf,bom",False,True,False,True,True
feat/admin-social-management,RED_Ultimate_V1-main/RED_Ultimate/red-app/src/main/java/com/red/sovereign/core/utils/MediaCompressor.kt,"crlf,bom",False,True,False,True,True
feat/red-engineering-roadmap-20260820,RED_Ultimate_V1-main/RED_Ultimate/red-app/src/main/java/com/red/sovereign/core/utils/MediaCompressor.kt,"crlf,bom",False,True,False,True,True
feature/uc2000-ve-sms-browser-audit,RED_Ultimate_V1-main/RED_Ultimate/red-app/src/main/java/com/red/sovereign/core/utils/MediaCompressor.kt,"crlf,bom",False,True,False,True,True
fix/restore-websocket-registrations,RED_Ultimate_V1-main/RED_Ultimate/red-app/src/main/java/com/red/sovereign/core/utils/MediaCompressor.kt,"crlf,bom",False,True,False,True,True
revert-37-arena/019ffd78-pro-v1,RED_Ultimate_V1-main/RED_Ultimate/red-app/src/main/java/com/red/sovereign/core/utils/MediaCompressor.kt,"crlf,bom",False,True,False,True,True
arena/019fe8fa-pro-v1,RED_Ultimate_V1-main/RED_Ultimate/red-app/src/main/java/com/red/sovereign/features/chat/SovereignGroupSystem.kt,trailing_ws,False,False,False,True,True
arena/019fe9e3-pro-v1,RED_Ultimate_V1-main/RED_Ultimate/red-app/src/main/java/com/red/sovereign/features/chat/SovereignGroupSystem.kt,trailing_ws,False,False,False,True,True
arena/019fe8fa-pro-v1,RED_Ultimate_V1-main/RED_Ultimate/red-app/src/main/java/com/red/sovereign/features/dinstar/DinstarModels.kt,"crlf,bom",False,True,False,True,True
arena/019fe9e3-pro-v1,RED_Ultimate_V1-main/RED_Ultimate/red-app/src/main/java/com/red/sovereign/features/dinstar/DinstarModels.kt,"crlf,bom",False,True,False,True,True
arena/019ff019-pro-v1,RED_Ultimate_V1-main/RED_Ultimate/red-app/src/main/java/com/red/sovereign/features/dinstar/DinstarModels.kt,"crlf,bom",False,True,False,True,True
arena/019ff06b-pro-v1,RED_Ultimate_V1-main/RED_Ultimate/red-app/src/main/java/com/red/sovereign/features/dinstar/DinstarModels.kt,"crlf,bom",False,True,False,True,True
arena/019ff085-pro-v1,RED_Ultimate_V1-main/RED_Ultimate/red-app/src/main/java/com/red/sovereign/features/dinstar/DinstarModels.kt,"crlf,bom",False,True,False,True,True
arena/019ff0c7-pro-v1,RED_Ultimate_V1-main/RED_Ultimate/red-app/src/main/java/com/red/sovereign/features/dinstar/DinstarModels.kt,"crlf,bom",False,True,False,True,True
arena/019ff146-pro-v1,RED_Ultimate_V1-main/RED_Ultimate/red-app/src/main/java/com/red/sovereign/features/dinstar/DinstarModels.kt,"crlf,bom",False,True,False,True,True
arena/019ff178-pro-v1,RED_Ultimate_V1-main/RED_Ultimate/red-app/src/main/java/com/red/sovereign/features/dinstar/DinstarModels.kt,"crlf,bom",False,True,False,True,True
arena/019ff1f9-pro-v1,RED_Ultimate_V1-main/RED_Ultimate/red-app/src/main/java/com/red/sovereign/features/dinstar/DinstarModels.kt,"crlf,bom",False,True,False,True,True
arena/019ff215-pro-v1,RED_Ultimate_V1-main/RED_Ultimate/red-app/src/main/java/com/red/sovereign/features/dinstar/DinstarModels.kt,"crlf,bom",False,True,False,True,True
arena/019ff237-pro-v1,RED_Ultimate_V1-main/RED_Ultimate/red-app/src/main/java/com/red/sovereign/features/dinstar/DinstarModels.kt,"crlf,bom",False,True,False,True,True
arena/019ff422-pro-v1,RED_Ultimate_V1-main/RED_Ultimate/red-app/src/main/java/com/red/sovereign/features/dinstar/DinstarModels.kt,"crlf,bom",False,True,False,True,True
arena/019ff82d-pro-v1,RED_Ultimate_V1-main/RED_Ultimate/red-app/src/main/java/com/red/sovereign/features/dinstar/DinstarModels.kt,"crlf,bom",False,True,False,True,True
arena/019ff859-pro-v1,RED_Ultimate_V1-main/RED_Ultimate/red-app/src/main/java/com/red/sovereign/features/dinstar/DinstarModels.kt,"crlf,bom",False,True,False,True,True
arena/019ff8b4-pro-v1,RED_Ultimate_V1-main/RED_Ultimate/red-app/src/main/java/com/red/sovereign/features/dinstar/DinstarModels.kt,"crlf,bom",False,True,False,True,True
arena/019ff8c7-pro-v1,RED_Ultimate_V1-main/RED_Ultimate/red-app/src/main/java/com/red/sovereign/features/dinstar/DinstarModels.kt,"crlf,bom",False,True,False,True,True
arena/019ff8f2-pro-v1,RED_Ultimate_V1-main/RED_Ultimate/red-app/src/main/java/com/red/sovereign/features/dinstar/DinstarModels.kt,"crlf,bom",False,True,False,True,True
arena/019ffce9-pro-v1,RED_Ultimate_V1-main/RED_Ultimate/red-app/src/main/java/com/red/sovereign/features/dinstar/DinstarModels.kt,"crlf,bom",False,True,False,True,True
arena/019ffd78-pro-v1,RED_Ultimate_V1-main/RED_Ultimate/red-app/src/main/java/com/red/sovereign/features/dinstar/DinstarModels.kt,"crlf,bom",False,True,False,True,True
arena/019ffe92-pro-v1,RED_Ultimate_V1-main/RED_Ultimate/red-app/src/main/java/com/red/sovereign/features/dinstar/DinstarModels.kt,"crlf,bom",False,True,False,True,True
arena/019ffece-pro-v1,RED_Ultimate_V1-main/RED_Ultimate/red-app/src/main/java/com/red/sovereign/features/dinstar/DinstarModels.kt,"crlf,bom",False,True,False,True,True
arena/019fffd5-pro-v1,RED_Ultimate_V1-main/RED_Ultimate/red-app/src/main/java/com/red/sovereign/features/dinstar/DinstarModels.kt,"crlf,bom",False,True,False,True,True
arena/01a0064f-pro-v1,RED_Ultimate_V1-main/RED_Ultimate/red-app/src/main/java/com/red/sovereign/features/dinstar/DinstarModels.kt,"crlf,bom",False,True,False,True,True
arena/01a00f9e-pro-v1,RED_Ultimate_V1-main/RED_Ultimate/red-app/src/main/java/com/red/sovereign/features/dinstar/DinstarModels.kt,"crlf,bom",False,True,False,True,True
chore/platform-rebuild-baseline,RED_Ultimate_V1-main/RED_Ultimate/red-app/src/main/java/com/red/sovereign/features/dinstar/DinstarModels.kt,"crlf,bom",False,True,False,True,True
feat/admin-social-management,RED_Ultimate_V1-main/RED_Ultimate/red-app/src/main/java/com/red/sovereign/features/dinstar/DinstarModels.kt,"crlf,bom",False,True,False,True,True
feat/red-engineering-roadmap-20260820,RED_Ultimate_V1-main/RED_Ultimate/red-app/src/main/java/com/red/sovereign/features/dinstar/DinstarModels.kt,"crlf,bom",False,True,False,True,True
feature/uc2000-ve-sms-browser-audit,RED_Ultimate_V1-main/RED_Ultimate/red-app/src/main/java/com/red/sovereign/features/dinstar/DinstarModels.kt,"crlf,bom",False,True,False,True,True
fix/restore-websocket-registrations,RED_Ultimate_V1-main/RED_Ultimate/red-app/src/main/java/com/red/sovereign/features/dinstar/DinstarModels.kt,"crlf,bom",False,True,False,True,True
revert-37-arena/019ffd78-pro-v1,RED_Ultimate_V1-main/RED_Ultimate/red-app/src/main/java/com/red/sovereign/features/dinstar/DinstarModels.kt,"crlf,bom",False,True,False,True,True
arena/019fe8fa-pro-v1,RED_Ultimate_V1-main/RED_Ultimate/red-app/src/main/java/com/red/sovereign/features/privacy/PrivacySettingsScreen.kt,final_nl,False,False,False,False,True
arena/019fe9e3-pro-v1,RED_Ultimate_V1-main/RED_Ultimate/red-app/src/main/java/com/red/sovereign/features/privacy/PrivacySettingsScreen.kt,final_nl,False,False,False,False,True
arena/019ff019-pro-v1,RED_Ultimate_V1-main/RED_Ultimate/red-app/src/main/java/com/red/sovereign/features/privacy/PrivacySettingsScreen.kt,final_nl,False,False,False,False,True
arena/019ff06b-pro-v1,RED_Ultimate_V1-main/RED_Ultimate/red-app/src/main/java/com/red/sovereign/features/privacy/PrivacySettingsScreen.kt,final_nl,False,False,False,False,True
arena/019ff085-pro-v1,RED_Ultimate_V1-main/RED_Ultimate/red-app/src/main/java/com/red/sovereign/features/privacy/PrivacySettingsScreen.kt,final_nl,False,False,False,False,True
arena/019ff0c7-pro-v1,RED_Ultimate_V1-main/RED_Ultimate/red-app/src/main/java/com/red/sovereign/features/privacy/PrivacySettingsScreen.kt,final_nl,False,False,False,False,True
arena/019ff146-pro-v1,RED_Ultimate_V1-main/RED_Ultimate/red-app/src/main/java/com/red/sovereign/features/privacy/PrivacySettingsScreen.kt,final_nl,False,False,False,False,True
arena/019ff178-pro-v1,RED_Ultimate_V1-main/RED_Ultimate/red-app/src/main/java/com/red/sovereign/features/privacy/PrivacySettingsScreen.kt,final_nl,False,False,False,False,True
arena/019ff1f9-pro-v1,RED_Ultimate_V1-main/RED_Ultimate/red-app/src/main/java/com/red/sovereign/features/privacy/PrivacySettingsScreen.kt,final_nl,False,False,False,False,True
arena/019ff215-pro-v1,RED_Ultimate_V1-main/RED_Ultimate/red-app/src/main/java/com/red/sovereign/features/privacy/PrivacySettingsScreen.kt,final_nl,False,False,False,False,True
arena/019ff237-pro-v1,RED_Ultimate_V1-main/RED_Ultimate/red-app/src/main/java/com/red/sovereign/features/privacy/PrivacySettingsScreen.kt,final_nl,False,False,False,False,True
arena/019ff422-pro-v1,RED_Ultimate_V1-main/RED_Ultimate/red-app/src/main/java/com/red/sovereign/features/privacy/PrivacySettingsScreen.kt,final_nl,False,False,False,False,True
arena/019ff82d-pro-v1,RED_Ultimate_V1-main/RED_Ultimate/red-app/src/main/java/com/red/sovereign/features/privacy/PrivacySettingsScreen.kt,final_nl,False,False,False,False,True
arena/019ff859-pro-v1,RED_Ultimate_V1-main/RED_Ultimate/red-app/src/main/java/com/red/sovereign/features/privacy/PrivacySettingsScreen.kt,final_nl,False,False,False,False,True
arena/019ff8b4-pro-v1,RED_Ultimate_V1-main/RED_Ultimate/red-app/src/main/java/com/red/sovereign/features/privacy/PrivacySettingsScreen.kt,final_nl,False,False,False,False,True
arena/019ff8c7-pro-v1,RED_Ultimate_V1-main/RED_Ultimate/red-app/src/main/java/com/red/sovereign/features/privacy/PrivacySettingsScreen.kt,final_nl,False,False,False,False,True
arena/019ff8f2-pro-v1,RED_Ultimate_V1-main/RED_Ultimate/red-app/src/main/java/com/red/sovereign/features/privacy/PrivacySettingsScreen.kt,final_nl,False,False,False,False,True
arena/019ffce9-pro-v1,RED_Ultimate_V1-main/RED_Ultimate/red-app/src/main/java/com/red/sovereign/features/privacy/PrivacySettingsScreen.kt,final_nl,False,False,False,False,True
arena/019ffd78-pro-v1,RED_Ultimate_V1-main/RED_Ultimate/red-app/src/main/java/com/red/sovereign/features/privacy/PrivacySettingsScreen.kt,final_nl,False,False,False,False,True
arena/019ffe92-pro-v1,RED_Ultimate_V1-main/RED_Ultimate/red-app/src/main/java/com/red/sovereign/features/privacy/PrivacySettingsScreen.kt,final_nl,False,False,False,False,True
arena/019ffece-pro-v1,RED_Ultimate_V1-main/RED_Ultimate/red-app/src/main/java/com/red/sovereign/features/privacy/PrivacySettingsScreen.kt,final_nl,False,False,False,False,True
arena/019fffd5-pro-v1,RED_Ultimate_V1-main/RED_Ultimate/red-app/src/main/java/com/red/sovereign/features/privacy/PrivacySettingsScreen.kt,final_nl,False,False,False,False,True
arena/01a0064f-pro-v1,RED_Ultimate_V1-main/RED_Ultimate/red-app/src/main/java/com/red/sovereign/features/privacy/PrivacySettingsScreen.kt,final_nl,False,False,False,False,True
arena/01a00f9e-pro-v1,RED_Ultimate_V1-main/RED_Ultimate/red-app/src/main/java/com/red/sovereign/features/privacy/PrivacySettingsScreen.kt,final_nl,False,False,False,False,True
chore/platform-rebuild-baseline,RED_Ultimate_V1-main/RED_Ultimate/red-app/src/main/java/com/red/sovereign/features/privacy/PrivacySettingsScreen.kt,final_nl,False,False,False,False,True
feat/admin-social-management,RED_Ultimate_V1-main/RED_Ultimate/red-app/src/main/java/com/red/sovereign/features/privacy/PrivacySettingsScreen.kt,final_nl,False,False,False,False,True
feat/red-engineering-roadmap-20260820,RED_Ultimate_V1-main/RED_Ultimate/red-app/src/main/java/com/red/sovereign/features/privacy/PrivacySettingsScreen.kt,final_nl,False,False,False,False,True
feature/uc2000-ve-sms-browser-audit,RED_Ultimate_V1-main/RED_Ultimate/red-app/src/main/java/com/red/sovereign/features/privacy/PrivacySettingsScreen.kt,final_nl,False,False,False,False,True
fix/restore-websocket-registrations,RED_Ultimate_V1-main/RED_Ultimate/red-app/src/main/java/com/red/sovereign/features/privacy/PrivacySettingsScreen.kt,final_nl,False,False,False,False,True
revert-37-arena/019ffd78-pro-v1,RED_Ultimate_V1-main/RED_Ultimate/red-app/src/main/java/com/red/sovereign/features/privacy/PrivacySettingsScreen.kt,final_nl,False,False,False,False,True
arena/019fe8fa-pro-v1,RED_Ultimate_V1-main/RED_Ultimate/red-app/src/main/java/com/red/sovereign/features/profile/BackupScreen.kt,trailing_ws,False,False,False,True,True
arena/019fe9e3-pro-v1,RED_Ultimate_V1-main/RED_Ultimate/red-app/src/main/java/com/red/sovereign/features/profile/BackupScreen.kt,trailing_ws,False,False,False,True,True
arena/019ff019-pro-v1,RED_Ultimate_V1-main/RED_Ultimate/red-app/src/main/java/com/red/sovereign/features/profile/BackupScreen.kt,trailing_ws,False,False,False,True,True
arena/019ff06b-pro-v1,RED_Ultimate_V1-main/RED_Ultimate/red-app/src/main/java/com/red/sovereign/features/profile/BackupScreen.kt,trailing_ws,False,False,False,True,True
arena/019ff085-pro-v1,RED_Ultimate_V1-main/RED_Ultimate/red-app/src/main/java/com/red/sovereign/features/profile/BackupScreen.kt,trailing_ws,False,False,False,True,True
arena/019ff0c7-pro-v1,RED_Ultimate_V1-main/RED_Ultimate/red-app/src/main/java/com/red/sovereign/features/profile/BackupScreen.kt,trailing_ws,False,False,False,True,True
arena/019ff146-pro-v1,RED_Ultimate_V1-main/RED_Ultimate/red-app/src/main/java/com/red/sovereign/features/profile/BackupScreen.kt,trailing_ws,False,False,False,True,True
arena/019ff178-pro-v1,RED_Ultimate_V1-main/RED_Ultimate/red-app/src/main/java/com/red/sovereign/features/profile/BackupScreen.kt,trailing_ws,False,False,False,True,True
arena/019fe8fa-pro-v1,RED_Ultimate_V1-main/RED_Ultimate/red-app/src/main/java/com/red/sovereign/media/VoiceMessageViewModel.kt,"crlf,bom,trailing_ws",False,True,False,True,True
arena/019fe9e3-pro-v1,RED_Ultimate_V1-main/RED_Ultimate/red-app/src/main/java/com/red/sovereign/media/VoiceMessageViewModel.kt,"crlf,bom,trailing_ws",False,True,False,True,True
arena/019ff019-pro-v1,RED_Ultimate_V1-main/RED_Ultimate/red-app/src/main/java/com/red/sovereign/media/VoiceMessageViewModel.kt,"crlf,bom,trailing_ws",False,True,False,True,True
arena/019ff06b-pro-v1,RED_Ultimate_V1-main/RED_Ultimate/red-app/src/main/java/com/red/sovereign/media/VoiceMessageViewModel.kt,"crlf,bom,trailing_ws",False,True,False,True,True
arena/019ff085-pro-v1,RED_Ultimate_V1-main/RED_Ultimate/red-app/src/main/java/com/red/sovereign/media/VoiceMessageViewModel.kt,"crlf,bom,trailing_ws",False,True,False,True,True
arena/019ff0c7-pro-v1,RED_Ultimate_V1-main/RED_Ultimate/red-app/src/main/java/com/red/sovereign/media/VoiceMessageViewModel.kt,"crlf,bom,trailing_ws",False,True,False,True,True
arena/019ff146-pro-v1,RED_Ultimate_V1-main/RED_Ultimate/red-app/src/main/java/com/red/sovereign/media/VoiceMessageViewModel.kt,"crlf,bom,trailing_ws",False,True,False,True,True
arena/019ff178-pro-v1,RED_Ultimate_V1-main/RED_Ultimate/red-app/src/main/java/com/red/sovereign/media/VoiceMessageViewModel.kt,"crlf,bom,trailing_ws",False,True,False,True,True
arena/019ff1f9-pro-v1,RED_Ultimate_V1-main/RED_Ultimate/red-app/src/main/java/com/red/sovereign/media/VoiceMessageViewModel.kt,"crlf,bom,trailing_ws",False,True,False,True,True
arena/019ff215-pro-v1,RED_Ultimate_V1-main/RED_Ultimate/red-app/src/main/java/com/red/sovereign/media/VoiceMessageViewModel.kt,"crlf,bom,trailing_ws",False,True,False,True,True
arena/019ff237-pro-v1,RED_Ultimate_V1-main/RED_Ultimate/red-app/src/main/java/com/red/sovereign/media/VoiceMessageViewModel.kt,"crlf,bom,trailing_ws",False,True,False,True,True
arena/019ff422-pro-v1,RED_Ultimate_V1-main/RED_Ultimate/red-app/src/main/java/com/red/sovereign/media/VoiceMessageViewModel.kt,"crlf,bom,trailing_ws",False,True,False,True,True
arena/019ff82d-pro-v1,RED_Ultimate_V1-main/RED_Ultimate/red-app/src/main/java/com/red/sovereign/media/VoiceMessageViewModel.kt,"crlf,bom,trailing_ws",False,True,False,True,True
arena/019ff859-pro-v1,RED_Ultimate_V1-main/RED_Ultimate/red-app/src/main/java/com/red/sovereign/media/VoiceMessageViewModel.kt,"crlf,bom,trailing_ws",False,True,False,True,True
arena/019ff8b4-pro-v1,RED_Ultimate_V1-main/RED_Ultimate/red-app/src/main/java/com/red/sovereign/media/VoiceMessageViewModel.kt,"crlf,bom,trailing_ws",False,True,False,True,True
arena/019ff8c7-pro-v1,RED_Ultimate_V1-main/RED_Ultimate/red-app/src/main/java/com/red/sovereign/media/VoiceMessageViewModel.kt,"crlf,bom,trailing_ws",False,True,False,True,True
arena/019ff8f2-pro-v1,RED_Ultimate_V1-main/RED_Ultimate/red-app/src/main/java/com/red/sovereign/media/VoiceMessageViewModel.kt,"crlf,bom,trailing_ws",False,True,False,True,True
arena/019ffce9-pro-v1,RED_Ultimate_V1-main/RED_Ultimate/red-app/src/main/java/com/red/sovereign/media/VoiceMessageViewModel.kt,"crlf,bom,trailing_ws",False,True,False,True,True
arena/019ffd78-pro-v1,RED_Ultimate_V1-main/RED_Ultimate/red-app/src/main/java/com/red/sovereign/media/VoiceMessageViewModel.kt,"crlf,bom,trailing_ws",False,True,False,True,True
arena/019ffe92-pro-v1,RED_Ultimate_V1-main/RED_Ultimate/red-app/src/main/java/com/red/sovereign/media/VoiceMessageViewModel.kt,"crlf,bom,trailing_ws",False,True,False,True,True
arena/019ffece-pro-v1,RED_Ultimate_V1-main/RED_Ultimate/red-app/src/main/java/com/red/sovereign/media/VoiceMessageViewModel.kt,"crlf,bom,trailing_ws",False,True,False,True,True
arena/019fffd5-pro-v1,RED_Ultimate_V1-main/RED_Ultimate/red-app/src/main/java/com/red/sovereign/media/VoiceMessageViewModel.kt,"crlf,bom,trailing_ws",False,True,False,True,True
arena/01a0064f-pro-v1,RED_Ultimate_V1-main/RED_Ultimate/red-app/src/main/java/com/red/sovereign/media/VoiceMessageViewModel.kt,"crlf,bom,trailing_ws",False,True,False,True,True
arena/01a00f9e-pro-v1,RED_Ultimate_V1-main/RED_Ultimate/red-app/src/main/java/com/red/sovereign/media/VoiceMessageViewModel.kt,"crlf,bom,trailing_ws",False,True,False,True,True
chore/platform-rebuild-baseline,RED_Ultimate_V1-main/RED_Ultimate/red-app/src/main/java/com/red/sovereign/media/VoiceMessageViewModel.kt,"crlf,bom,trailing_ws",False,True,False,True,True
feat/admin-social-management,RED_Ultimate_V1-main/RED_Ultimate/red-app/src/main/java/com/red/sovereign/media/VoiceMessageViewModel.kt,"crlf,bom,trailing_ws",False,True,False,True,True
feat/red-engineering-roadmap-20260820,RED_Ultimate_V1-main/RED_Ultimate/red-app/src/main/java/com/red/sovereign/media/VoiceMessageViewModel.kt,"crlf,bom,trailing_ws",False,True,False,True,True
feature/uc2000-ve-sms-browser-audit,RED_Ultimate_V1-main/RED_Ultimate/red-app/src/main/java/com/red/sovereign/media/VoiceMessageViewModel.kt,"crlf,bom,trailing_ws",False,True,False,True,True
fix/restore-websocket-registrations,RED_Ultimate_V1-main/RED_Ultimate/red-app/src/main/java/com/red/sovereign/media/VoiceMessageViewModel.kt,"crlf,bom,trailing_ws",False,True,False,True,True
revert-37-arena/019ffd78-pro-v1,RED_Ultimate_V1-main/RED_Ultimate/red-app/src/main/java/com/red/sovereign/media/VoiceMessageViewModel.kt,"crlf,bom,trailing_ws",False,True,False,True,True
arena/019fe8fa-pro-v1,RED_Ultimate_V1-main/RED_Ultimate/red-app/src/main/java/com/red/sovereign/media/VoiceNotePlayer.kt,"crlf,bom",False,True,False,True,True
arena/019fe9e3-pro-v1,RED_Ultimate_V1-main/RED_Ultimate/red-app/src/main/java/com/red/sovereign/media/VoiceNotePlayer.kt,"crlf,bom",False,True,False,True,True
arena/019ff019-pro-v1,RED_Ultimate_V1-main/RED_Ultimate/red-app/src/main/java/com/red/sovereign/media/VoiceNotePlayer.kt,"crlf,bom",False,True,False,True,True
arena/019ff06b-pro-v1,RED_Ultimate_V1-main/RED_Ultimate/red-app/src/main/java/com/red/sovereign/media/VoiceNotePlayer.kt,"crlf,bom",False,True,False,True,True
arena/019ff085-pro-v1,RED_Ultimate_V1-main/RED_Ultimate/red-app/src/main/java/com/red/sovereign/media/VoiceNotePlayer.kt,"crlf,bom",False,True,False,True,True
arena/019ff0c7-pro-v1,RED_Ultimate_V1-main/RED_Ultimate/red-app/src/main/java/com/red/sovereign/media/VoiceNotePlayer.kt,"crlf,bom",False,True,False,True,True
arena/019ff146-pro-v1,RED_Ultimate_V1-main/RED_Ultimate/red-app/src/main/java/com/red/sovereign/media/VoiceNotePlayer.kt,"crlf,bom",False,True,False,True,True
arena/019ff178-pro-v1,RED_Ultimate_V1-main/RED_Ultimate/red-app/src/main/java/com/red/sovereign/media/VoiceNotePlayer.kt,"crlf,bom",False,True,False,True,True
arena/019ff1f9-pro-v1,RED_Ultimate_V1-main/RED_Ultimate/red-app/src/main/java/com/red/sovereign/media/VoiceNotePlayer.kt,"crlf,bom",False,True,False,True,True
arena/019ff215-pro-v1,RED_Ultimate_V1-main/RED_Ultimate/red-app/src/main/java/com/red/sovereign/media/VoiceNotePlayer.kt,"crlf,bom",False,True,False,True,True
arena/019ff237-pro-v1,RED_Ultimate_V1-main/RED_Ultimate/red-app/src/main/java/com/red/sovereign/media/VoiceNotePlayer.kt,"crlf,bom",False,True,False,True,True
arena/019ff422-pro-v1,RED_Ultimate_V1-main/RED_Ultimate/red-app/src/main/java/com/red/sovereign/media/VoiceNotePlayer.kt,"crlf,bom",False,True,False,True,True
arena/019ff82d-pro-v1,RED_Ultimate_V1-main/RED_Ultimate/red-app/src/main/java/com/red/sovereign/media/VoiceNotePlayer.kt,"crlf,bom",False,True,False,True,True
arena/019ff859-pro-v1,RED_Ultimate_V1-main/RED_Ultimate/red-app/src/main/java/com/red/sovereign/media/VoiceNotePlayer.kt,"crlf,bom",False,True,False,True,True
arena/019ff8b4-pro-v1,RED_Ultimate_V1-main/RED_Ultimate/red-app/src/main/java/com/red/sovereign/media/VoiceNotePlayer.kt,"crlf,bom",False,True,False,True,True
arena/019ff8c7-pro-v1,RED_Ultimate_V1-main/RED_Ultimate/red-app/src/main/java/com/red/sovereign/media/VoiceNotePlayer.kt,"crlf,bom",False,True,False,True,True
arena/019ff8f2-pro-v1,RED_Ultimate_V1-main/RED_Ultimate/red-app/src/main/java/com/red/sovereign/media/VoiceNotePlayer.kt,"crlf,bom",False,True,False,True,True
arena/019ffce9-pro-v1,RED_Ultimate_V1-main/RED_Ultimate/red-app/src/main/java/com/red/sovereign/media/VoiceNotePlayer.kt,"crlf,bom",False,True,False,True,True
arena/019ffd78-pro-v1,RED_Ultimate_V1-main/RED_Ultimate/red-app/src/main/java/com/red/sovereign/media/VoiceNotePlayer.kt,"crlf,bom",False,True,False,True,True
arena/019ffe92-pro-v1,RED_Ultimate_V1-main/RED_Ultimate/red-app/src/main/java/com/red/sovereign/media/VoiceNotePlayer.kt,"crlf,bom",False,True,False,True,True
arena/019ffece-pro-v1,RED_Ultimate_V1-main/RED_Ultimate/red-app/src/main/java/com/red/sovereign/media/VoiceNotePlayer.kt,"crlf,bom",False,True,False,True,True
arena/019fffd5-pro-v1,RED_Ultimate_V1-main/RED_Ultimate/red-app/src/main/java/com/red/sovereign/media/VoiceNotePlayer.kt,"crlf,bom",False,True,False,True,True
arena/01a0064f-pro-v1,RED_Ultimate_V1-main/RED_Ultimate/red-app/src/main/java/com/red/sovereign/media/VoiceNotePlayer.kt,"crlf,bom",False,True,False,True,True
arena/01a00f9e-pro-v1,RED_Ultimate_V1-main/RED_Ultimate/red-app/src/main/java/com/red/sovereign/media/VoiceNotePlayer.kt,"crlf,bom",False,True,False,True,True
chore/platform-rebuild-baseline,RED_Ultimate_V1-main/RED_Ultimate/red-app/src/main/java/com/red/sovereign/media/VoiceNotePlayer.kt,"crlf,bom",False,True,False,True,True
feat/admin-social-management,RED_Ultimate_V1-main/RED_Ultimate/red-app/src/main/java/com/red/sovereign/media/VoiceNotePlayer.kt,"crlf,bom",False,True,False,True,True
feat/red-engineering-roadmap-20260820,RED_Ultimate_V1-main/RED_Ultimate/red-app/src/main/java/com/red/sovereign/media/VoiceNotePlayer.kt,"crlf,bom",False,True,False,True,True
feature/uc2000-ve-sms-browser-audit,RED_Ultimate_V1-main/RED_Ultimate/red-app/src/main/java/com/red/sovereign/media/VoiceNotePlayer.kt,"crlf,bom",False,True,False,True,True
fix/restore-websocket-registrations,RED_Ultimate_V1-main/RED_Ultimate/red-app/src/main/java/com/red/sovereign/media/VoiceNotePlayer.kt,"crlf,bom",False,True,False,True,True
revert-37-arena/019ffd78-pro-v1,RED_Ultimate_V1-main/RED_Ultimate/red-app/src/main/java/com/red/sovereign/media/VoiceNotePlayer.kt,"crlf,bom",False,True,False,True,True
arena/019fe8fa-pro-v1,RED_Ultimate_V1-main/RED_Ultimate/red-app/src/main/java/com/red/sovereign/media/voice/VoiceColors.kt,trailing_ws,False,False,False,True,True
arena/019fe9e3-pro-v1,RED_Ultimate_V1-main/RED_Ultimate/red-app/src/main/java/com/red/sovereign/media/voice/VoiceColors.kt,trailing_ws,False,False,False,True,True
arena/019ff019-pro-v1,RED_Ultimate_V1-main/RED_Ultimate/red-app/src/main/java/com/red/sovereign/media/voice/VoiceColors.kt,trailing_ws,False,False,False,True,True
arena/019ff06b-pro-v1,RED_Ultimate_V1-main/RED_Ultimate/red-app/src/main/java/com/red/sovereign/media/voice/VoiceColors.kt,trailing_ws,False,False,False,True,True
arena/019ff085-pro-v1,RED_Ultimate_V1-main/RED_Ultimate/red-app/src/main/java/com/red/sovereign/media/voice/VoiceColors.kt,trailing_ws,False,False,False,True,True
arena/019ff0c7-pro-v1,RED_Ultimate_V1-main/RED_Ultimate/red-app/src/main/java/com/red/sovereign/media/voice/VoiceColors.kt,trailing_ws,False,False,False,True,True
arena/019ff146-pro-v1,RED_Ultimate_V1-main/RED_Ultimate/red-app/src/main/java/com/red/sovereign/media/voice/VoiceColors.kt,trailing_ws,False,False,False,True,True
arena/019ff178-pro-v1,RED_Ultimate_V1-main/RED_Ultimate/red-app/src/main/java/com/red/sovereign/media/voice/VoiceColors.kt,trailing_ws,False,False,False,True,True
arena/019ff1f9-pro-v1,RED_Ultimate_V1-main/RED_Ultimate/red-app/src/main/java/com/red/sovereign/media/voice/VoiceColors.kt,trailing_ws,False,False,False,True,True
arena/019ff215-pro-v1,RED_Ultimate_V1-main/RED_Ultimate/red-app/src/main/java/com/red/sovereign/media/voice/VoiceColors.kt,trailing_ws,False,False,False,True,True
arena/019ff237-pro-v1,RED_Ultimate_V1-main/RED_Ultimate/red-app/src/main/java/com/red/sovereign/media/voice/VoiceColors.kt,trailing_ws,False,False,False,True,True
arena/019ff422-pro-v1,RED_Ultimate_V1-main/RED_Ultimate/red-app/src/main/java/com/red/sovereign/media/voice/VoiceColors.kt,trailing_ws,False,False,False,True,True
arena/019ff82d-pro-v1,RED_Ultimate_V1-main/RED_Ultimate/red-app/src/main/java/com/red/sovereign/media/voice/VoiceColors.kt,trailing_ws,False,False,False,True,True
arena/019ff859-pro-v1,RED_Ultimate_V1-main/RED_Ultimate/red-app/src/main/java/com/red/sovereign/media/voice/VoiceColors.kt,trailing_ws,False,False,False,True,True
arena/019ff8b4-pro-v1,RED_Ultimate_V1-main/RED_Ultimate/red-app/src/main/java/com/red/sovereign/media/voice/VoiceColors.kt,trailing_ws,False,False,False,True,True
arena/019ff8c7-pro-v1,RED_Ultimate_V1-main/RED_Ultimate/red-app/src/main/java/com/red/sovereign/media/voice/VoiceColors.kt,trailing_ws,False,False,False,True,True
arena/019ff8f2-pro-v1,RED_Ultimate_V1-main/RED_Ultimate/red-app/src/main/java/com/red/sovereign/media/voice/VoiceColors.kt,trailing_ws,False,False,False,True,True
arena/019ffce9-pro-v1,RED_Ultimate_V1-main/RED_Ultimate/red-app/src/main/java/com/red/sovereign/media/voice/VoiceColors.kt,trailing_ws,False,False,False,True,True
arena/019ffd78-pro-v1,RED_Ultimate_V1-main/RED_Ultimate/red-app/src/main/java/com/red/sovereign/media/voice/VoiceColors.kt,trailing_ws,False,False,False,True,True
arena/019ffe92-pro-v1,RED_Ultimate_V1-main/RED_Ultimate/red-app/src/main/java/com/red/sovereign/media/voice/VoiceColors.kt,trailing_ws,False,False,False,True,True
arena/019ffece-pro-v1,RED_Ultimate_V1-main/RED_Ultimate/red-app/src/main/java/com/red/sovereign/media/voice/VoiceColors.kt,trailing_ws,False,False,False,True,True
arena/019fffd5-pro-v1,RED_Ultimate_V1-main/RED_Ultimate/red-app/src/main/java/com/red/sovereign/media/voice/VoiceColors.kt,trailing_ws,False,False,False,True,True
arena/01a0064f-pro-v1,RED_Ultimate_V1-main/RED_Ultimate/red-app/src/main/java/com/red/sovereign/media/voice/VoiceColors.kt,trailing_ws,False,False,False,True,True
arena/01a00f9e-pro-v1,RED_Ultimate_V1-main/RED_Ultimate/red-app/src/main/java/com/red/sovereign/media/voice/VoiceColors.kt,trailing_ws,False,False,False,True,True
chore/platform-rebuild-baseline,RED_Ultimate_V1-main/RED_Ultimate/red-app/src/main/java/com/red/sovereign/media/voice/VoiceColors.kt,trailing_ws,False,False,False,True,True
feat/admin-social-management,RED_Ultimate_V1-main/RED_Ultimate/red-app/src/main/java/com/red/sovereign/media/voice/VoiceColors.kt,trailing_ws,False,False,False,True,True
feat/red-engineering-roadmap-20260820,RED_Ultimate_V1-main/RED_Ultimate/red-app/src/main/java/com/red/sovereign/media/voice/VoiceColors.kt,trailing_ws,False,False,False,True,True
feature/uc2000-ve-sms-browser-audit,RED_Ultimate_V1-main/RED_Ultimate/red-app/src/main/java/com/red/sovereign/media/voice/VoiceColors.kt,trailing_ws,False,False,False,True,True
fix/restore-websocket-registrations,RED_Ultimate_V1-main/RED_Ultimate/red-app/src/main/java/com/red/sovereign/media/voice/VoiceColors.kt,trailing_ws,False,False,False,True,True
revert-37-arena/019ffd78-pro-v1,RED_Ultimate_V1-main/RED_Ultimate/red-app/src/main/java/com/red/sovereign/media/voice/VoiceColors.kt,trailing_ws,False,False,False,True,True
arena/019fe8fa-pro-v1,RED_Ultimate_V1-main/RED_Ultimate/red-app/src/main/java/com/red/sovereign/stories/StoryModels.kt,trailing_ws,False,False,False,True,True
arena/019fe9e3-pro-v1,RED_Ultimate_V1-main/RED_Ultimate/red-app/src/main/java/com/red/sovereign/stories/StoryModels.kt,trailing_ws,False,False,False,True,True
arena/019ff019-pro-v1,RED_Ultimate_V1-main/RED_Ultimate/red-app/src/main/java/com/red/sovereign/stories/StoryModels.kt,trailing_ws,False,False,False,True,True
arena/019ff06b-pro-v1,RED_Ultimate_V1-main/RED_Ultimate/red-app/src/main/java/com/red/sovereign/stories/StoryModels.kt,trailing_ws,False,False,False,True,True
arena/019ff085-pro-v1,RED_Ultimate_V1-main/RED_Ultimate/red-app/src/main/java/com/red/sovereign/stories/StoryModels.kt,trailing_ws,False,False,False,True,True
arena/019ff0c7-pro-v1,RED_Ultimate_V1-main/RED_Ultimate/red-app/src/main/java/com/red/sovereign/stories/StoryModels.kt,trailing_ws,False,False,False,True,True
arena/019ff146-pro-v1,RED_Ultimate_V1-main/RED_Ultimate/red-app/src/main/java/com/red/sovereign/stories/StoryModels.kt,trailing_ws,False,False,False,True,True
arena/019ff178-pro-v1,RED_Ultimate_V1-main/RED_Ultimate/red-app/src/main/java/com/red/sovereign/stories/StoryModels.kt,trailing_ws,False,False,False,True,True
arena/019ff1f9-pro-v1,RED_Ultimate_V1-main/RED_Ultimate/red-app/src/main/java/com/red/sovereign/stories/StoryModels.kt,trailing_ws,False,False,False,True,True
arena/019ff215-pro-v1,RED_Ultimate_V1-main/RED_Ultimate/red-app/src/main/java/com/red/sovereign/stories/StoryModels.kt,trailing_ws,False,False,False,True,True
arena/019ff237-pro-v1,RED_Ultimate_V1-main/RED_Ultimate/red-app/src/main/java/com/red/sovereign/stories/StoryModels.kt,trailing_ws,False,False,False,True,True
arena/019ff422-pro-v1,RED_Ultimate_V1-main/RED_Ultimate/red-app/src/main/java/com/red/sovereign/stories/StoryModels.kt,trailing_ws,False,False,False,True,True
arena/019ff82d-pro-v1,RED_Ultimate_V1-main/RED_Ultimate/red-app/src/main/java/com/red/sovereign/stories/StoryModels.kt,trailing_ws,False,False,False,True,True
arena/019ff859-pro-v1,RED_Ultimate_V1-main/RED_Ultimate/red-app/src/main/java/com/red/sovereign/stories/StoryModels.kt,trailing_ws,False,False,False,True,True
arena/019ff8b4-pro-v1,RED_Ultimate_V1-main/RED_Ultimate/red-app/src/main/java/com/red/sovereign/stories/StoryModels.kt,trailing_ws,False,False,False,True,True
arena/019ff8c7-pro-v1,RED_Ultimate_V1-main/RED_Ultimate/red-app/src/main/java/com/red/sovereign/stories/StoryModels.kt,trailing_ws,False,False,False,True,True
arena/019ff8f2-pro-v1,RED_Ultimate_V1-main/RED_Ultimate/red-app/src/main/java/com/red/sovereign/stories/StoryModels.kt,trailing_ws,False,False,False,True,True
arena/019ffce9-pro-v1,RED_Ultimate_V1-main/RED_Ultimate/red-app/src/main/java/com/red/sovereign/stories/StoryModels.kt,trailing_ws,False,False,False,True,True
arena/019ffd78-pro-v1,RED_Ultimate_V1-main/RED_Ultimate/red-app/src/main/java/com/red/sovereign/stories/StoryModels.kt,trailing_ws,False,False,False,True,True
arena/019ffe92-pro-v1,RED_Ultimate_V1-main/RED_Ultimate/red-app/src/main/java/com/red/sovereign/stories/StoryModels.kt,trailing_ws,False,False,False,True,True
arena/019ffece-pro-v1,RED_Ultimate_V1-main/RED_Ultimate/red-app/src/main/java/com/red/sovereign/stories/StoryModels.kt,trailing_ws,False,False,False,True,True
arena/019fffd5-pro-v1,RED_Ultimate_V1-main/RED_Ultimate/red-app/src/main/java/com/red/sovereign/stories/StoryModels.kt,trailing_ws,False,False,False,True,True
arena/01a0064f-pro-v1,RED_Ultimate_V1-main/RED_Ultimate/red-app/src/main/java/com/red/sovereign/stories/StoryModels.kt,trailing_ws,False,False,False,True,True
feat/admin-social-management,RED_Ultimate_V1-main/RED_Ultimate/red-app/src/main/java/com/red/sovereign/stories/StoryModels.kt,trailing_ws,False,False,False,True,True
feature/uc2000-ve-sms-browser-audit,RED_Ultimate_V1-main/RED_Ultimate/red-app/src/main/java/com/red/sovereign/stories/StoryModels.kt,trailing_ws,False,False,False,True,True
fix/restore-websocket-registrations,RED_Ultimate_V1-main/RED_Ultimate/red-app/src/main/java/com/red/sovereign/stories/StoryModels.kt,trailing_ws,False,False,False,True,True
revert-37-arena/019ffd78-pro-v1,RED_Ultimate_V1-main/RED_Ultimate/red-app/src/main/java/com/red/sovereign/stories/StoryModels.kt,trailing_ws,False,False,False,True,True
arena/019fe8fa-pro-v1,RED_Ultimate_V1-main/RED_Ultimate/red-app/src/main/java/com/red/sovereign/stories/StoryViewModel.kt,trailing_ws,False,False,False,True,True
arena/019fe9e3-pro-v1,RED_Ultimate_V1-main/RED_Ultimate/red-app/src/main/java/com/red/sovereign/stories/StoryViewModel.kt,trailing_ws,False,False,False,True,True
arena/019ff019-pro-v1,RED_Ultimate_V1-main/RED_Ultimate/red-app/src/main/java/com/red/sovereign/stories/StoryViewModel.kt,trailing_ws,False,False,False,True,True
arena/019ff06b-pro-v1,RED_Ultimate_V1-main/RED_Ultimate/red-app/src/main/java/com/red/sovereign/stories/StoryViewModel.kt,trailing_ws,False,False,False,True,True
arena/019ff085-pro-v1,RED_Ultimate_V1-main/RED_Ultimate/red-app/src/main/java/com/red/sovereign/stories/StoryViewModel.kt,trailing_ws,False,False,False,True,True
arena/019ff0c7-pro-v1,RED_Ultimate_V1-main/RED_Ultimate/red-app/src/main/java/com/red/sovereign/stories/StoryViewModel.kt,trailing_ws,False,False,False,True,True
arena/019ff146-pro-v1,RED_Ultimate_V1-main/RED_Ultimate/red-app/src/main/java/com/red/sovereign/stories/StoryViewModel.kt,trailing_ws,False,False,False,True,True
arena/019ff178-pro-v1,RED_Ultimate_V1-main/RED_Ultimate/red-app/src/main/java/com/red/sovereign/stories/StoryViewModel.kt,trailing_ws,False,False,False,True,True
arena/019ff1f9-pro-v1,RED_Ultimate_V1-main/RED_Ultimate/red-app/src/main/java/com/red/sovereign/stories/StoryViewModel.kt,trailing_ws,False,False,False,True,True
arena/019ff215-pro-v1,RED_Ultimate_V1-main/RED_Ultimate/red-app/src/main/java/com/red/sovereign/stories/StoryViewModel.kt,trailing_ws,False,False,False,True,True
arena/019ff237-pro-v1,RED_Ultimate_V1-main/RED_Ultimate/red-app/src/main/java/com/red/sovereign/stories/StoryViewModel.kt,trailing_ws,False,False,False,True,True
arena/019ff422-pro-v1,RED_Ultimate_V1-main/RED_Ultimate/red-app/src/main/java/com/red/sovereign/stories/StoryViewModel.kt,trailing_ws,False,False,False,True,True
arena/019ff82d-pro-v1,RED_Ultimate_V1-main/RED_Ultimate/red-app/src/main/java/com/red/sovereign/stories/StoryViewModel.kt,trailing_ws,False,False,False,True,True
arena/019ff859-pro-v1,RED_Ultimate_V1-main/RED_Ultimate/red-app/src/main/java/com/red/sovereign/stories/StoryViewModel.kt,trailing_ws,False,False,False,True,True
arena/019ff8b4-pro-v1,RED_Ultimate_V1-main/RED_Ultimate/red-app/src/main/java/com/red/sovereign/stories/StoryViewModel.kt,trailing_ws,False,False,False,True,True
arena/019ff8c7-pro-v1,RED_Ultimate_V1-main/RED_Ultimate/red-app/src/main/java/com/red/sovereign/stories/StoryViewModel.kt,trailing_ws,False,False,False,True,True
arena/019ff8f2-pro-v1,RED_Ultimate_V1-main/RED_Ultimate/red-app/src/main/java/com/red/sovereign/stories/StoryViewModel.kt,trailing_ws,False,False,False,True,True
arena/019ffce9-pro-v1,RED_Ultimate_V1-main/RED_Ultimate/red-app/src/main/java/com/red/sovereign/stories/StoryViewModel.kt,trailing_ws,False,False,False,True,True
arena/019ffd78-pro-v1,RED_Ultimate_V1-main/RED_Ultimate/red-app/src/main/java/com/red/sovereign/stories/StoryViewModel.kt,trailing_ws,False,False,False,True,True
arena/019ffe92-pro-v1,RED_Ultimate_V1-main/RED_Ultimate/red-app/src/main/java/com/red/sovereign/stories/StoryViewModel.kt,trailing_ws,False,False,False,True,True
arena/019ffece-pro-v1,RED_Ultimate_V1-main/RED_Ultimate/red-app/src/main/java/com/red/sovereign/stories/StoryViewModel.kt,trailing_ws,False,False,False,True,True
arena/019fffd5-pro-v1,RED_Ultimate_V1-main/RED_Ultimate/red-app/src/main/java/com/red/sovereign/stories/StoryViewModel.kt,trailing_ws,False,False,False,True,True
arena/01a0064f-pro-v1,RED_Ultimate_V1-main/RED_Ultimate/red-app/src/main/java/com/red/sovereign/stories/StoryViewModel.kt,trailing_ws,False,False,False,True,True
arena/01a00f9e-pro-v1,RED_Ultimate_V1-main/RED_Ultimate/red-app/src/main/java/com/red/sovereign/stories/StoryViewModel.kt,trailing_ws,False,False,False,True,True
chore/platform-rebuild-baseline,RED_Ultimate_V1-main/RED_Ultimate/red-app/src/main/java/com/red/sovereign/stories/StoryViewModel.kt,trailing_ws,False,False,False,True,True
feat/admin-social-management,RED_Ultimate_V1-main/RED_Ultimate/red-app/src/main/java/com/red/sovereign/stories/StoryViewModel.kt,trailing_ws,False,False,False,True,True
feat/red-engineering-roadmap-20260820,RED_Ultimate_V1-main/RED_Ultimate/red-app/src/main/java/com/red/sovereign/stories/StoryViewModel.kt,trailing_ws,False,False,False,True,True
feature/uc2000-ve-sms-browser-audit,RED_Ultimate_V1-main/RED_Ultimate/red-app/src/main/java/com/red/sovereign/stories/StoryViewModel.kt,trailing_ws,False,False,False,True,True
fix/restore-websocket-registrations,RED_Ultimate_V1-main/RED_Ultimate/red-app/src/main/java/com/red/sovereign/stories/StoryViewModel.kt,trailing_ws,False,False,False,True,True
revert-37-arena/019ffd78-pro-v1,RED_Ultimate_V1-main/RED_Ultimate/red-app/src/main/java/com/red/sovereign/stories/StoryViewModel.kt,trailing_ws,False,False,False,True,True
arena/019fe8fa-pro-v1,RED_Ultimate_V1-main/RED_Ultimate/red-app/src/main/java/com/red/sovereign/ui/ARRANGEMENT_GUIDE.md,final_nl,False,False,False,False,True
arena/019fe9e3-pro-v1,RED_Ultimate_V1-main/RED_Ultimate/red-app/src/main/java/com/red/sovereign/ui/ARRANGEMENT_GUIDE.md,final_nl,False,False,False,False,True
arena/019ff019-pro-v1,RED_Ultimate_V1-main/RED_Ultimate/red-app/src/main/java/com/red/sovereign/ui/ARRANGEMENT_GUIDE.md,final_nl,False,False,False,False,True
arena/019ff06b-pro-v1,RED_Ultimate_V1-main/RED_Ultimate/red-app/src/main/java/com/red/sovereign/ui/ARRANGEMENT_GUIDE.md,final_nl,False,False,False,False,True
arena/019ff085-pro-v1,RED_Ultimate_V1-main/RED_Ultimate/red-app/src/main/java/com/red/sovereign/ui/ARRANGEMENT_GUIDE.md,final_nl,False,False,False,False,True
arena/019ff0c7-pro-v1,RED_Ultimate_V1-main/RED_Ultimate/red-app/src/main/java/com/red/sovereign/ui/ARRANGEMENT_GUIDE.md,final_nl,False,False,False,False,True
arena/019ff146-pro-v1,RED_Ultimate_V1-main/RED_Ultimate/red-app/src/main/java/com/red/sovereign/ui/ARRANGEMENT_GUIDE.md,final_nl,False,False,False,False,True
arena/019ff178-pro-v1,RED_Ultimate_V1-main/RED_Ultimate/red-app/src/main/java/com/red/sovereign/ui/ARRANGEMENT_GUIDE.md,final_nl,False,False,False,False,True
arena/019ff1f9-pro-v1,RED_Ultimate_V1-main/RED_Ultimate/red-app/src/main/java/com/red/sovereign/ui/ARRANGEMENT_GUIDE.md,final_nl,False,False,False,False,True
arena/019ff215-pro-v1,RED_Ultimate_V1-main/RED_Ultimate/red-app/src/main/java/com/red/sovereign/ui/ARRANGEMENT_GUIDE.md,final_nl,False,False,False,False,True
arena/019ff237-pro-v1,RED_Ultimate_V1-main/RED_Ultimate/red-app/src/main/java/com/red/sovereign/ui/ARRANGEMENT_GUIDE.md,final_nl,False,False,False,False,True
arena/019ff422-pro-v1,RED_Ultimate_V1-main/RED_Ultimate/red-app/src/main/java/com/red/sovereign/ui/ARRANGEMENT_GUIDE.md,final_nl,False,False,False,False,True
arena/019ff82d-pro-v1,RED_Ultimate_V1-main/RED_Ultimate/red-app/src/main/java/com/red/sovereign/ui/ARRANGEMENT_GUIDE.md,final_nl,False,False,False,False,True
arena/019ff859-pro-v1,RED_Ultimate_V1-main/RED_Ultimate/red-app/src/main/java/com/red/sovereign/ui/ARRANGEMENT_GUIDE.md,final_nl,False,False,False,False,True
arena/019ff8b4-pro-v1,RED_Ultimate_V1-main/RED_Ultimate/red-app/src/main/java/com/red/sovereign/ui/ARRANGEMENT_GUIDE.md,final_nl,False,False,False,False,True
arena/019ff8c7-pro-v1,RED_Ultimate_V1-main/RED_Ultimate/red-app/src/main/java/com/red/sovereign/ui/ARRANGEMENT_GUIDE.md,final_nl,False,False,False,False,True
arena/019ff8f2-pro-v1,RED_Ultimate_V1-main/RED_Ultimate/red-app/src/main/java/com/red/sovereign/ui/ARRANGEMENT_GUIDE.md,final_nl,False,False,False,False,True
arena/019ffce9-pro-v1,RED_Ultimate_V1-main/RED_Ultimate/red-app/src/main/java/com/red/sovereign/ui/ARRANGEMENT_GUIDE.md,final_nl,False,False,False,False,True
arena/019ffd78-pro-v1,RED_Ultimate_V1-main/RED_Ultimate/red-app/src/main/java/com/red/sovereign/ui/ARRANGEMENT_GUIDE.md,final_nl,False,False,False,False,True
arena/019ffe92-pro-v1,RED_Ultimate_V1-main/RED_Ultimate/red-app/src/main/java/com/red/sovereign/ui/ARRANGEMENT_GUIDE.md,final_nl,False,False,False,False,True
arena/019ffece-pro-v1,RED_Ultimate_V1-main/RED_Ultimate/red-app/src/main/java/com/red/sovereign/ui/ARRANGEMENT_GUIDE.md,final_nl,False,False,False,False,True
arena/019fffd5-pro-v1,RED_Ultimate_V1-main/RED_Ultimate/red-app/src/main/java/com/red/sovereign/ui/ARRANGEMENT_GUIDE.md,final_nl,False,False,False,False,True
arena/01a0064f-pro-v1,RED_Ultimate_V1-main/RED_Ultimate/red-app/src/main/java/com/red/sovereign/ui/ARRANGEMENT_GUIDE.md,final_nl,False,False,False,False,True
arena/01a00f9e-pro-v1,RED_Ultimate_V1-main/RED_Ultimate/red-app/src/main/java/com/red/sovereign/ui/ARRANGEMENT_GUIDE.md,final_nl,False,False,False,False,True
chore/platform-rebuild-baseline,RED_Ultimate_V1-main/RED_Ultimate/red-app/src/main/java/com/red/sovereign/ui/ARRANGEMENT_GUIDE.md,final_nl,False,False,False,False,True
feat/admin-social-management,RED_Ultimate_V1-main/RED_Ultimate/red-app/src/main/java/com/red/sovereign/ui/ARRANGEMENT_GUIDE.md,final_nl,False,False,False,False,True
feat/red-engineering-roadmap-20260820,RED_Ultimate_V1-main/RED_Ultimate/red-app/src/main/java/com/red/sovereign/ui/ARRANGEMENT_GUIDE.md,final_nl,False,False,False,False,True
feature/uc2000-ve-sms-browser-audit,RED_Ultimate_V1-main/RED_Ultimate/red-app/src/main/java/com/red/sovereign/ui/ARRANGEMENT_GUIDE.md,final_nl,False,False,False,False,True
fix/restore-websocket-registrations,RED_Ultimate_V1-main/RED_Ultimate/red-app/src/main/java/com/red/sovereign/ui/ARRANGEMENT_GUIDE.md,final_nl,False,False,False,False,True
revert-37-arena/019ffd78-pro-v1,RED_Ultimate_V1-main/RED_Ultimate/red-app/src/main/java/com/red/sovereign/ui/ARRANGEMENT_GUIDE.md,final_nl,False,False,False,False,True
arena/019fe8fa-pro-v1,RED_Ultimate_V1-main/RED_Ultimate/red-app/src/main/java/com/red/sovereign/ui/AuthScreens.kt,trailing_ws,False,False,False,True,True
arena/019fe9e3-pro-v1,RED_Ultimate_V1-main/RED_Ultimate/red-app/src/main/java/com/red/sovereign/ui/AuthScreens.kt,trailing_ws,False,False,False,True,True
arena/019ff82d-pro-v1,RED_Ultimate_V1-main/RED_Ultimate/red-app/src/main/java/com/red/sovereign/ui/CallsHubActions.kt,trailing_ws,False,False,False,True,True
arena/019ff8b4-pro-v1,RED_Ultimate_V1-main/RED_Ultimate/red-app/src/main/java/com/red/sovereign/ui/CallsHubActions.kt,trailing_ws,False,False,False,True,True
arena/019ff8c7-pro-v1,RED_Ultimate_V1-main/RED_Ultimate/red-app/src/main/java/com/red/sovereign/ui/CallsHubActions.kt,trailing_ws,False,False,False,True,True
arena/019ff8f2-pro-v1,RED_Ultimate_V1-main/RED_Ultimate/red-app/src/main/java/com/red/sovereign/ui/CallsHubActions.kt,trailing_ws,False,False,False,True,True
arena/019ffce9-pro-v1,RED_Ultimate_V1-main/RED_Ultimate/red-app/src/main/java/com/red/sovereign/ui/CallsHubActions.kt,trailing_ws,False,False,False,True,True
arena/019ffd78-pro-v1,RED_Ultimate_V1-main/RED_Ultimate/red-app/src/main/java/com/red/sovereign/ui/CallsHubActions.kt,trailing_ws,False,False,False,True,True
arena/019ffe92-pro-v1,RED_Ultimate_V1-main/RED_Ultimate/red-app/src/main/java/com/red/sovereign/ui/CallsHubActions.kt,trailing_ws,False,False,False,True,True
arena/019ffece-pro-v1,RED_Ultimate_V1-main/RED_Ultimate/red-app/src/main/java/com/red/sovereign/ui/CallsHubActions.kt,trailing_ws,False,False,False,True,True
arena/019fffd5-pro-v1,RED_Ultimate_V1-main/RED_Ultimate/red-app/src/main/java/com/red/sovereign/ui/CallsHubActions.kt,trailing_ws,False,False,False,True,True
arena/01a0064f-pro-v1,RED_Ultimate_V1-main/RED_Ultimate/red-app/src/main/java/com/red/sovereign/ui/CallsHubActions.kt,trailing_ws,False,False,False,True,True
arena/01a00f9e-pro-v1,RED_Ultimate_V1-main/RED_Ultimate/red-app/src/main/java/com/red/sovereign/ui/CallsHubActions.kt,trailing_ws,False,False,False,True,True
chore/platform-rebuild-baseline,RED_Ultimate_V1-main/RED_Ultimate/red-app/src/main/java/com/red/sovereign/ui/CallsHubActions.kt,trailing_ws,False,False,False,True,True
feat/admin-social-management,RED_Ultimate_V1-main/RED_Ultimate/red-app/src/main/java/com/red/sovereign/ui/CallsHubActions.kt,trailing_ws,False,False,False,True,True
feat/red-engineering-roadmap-20260820,RED_Ultimate_V1-main/RED_Ultimate/red-app/src/main/java/com/red/sovereign/ui/CallsHubActions.kt,trailing_ws,False,False,False,True,True
feature/uc2000-ve-sms-browser-audit,RED_Ultimate_V1-main/RED_Ultimate/red-app/src/main/java/com/red/sovereign/ui/CallsHubActions.kt,trailing_ws,False,False,False,True,True
fix/restore-websocket-registrations,RED_Ultimate_V1-main/RED_Ultimate/red-app/src/main/java/com/red/sovereign/ui/CallsHubActions.kt,trailing_ws,False,False,False,True,True
revert-37-arena/019ffd78-pro-v1,RED_Ultimate_V1-main/RED_Ultimate/red-app/src/main/java/com/red/sovereign/ui/CallsHubActions.kt,trailing_ws,False,False,False,True,True
arena/01a00f9e-pro-v1,RED_Ultimate_V1-main/RED_Ultimate/red-app/src/main/java/com/red/sovereign/ui/CallsScreens.kt,"crlf,trailing_ws",False,True,False,True,True
feat/red-engineering-roadmap-20260820,RED_Ultimate_V1-main/RED_Ultimate/red-app/src/main/java/com/red/sovereign/ui/CallsScreens.kt,"crlf,trailing_ws",False,True,False,True,True
arena/01a00f9e-pro-v1,RED_Ultimate_V1-main/RED_Ultimate/red-app/src/main/java/com/red/sovereign/ui/FeedScreens.kt,crlf,False,True,False,True,True
feat/red-engineering-roadmap-20260820,RED_Ultimate_V1-main/RED_Ultimate/red-app/src/main/java/com/red/sovereign/ui/FeedScreens.kt,crlf,False,True,False,True,True
arena/01a00f9e-pro-v1,RED_Ultimate_V1-main/RED_Ultimate/red-app/src/main/java/com/red/sovereign/ui/MessageContent.kt,crlf,False,True,False,True,True
feat/red-engineering-roadmap-20260820,RED_Ultimate_V1-main/RED_Ultimate/red-app/src/main/java/com/red/sovereign/ui/MessageContent.kt,crlf,False,True,False,True,True
arena/019fe8fa-pro-v1,RED_Ultimate_V1-main/RED_Ultimate/red-app/src/main/java/com/red/sovereign/ui/RedDashboard.kt,"crlf,bom,final_nl,trailing_ws",False,True,False,False,True
arena/019fe9e3-pro-v1,RED_Ultimate_V1-main/RED_Ultimate/red-app/src/main/java/com/red/sovereign/ui/RedDashboard.kt,"crlf,bom,final_nl,trailing_ws",False,True,False,False,True
arena/019ff019-pro-v1,RED_Ultimate_V1-main/RED_Ultimate/red-app/src/main/java/com/red/sovereign/ui/RedDashboard.kt,"crlf,bom,final_nl,trailing_ws",False,True,False,False,True
arena/019ff06b-pro-v1,RED_Ultimate_V1-main/RED_Ultimate/red-app/src/main/java/com/red/sovereign/ui/RedDashboard.kt,"crlf,bom,final_nl,trailing_ws",False,True,False,False,True
arena/019ff085-pro-v1,RED_Ultimate_V1-main/RED_Ultimate/red-app/src/main/java/com/red/sovereign/ui/RedDashboard.kt,"crlf,bom,final_nl,trailing_ws",False,True,False,False,True
arena/019ff0c7-pro-v1,RED_Ultimate_V1-main/RED_Ultimate/red-app/src/main/java/com/red/sovereign/ui/RedDashboard.kt,"crlf,bom,final_nl,trailing_ws",False,True,False,False,True
arena/019ff146-pro-v1,RED_Ultimate_V1-main/RED_Ultimate/red-app/src/main/java/com/red/sovereign/ui/RedDashboard.kt,"crlf,bom,final_nl,trailing_ws",False,True,False,False,True
arena/019ff178-pro-v1,RED_Ultimate_V1-main/RED_Ultimate/red-app/src/main/java/com/red/sovereign/ui/RedDashboard.kt,"crlf,bom,final_nl,trailing_ws",False,True,False,False,True
arena/019ff1f9-pro-v1,RED_Ultimate_V1-main/RED_Ultimate/red-app/src/main/java/com/red/sovereign/ui/RedDashboard.kt,"crlf,bom,final_nl,trailing_ws",False,True,False,False,True
arena/019ff215-pro-v1,RED_Ultimate_V1-main/RED_Ultimate/red-app/src/main/java/com/red/sovereign/ui/RedDashboard.kt,"crlf,bom,final_nl,trailing_ws",False,True,False,False,True
arena/019ff237-pro-v1,RED_Ultimate_V1-main/RED_Ultimate/red-app/src/main/java/com/red/sovereign/ui/RedDashboard.kt,"crlf,bom,final_nl,trailing_ws",False,True,False,False,True
arena/019ff422-pro-v1,RED_Ultimate_V1-main/RED_Ultimate/red-app/src/main/java/com/red/sovereign/ui/RedDashboard.kt,"crlf,bom,final_nl,trailing_ws",False,True,False,False,True
arena/019ff82d-pro-v1,RED_Ultimate_V1-main/RED_Ultimate/red-app/src/main/java/com/red/sovereign/ui/RedDashboard.kt,"crlf,bom,final_nl,trailing_ws",False,True,False,False,True
arena/019ff859-pro-v1,RED_Ultimate_V1-main/RED_Ultimate/red-app/src/main/java/com/red/sovereign/ui/RedDashboard.kt,"crlf,bom,final_nl,trailing_ws",False,True,False,False,True
arena/019ff8b4-pro-v1,RED_Ultimate_V1-main/RED_Ultimate/red-app/src/main/java/com/red/sovereign/ui/RedDashboard.kt,"crlf,bom,final_nl,trailing_ws",False,True,False,False,True
arena/019ff8c7-pro-v1,RED_Ultimate_V1-main/RED_Ultimate/red-app/src/main/java/com/red/sovereign/ui/RedDashboard.kt,"crlf,bom,final_nl,trailing_ws",False,True,False,False,True
arena/019ff8f2-pro-v1,RED_Ultimate_V1-main/RED_Ultimate/red-app/src/main/java/com/red/sovereign/ui/RedDashboard.kt,"crlf,bom,final_nl,trailing_ws",False,True,False,False,True
arena/019ffce9-pro-v1,RED_Ultimate_V1-main/RED_Ultimate/red-app/src/main/java/com/red/sovereign/ui/RedDashboard.kt,"crlf,bom,final_nl,trailing_ws",False,True,False,False,True
arena/019ffd78-pro-v1,RED_Ultimate_V1-main/RED_Ultimate/red-app/src/main/java/com/red/sovereign/ui/RedDashboard.kt,"crlf,bom,final_nl,trailing_ws",False,True,False,False,True
arena/019ffe92-pro-v1,RED_Ultimate_V1-main/RED_Ultimate/red-app/src/main/java/com/red/sovereign/ui/RedDashboard.kt,"crlf,bom,final_nl,trailing_ws",False,True,False,False,True
arena/019ffece-pro-v1,RED_Ultimate_V1-main/RED_Ultimate/red-app/src/main/java/com/red/sovereign/ui/RedDashboard.kt,"crlf,bom,final_nl,trailing_ws",False,True,False,False,True
arena/019fffd5-pro-v1,RED_Ultimate_V1-main/RED_Ultimate/red-app/src/main/java/com/red/sovereign/ui/RedDashboard.kt,"crlf,bom,final_nl,trailing_ws",False,True,False,False,True
arena/01a0064f-pro-v1,RED_Ultimate_V1-main/RED_Ultimate/red-app/src/main/java/com/red/sovereign/ui/RedDashboard.kt,"crlf,bom,final_nl,trailing_ws",False,True,False,False,True
arena/01a00f9e-pro-v1,RED_Ultimate_V1-main/RED_Ultimate/red-app/src/main/java/com/red/sovereign/ui/RedDashboard.kt,"crlf,bom,final_nl,trailing_ws",False,True,False,False,True
chore/platform-rebuild-baseline,RED_Ultimate_V1-main/RED_Ultimate/red-app/src/main/java/com/red/sovereign/ui/RedDashboard.kt,"crlf,bom,final_nl,trailing_ws",False,True,False,False,True
feat/admin-social-management,RED_Ultimate_V1-main/RED_Ultimate/red-app/src/main/java/com/red/sovereign/ui/RedDashboard.kt,"crlf,bom,final_nl,trailing_ws",False,True,False,False,True
feat/red-engineering-roadmap-20260820,RED_Ultimate_V1-main/RED_Ultimate/red-app/src/main/java/com/red/sovereign/ui/RedDashboard.kt,"crlf,bom,final_nl,trailing_ws",False,True,False,False,True
feature/uc2000-ve-sms-browser-audit,RED_Ultimate_V1-main/RED_Ultimate/red-app/src/main/java/com/red/sovereign/ui/RedDashboard.kt,"crlf,bom,final_nl,trailing_ws",False,True,False,False,True
fix/restore-websocket-registrations,RED_Ultimate_V1-main/RED_Ultimate/red-app/src/main/java/com/red/sovereign/ui/RedDashboard.kt,"crlf,bom,final_nl,trailing_ws",False,True,False,False,True
revert-37-arena/019ffd78-pro-v1,RED_Ultimate_V1-main/RED_Ultimate/red-app/src/main/java/com/red/sovereign/ui/RedDashboard.kt,"crlf,bom,final_nl,trailing_ws",False,True,False,False,True
arena/019fe8fa-pro-v1,RED_Ultimate_V1-main/RED_Ultimate/red-app/src/main/java/com/red/sovereign/ui/screens/README_SPLIT.md,final_nl,False,False,False,False,True
arena/019fe9e3-pro-v1,RED_Ultimate_V1-main/RED_Ultimate/red-app/src/main/java/com/red/sovereign/ui/screens/README_SPLIT.md,final_nl,False,False,False,False,True
arena/019ff019-pro-v1,RED_Ultimate_V1-main/RED_Ultimate/red-app/src/main/java/com/red/sovereign/ui/screens/README_SPLIT.md,final_nl,False,False,False,False,True
arena/019ff06b-pro-v1,RED_Ultimate_V1-main/RED_Ultimate/red-app/src/main/java/com/red/sovereign/ui/screens/README_SPLIT.md,final_nl,False,False,False,False,True
arena/019ff085-pro-v1,RED_Ultimate_V1-main/RED_Ultimate/red-app/src/main/java/com/red/sovereign/ui/screens/README_SPLIT.md,final_nl,False,False,False,False,True
arena/019ff0c7-pro-v1,RED_Ultimate_V1-main/RED_Ultimate/red-app/src/main/java/com/red/sovereign/ui/screens/README_SPLIT.md,final_nl,False,False,False,False,True
arena/019ff146-pro-v1,RED_Ultimate_V1-main/RED_Ultimate/red-app/src/main/java/com/red/sovereign/ui/screens/README_SPLIT.md,final_nl,False,False,False,False,True
arena/019ff178-pro-v1,RED_Ultimate_V1-main/RED_Ultimate/red-app/src/main/java/com/red/sovereign/ui/screens/README_SPLIT.md,final_nl,False,False,False,False,True
arena/019ff1f9-pro-v1,RED_Ultimate_V1-main/RED_Ultimate/red-app/src/main/java/com/red/sovereign/ui/screens/README_SPLIT.md,final_nl,False,False,False,False,True
arena/019ff215-pro-v1,RED_Ultimate_V1-main/RED_Ultimate/red-app/src/main/java/com/red/sovereign/ui/screens/README_SPLIT.md,final_nl,False,False,False,False,True
arena/019ff237-pro-v1,RED_Ultimate_V1-main/RED_Ultimate/red-app/src/main/java/com/red/sovereign/ui/screens/README_SPLIT.md,final_nl,False,False,False,False,True
arena/019ff422-pro-v1,RED_Ultimate_V1-main/RED_Ultimate/red-app/src/main/java/com/red/sovereign/ui/screens/README_SPLIT.md,final_nl,False,False,False,False,True
arena/019ff82d-pro-v1,RED_Ultimate_V1-main/RED_Ultimate/red-app/src/main/java/com/red/sovereign/ui/screens/README_SPLIT.md,final_nl,False,False,False,False,True
arena/019ff859-pro-v1,RED_Ultimate_V1-main/RED_Ultimate/red-app/src/main/java/com/red/sovereign/ui/screens/README_SPLIT.md,final_nl,False,False,False,False,True
arena/019ff8b4-pro-v1,RED_Ultimate_V1-main/RED_Ultimate/red-app/src/main/java/com/red/sovereign/ui/screens/README_SPLIT.md,final_nl,False,False,False,False,True
arena/019ff8c7-pro-v1,RED_Ultimate_V1-main/RED_Ultimate/red-app/src/main/java/com/red/sovereign/ui/screens/README_SPLIT.md,final_nl,False,False,False,False,True
arena/019ff8f2-pro-v1,RED_Ultimate_V1-main/RED_Ultimate/red-app/src/main/java/com/red/sovereign/ui/screens/README_SPLIT.md,final_nl,False,False,False,False,True
arena/019ffce9-pro-v1,RED_Ultimate_V1-main/RED_Ultimate/red-app/src/main/java/com/red/sovereign/ui/screens/README_SPLIT.md,final_nl,False,False,False,False,True
arena/019ffd78-pro-v1,RED_Ultimate_V1-main/RED_Ultimate/red-app/src/main/java/com/red/sovereign/ui/screens/README_SPLIT.md,final_nl,False,False,False,False,True
arena/019ffe92-pro-v1,RED_Ultimate_V1-main/RED_Ultimate/red-app/src/main/java/com/red/sovereign/ui/screens/README_SPLIT.md,final_nl,False,False,False,False,True
arena/019ffece-pro-v1,RED_Ultimate_V1-main/RED_Ultimate/red-app/src/main/java/com/red/sovereign/ui/screens/README_SPLIT.md,final_nl,False,False,False,False,True
arena/019fffd5-pro-v1,RED_Ultimate_V1-main/RED_Ultimate/red-app/src/main/java/com/red/sovereign/ui/screens/README_SPLIT.md,final_nl,False,False,False,False,True
arena/01a0064f-pro-v1,RED_Ultimate_V1-main/RED_Ultimate/red-app/src/main/java/com/red/sovereign/ui/screens/README_SPLIT.md,final_nl,False,False,False,False,True
chore/platform-rebuild-baseline,RED_Ultimate_V1-main/RED_Ultimate/red-app/src/main/java/com/red/sovereign/ui/screens/README_SPLIT.md,final_nl,False,False,False,False,True
feat/admin-social-management,RED_Ultimate_V1-main/RED_Ultimate/red-app/src/main/java/com/red/sovereign/ui/screens/README_SPLIT.md,final_nl,False,False,False,False,True
feature/uc2000-ve-sms-browser-audit,RED_Ultimate_V1-main/RED_Ultimate/red-app/src/main/java/com/red/sovereign/ui/screens/README_SPLIT.md,final_nl,False,False,False,False,True
fix/restore-websocket-registrations,RED_Ultimate_V1-main/RED_Ultimate/red-app/src/main/java/com/red/sovereign/ui/screens/README_SPLIT.md,final_nl,False,False,False,False,True
revert-37-arena/019ffd78-pro-v1,RED_Ultimate_V1-main/RED_Ultimate/red-app/src/main/java/com/red/sovereign/ui/screens/README_SPLIT.md,final_nl,False,False,False,False,True
arena/019fe8fa-pro-v1,RED_Ultimate_V1-main/RED_Ultimate/red-app/src/main/res/mipmap-hdpi/ic_launcher.png,trailing_ws,False,True,True,False,False
arena/019fe9e3-pro-v1,RED_Ultimate_V1-main/RED_Ultimate/red-app/src/main/res/mipmap-hdpi/ic_launcher.png,trailing_ws,False,True,True,False,False
arena/019ff019-pro-v1,RED_Ultimate_V1-main/RED_Ultimate/red-app/src/main/res/mipmap-hdpi/ic_launcher_round.png,trailing_ws,False,True,True,False,False
arena/019ff06b-pro-v1,RED_Ultimate_V1-main/RED_Ultimate/red-app/src/main/res/mipmap-hdpi/ic_launcher_round.png,trailing_ws,False,True,True,False,False
arena/019ff085-pro-v1,RED_Ultimate_V1-main/RED_Ultimate/red-app/src/main/res/mipmap-hdpi/ic_launcher_round.png,trailing_ws,False,True,True,False,False
arena/019ff0c7-pro-v1,RED_Ultimate_V1-main/RED_Ultimate/red-app/src/main/res/mipmap-hdpi/ic_launcher_round.png,trailing_ws,False,True,True,False,False
arena/019ff146-pro-v1,RED_Ultimate_V1-main/RED_Ultimate/red-app/src/main/res/mipmap-hdpi/ic_launcher_round.png,trailing_ws,False,True,True,False,False
arena/019ff178-pro-v1,RED_Ultimate_V1-main/RED_Ultimate/red-app/src/main/res/mipmap-hdpi/ic_launcher_round.png,trailing_ws,False,True,True,False,False
arena/019ff1f9-pro-v1,RED_Ultimate_V1-main/RED_Ultimate/red-app/src/main/res/mipmap-hdpi/ic_launcher_round.png,trailing_ws,False,True,True,False,False
arena/019ff215-pro-v1,RED_Ultimate_V1-main/RED_Ultimate/red-app/src/main/res/mipmap-hdpi/ic_launcher_round.png,trailing_ws,False,True,True,False,False
arena/019ff237-pro-v1,RED_Ultimate_V1-main/RED_Ultimate/red-app/src/main/res/mipmap-hdpi/ic_launcher_round.png,trailing_ws,False,True,True,False,False
arena/019ff422-pro-v1,RED_Ultimate_V1-main/RED_Ultimate/red-app/src/main/res/mipmap-hdpi/ic_launcher_round.png,trailing_ws,False,True,True,False,False
arena/019ff859-pro-v1,RED_Ultimate_V1-main/RED_Ultimate/red-app/src/main/res/mipmap-hdpi/ic_launcher_round.png,trailing_ws,False,True,True,False,False
arena/019fe8fa-pro-v1,RED_Ultimate_V1-main/RED_Ultimate/red-app/src/main/res/mipmap-xhdpi/ic_launcher.png,trailing_ws,False,True,True,False,False
arena/019fe9e3-pro-v1,RED_Ultimate_V1-main/RED_Ultimate/red-app/src/main/res/mipmap-xhdpi/ic_launcher.png,trailing_ws,False,True,True,False,False
arena/019ff019-pro-v1,RED_Ultimate_V1-main/RED_Ultimate/red-app/src/main/res/mipmap-xhdpi/ic_launcher_round.png,trailing_ws,False,True,True,False,False
arena/019ff06b-pro-v1,RED_Ultimate_V1-main/RED_Ultimate/red-app/src/main/res/mipmap-xhdpi/ic_launcher_round.png,trailing_ws,False,True,True,False,False
arena/019ff085-pro-v1,RED_Ultimate_V1-main/RED_Ultimate/red-app/src/main/res/mipmap-xhdpi/ic_launcher_round.png,trailing_ws,False,True,True,False,False
arena/019ff0c7-pro-v1,RED_Ultimate_V1-main/RED_Ultimate/red-app/src/main/res/mipmap-xhdpi/ic_launcher_round.png,trailing_ws,False,True,True,False,False
arena/019ff146-pro-v1,RED_Ultimate_V1-main/RED_Ultimate/red-app/src/main/res/mipmap-xhdpi/ic_launcher_round.png,trailing_ws,False,True,True,False,False
arena/019ff178-pro-v1,RED_Ultimate_V1-main/RED_Ultimate/red-app/src/main/res/mipmap-xhdpi/ic_launcher_round.png,trailing_ws,False,True,True,False,False
arena/019ff1f9-pro-v1,RED_Ultimate_V1-main/RED_Ultimate/red-app/src/main/res/mipmap-xhdpi/ic_launcher_round.png,trailing_ws,False,True,True,False,False
arena/019ff215-pro-v1,RED_Ultimate_V1-main/RED_Ultimate/red-app/src/main/res/mipmap-xhdpi/ic_launcher_round.png,trailing_ws,False,True,True,False,False
arena/019ff237-pro-v1,RED_Ultimate_V1-main/RED_Ultimate/red-app/src/main/res/mipmap-xhdpi/ic_launcher_round.png,trailing_ws,False,True,True,False,False
arena/019ff422-pro-v1,RED_Ultimate_V1-main/RED_Ultimate/red-app/src/main/res/mipmap-xhdpi/ic_launcher_round.png,trailing_ws,False,True,True,False,False
arena/019ff859-pro-v1,RED_Ultimate_V1-main/RED_Ultimate/red-app/src/main/res/mipmap-xhdpi/ic_launcher_round.png,trailing_ws,False,True,True,False,False
arena/019fe8fa-pro-v1,RED_Ultimate_V1-main/RED_Ultimate/red-app/src/main/res/mipmap-xxhdpi/ic_launcher.png,trailing_ws,False,True,True,False,False
arena/019fe9e3-pro-v1,RED_Ultimate_V1-main/RED_Ultimate/red-app/src/main/res/mipmap-xxhdpi/ic_launcher.png,trailing_ws,False,True,True,False,False
arena/019ff019-pro-v1,RED_Ultimate_V1-main/RED_Ultimate/red-app/src/main/res/mipmap-xxhdpi/ic_launcher_round.png,trailing_ws,False,True,True,False,False
arena/019ff06b-pro-v1,RED_Ultimate_V1-main/RED_Ultimate/red-app/src/main/res/mipmap-xxhdpi/ic_launcher_round.png,trailing_ws,False,True,True,False,False
arena/019ff085-pro-v1,RED_Ultimate_V1-main/RED_Ultimate/red-app/src/main/res/mipmap-xxhdpi/ic_launcher_round.png,trailing_ws,False,True,True,False,False
arena/019ff0c7-pro-v1,RED_Ultimate_V1-main/RED_Ultimate/red-app/src/main/res/mipmap-xxhdpi/ic_launcher_round.png,trailing_ws,False,True,True,False,False
arena/019ff146-pro-v1,RED_Ultimate_V1-main/RED_Ultimate/red-app/src/main/res/mipmap-xxhdpi/ic_launcher_round.png,trailing_ws,False,True,True,False,False
arena/019ff178-pro-v1,RED_Ultimate_V1-main/RED_Ultimate/red-app/src/main/res/mipmap-xxhdpi/ic_launcher_round.png,trailing_ws,False,True,True,False,False
arena/019ff1f9-pro-v1,RED_Ultimate_V1-main/RED_Ultimate/red-app/src/main/res/mipmap-xxhdpi/ic_launcher_round.png,trailing_ws,False,True,True,False,False
arena/019ff215-pro-v1,RED_Ultimate_V1-main/RED_Ultimate/red-app/src/main/res/mipmap-xxhdpi/ic_launcher_round.png,trailing_ws,False,True,True,False,False
arena/019ff237-pro-v1,RED_Ultimate_V1-main/RED_Ultimate/red-app/src/main/res/mipmap-xxhdpi/ic_launcher_round.png,trailing_ws,False,True,True,False,False
arena/019ff422-pro-v1,RED_Ultimate_V1-main/RED_Ultimate/red-app/src/main/res/mipmap-xxhdpi/ic_launcher_round.png,trailing_ws,False,True,True,False,False
arena/019ff859-pro-v1,RED_Ultimate_V1-main/RED_Ultimate/red-app/src/main/res/mipmap-xxhdpi/ic_launcher_round.png,trailing_ws,False,True,True,False,False
arena/019fe8fa-pro-v1,RED_Ultimate_V1-main/RED_Ultimate/red-app/src/main/res/mipmap-xxxhdpi/ic_launcher.png,trailing_ws,False,True,True,False,False
arena/019fe9e3-pro-v1,RED_Ultimate_V1-main/RED_Ultimate/red-app/src/main/res/mipmap-xxxhdpi/ic_launcher.png,trailing_ws,False,True,True,False,False
arena/019fe8fa-pro-v1,RED_Ultimate_V1-main/RED_Ultimate/red-app/src/main/res/mipmap-xxxhdpi/ic_launcher_round.png,trailing_ws,False,True,True,False,False
arena/019fe9e3-pro-v1,RED_Ultimate_V1-main/RED_Ultimate/red-app/src/main/res/mipmap-xxxhdpi/ic_launcher_round.png,trailing_ws,False,True,True,False,False
arena/019ff8c7-pro-v1,RED_Ultimate_V1-main/RED_Ultimate/red-app/src/main/res/values/styles.xml,trailing_ws,False,False,False,True,True
arena/019fe8fa-pro-v1,RED_Ultimate_V1-main/RED_Ultimate/red-app/src/main/res/xml/file_paths.xml,final_nl,False,False,False,True,False
arena/019fe9e3-pro-v1,RED_Ultimate_V1-main/RED_Ultimate/red-app/src/main/res/xml/file_paths.xml,final_nl,False,False,False,True,False
arena/019ff019-pro-v1,RED_Ultimate_V1-main/RED_Ultimate/red-app/src/main/res/xml/file_paths.xml,final_nl,False,False,False,True,False
arena/019ff06b-pro-v1,RED_Ultimate_V1-main/RED_Ultimate/red-app/src/main/res/xml/file_paths.xml,final_nl,False,False,False,True,False
arena/019ff085-pro-v1,RED_Ultimate_V1-main/RED_Ultimate/red-app/src/main/res/xml/file_paths.xml,final_nl,False,False,False,True,False
arena/019ff0c7-pro-v1,RED_Ultimate_V1-main/RED_Ultimate/red-app/src/main/res/xml/file_paths.xml,final_nl,False,False,False,True,False
arena/019ff146-pro-v1,RED_Ultimate_V1-main/RED_Ultimate/red-app/src/main/res/xml/file_paths.xml,final_nl,False,False,False,True,False
arena/019ff178-pro-v1,RED_Ultimate_V1-main/RED_Ultimate/red-app/src/main/res/xml/file_paths.xml,final_nl,False,False,False,True,False
arena/019ff1f9-pro-v1,RED_Ultimate_V1-main/RED_Ultimate/red-app/src/main/res/xml/file_paths.xml,final_nl,False,False,False,True,False
arena/019ff215-pro-v1,RED_Ultimate_V1-main/RED_Ultimate/red-app/src/main/res/xml/file_paths.xml,final_nl,False,False,False,True,False
arena/019ff237-pro-v1,RED_Ultimate_V1-main/RED_Ultimate/red-app/src/main/res/xml/file_paths.xml,final_nl,False,False,False,True,False
arena/019ff422-pro-v1,RED_Ultimate_V1-main/RED_Ultimate/red-app/src/main/res/xml/file_paths.xml,final_nl,False,False,False,True,False
arena/019ff82d-pro-v1,RED_Ultimate_V1-main/RED_Ultimate/red-app/src/main/res/xml/file_paths.xml,final_nl,False,False,False,True,False
arena/019ff859-pro-v1,RED_Ultimate_V1-main/RED_Ultimate/red-app/src/main/res/xml/file_paths.xml,final_nl,False,False,False,True,False
arena/019ff8b4-pro-v1,RED_Ultimate_V1-main/RED_Ultimate/red-app/src/main/res/xml/file_paths.xml,final_nl,False,False,False,True,False
arena/019ff1f9-pro-v1,RED_Ultimate_V1-main/RED_Ultimate/red-app/src/main/res/xml/network_security_config.xml,trailing_ws,False,False,False,True,True
arena/019ff215-pro-v1,RED_Ultimate_V1-main/RED_Ultimate/red-app/src/main/res/xml/network_security_config.xml,trailing_ws,False,False,False,True,True
arena/019fe8fa-pro-v1,RED_Ultimate_V1-main/RED_Ultimate/red-app/src/test/java/com/red/sovereign/features/CommunitiesTest.kt,final_nl,False,False,False,False,True
arena/019fe9e3-pro-v1,RED_Ultimate_V1-main/RED_Ultimate/red-app/src/test/java/com/red/sovereign/features/CommunitiesTest.kt,final_nl,False,False,False,False,True
arena/019ff019-pro-v1,RED_Ultimate_V1-main/RED_Ultimate/red-app/src/test/java/com/red/sovereign/features/CommunitiesTest.kt,final_nl,False,False,False,False,True
arena/019ff06b-pro-v1,RED_Ultimate_V1-main/RED_Ultimate/red-app/src/test/java/com/red/sovereign/features/CommunitiesTest.kt,final_nl,False,False,False,False,True
arena/019ff085-pro-v1,RED_Ultimate_V1-main/RED_Ultimate/red-app/src/test/java/com/red/sovereign/features/CommunitiesTest.kt,final_nl,False,False,False,False,True
arena/019ff0c7-pro-v1,RED_Ultimate_V1-main/RED_Ultimate/red-app/src/test/java/com/red/sovereign/features/CommunitiesTest.kt,final_nl,False,False,False,False,True
arena/019ff146-pro-v1,RED_Ultimate_V1-main/RED_Ultimate/red-app/src/test/java/com/red/sovereign/features/CommunitiesTest.kt,final_nl,False,False,False,False,True
arena/019ff178-pro-v1,RED_Ultimate_V1-main/RED_Ultimate/red-app/src/test/java/com/red/sovereign/features/CommunitiesTest.kt,final_nl,False,False,False,False,True
arena/019ff1f9-pro-v1,RED_Ultimate_V1-main/RED_Ultimate/red-app/src/test/java/com/red/sovereign/features/CommunitiesTest.kt,final_nl,False,False,False,False,True
arena/019ff215-pro-v1,RED_Ultimate_V1-main/RED_Ultimate/red-app/src/test/java/com/red/sovereign/features/CommunitiesTest.kt,final_nl,False,False,False,False,True
arena/019ff237-pro-v1,RED_Ultimate_V1-main/RED_Ultimate/red-app/src/test/java/com/red/sovereign/features/CommunitiesTest.kt,final_nl,False,False,False,False,True
arena/019ff422-pro-v1,RED_Ultimate_V1-main/RED_Ultimate/red-app/src/test/java/com/red/sovereign/features/CommunitiesTest.kt,final_nl,False,False,False,False,True
arena/019ff82d-pro-v1,RED_Ultimate_V1-main/RED_Ultimate/red-app/src/test/java/com/red/sovereign/features/CommunitiesTest.kt,final_nl,False,False,False,False,True
arena/019ff859-pro-v1,RED_Ultimate_V1-main/RED_Ultimate/red-app/src/test/java/com/red/sovereign/features/CommunitiesTest.kt,final_nl,False,False,False,False,True
arena/019ff8b4-pro-v1,RED_Ultimate_V1-main/RED_Ultimate/red-app/src/test/java/com/red/sovereign/features/CommunitiesTest.kt,final_nl,False,False,False,False,True
arena/019ff8c7-pro-v1,RED_Ultimate_V1-main/RED_Ultimate/red-app/src/test/java/com/red/sovereign/features/CommunitiesTest.kt,final_nl,False,False,False,False,True
arena/019ff8f2-pro-v1,RED_Ultimate_V1-main/RED_Ultimate/red-app/src/test/java/com/red/sovereign/features/CommunitiesTest.kt,final_nl,False,False,False,False,True
arena/019ffce9-pro-v1,RED_Ultimate_V1-main/RED_Ultimate/red-app/src/test/java/com/red/sovereign/features/CommunitiesTest.kt,final_nl,False,False,False,False,True
arena/019ffd78-pro-v1,RED_Ultimate_V1-main/RED_Ultimate/red-app/src/test/java/com/red/sovereign/features/CommunitiesTest.kt,final_nl,False,False,False,False,True
arena/019ffe92-pro-v1,RED_Ultimate_V1-main/RED_Ultimate/red-app/src/test/java/com/red/sovereign/features/CommunitiesTest.kt,final_nl,False,False,False,False,True
arena/019ffece-pro-v1,RED_Ultimate_V1-main/RED_Ultimate/red-app/src/test/java/com/red/sovereign/features/CommunitiesTest.kt,final_nl,False,False,False,False,True
arena/019fffd5-pro-v1,RED_Ultimate_V1-main/RED_Ultimate/red-app/src/test/java/com/red/sovereign/features/CommunitiesTest.kt,final_nl,False,False,False,False,True
arena/01a0064f-pro-v1,RED_Ultimate_V1-main/RED_Ultimate/red-app/src/test/java/com/red/sovereign/features/CommunitiesTest.kt,final_nl,False,False,False,False,True
arena/01a00f9e-pro-v1,RED_Ultimate_V1-main/RED_Ultimate/red-app/src/test/java/com/red/sovereign/features/CommunitiesTest.kt,final_nl,False,False,False,False,True
chore/platform-rebuild-baseline,RED_Ultimate_V1-main/RED_Ultimate/red-app/src/test/java/com/red/sovereign/features/CommunitiesTest.kt,final_nl,False,False,False,False,True
feat/admin-social-management,RED_Ultimate_V1-main/RED_Ultimate/red-app/src/test/java/com/red/sovereign/features/CommunitiesTest.kt,final_nl,False,False,False,False,True
feat/red-engineering-roadmap-20260820,RED_Ultimate_V1-main/RED_Ultimate/red-app/src/test/java/com/red/sovereign/features/CommunitiesTest.kt,final_nl,False,False,False,False,True
feature/uc2000-ve-sms-browser-audit,RED_Ultimate_V1-main/RED_Ultimate/red-app/src/test/java/com/red/sovereign/features/CommunitiesTest.kt,final_nl,False,False,False,False,True
fix/restore-websocket-registrations,RED_Ultimate_V1-main/RED_Ultimate/red-app/src/test/java/com/red/sovereign/features/CommunitiesTest.kt,final_nl,False,False,False,False,True
revert-37-arena/019ffd78-pro-v1,RED_Ultimate_V1-main/RED_Ultimate/red-app/src/test/java/com/red/sovereign/features/CommunitiesTest.kt,final_nl,False,False,False,False,True
arena/019fe9e3-pro-v1,RED_Ultimate_V1-main/RED_Ultimate/scripts/fix-red-proxy-certs.sh,trailing_ws,False,False,False,True,True
arena/019ff146-pro-v1,RED_Ultimate_V1-main/RED_Ultimate/scripts/fix-red-proxy-certs.sh,trailing_ws,False,False,False,True,True
arena/019fe8fa-pro-v1,RED_Ultimate_V1-main/RED_Ultimate/scripts/run-all-local.sh,trailing_ws,False,False,False,True,True
arena/019fe9e3-pro-v1,RED_Ultimate_V1-main/RED_Ultimate/scripts/run-all-local.sh,trailing_ws,False,False,False,True,True
arena/019ff019-pro-v1,RED_Ultimate_V1-main/RED_Ultimate/scripts/run-all-local.sh,trailing_ws,False,False,False,True,True
arena/019ff06b-pro-v1,RED_Ultimate_V1-main/RED_Ultimate/scripts/run-all-local.sh,trailing_ws,False,False,False,True,True
arena/019ff085-pro-v1,RED_Ultimate_V1-main/RED_Ultimate/scripts/run-all-local.sh,trailing_ws,False,False,False,True,True
arena/019ff0c7-pro-v1,RED_Ultimate_V1-main/RED_Ultimate/scripts/run-all-local.sh,trailing_ws,False,False,False,True,True
arena/019ff146-pro-v1,RED_Ultimate_V1-main/RED_Ultimate/scripts/run-all-local.sh,trailing_ws,False,False,False,True,True
arena/019fe9e3-pro-v1,RED_Ultimate_V1-main/RED_Ultimate/scripts/verify-ssl-certs.sh,trailing_ws,False,False,False,True,True
arena/019ff146-pro-v1,RED_Ultimate_V1-main/RED_Ultimate/scripts/verify-ssl-certs.sh,trailing_ws,False,False,False,True,True
arena/019fe8fa-pro-v1,merge-local-copies.ps1,bom,False,False,False,True,True
arena/019fe9e3-pro-v1,merge-local-copies.ps1,bom,False,False,False,True,True
arena/019ff019-pro-v1,merge-local-copies.ps1,bom,False,False,False,True,True
arena/019ff06b-pro-v1,merge-local-copies.ps1,bom,False,False,False,True,True
arena/019ff085-pro-v1,merge-local-copies.ps1,bom,False,False,False,True,True
arena/019ff0c7-pro-v1,merge-local-copies.ps1,bom,False,False,False,True,True
arena/019ff146-pro-v1,merge-local-copies.ps1,bom,False,False,False,True,True
arena/019ff178-pro-v1,merge-local-copies.ps1,bom,False,False,False,True,True
arena/019ff1f9-pro-v1,merge-local-copies.ps1,bom,False,False,False,True,True
arena/019ff215-pro-v1,merge-local-copies.ps1,bom,False,False,False,True,True
arena/019ff237-pro-v1,merge-local-copies.ps1,bom,False,False,False,True,True
arena/019ff422-pro-v1,merge-local-copies.ps1,bom,False,False,False,True,True
arena/019ff82d-pro-v1,merge-local-copies.ps1,bom,False,False,False,True,True
arena/019ff859-pro-v1,merge-local-copies.ps1,bom,False,False,False,True,True
arena/019ff8b4-pro-v1,merge-local-copies.ps1,bom,False,False,False,True,True
arena/019ff8c7-pro-v1,merge-local-copies.ps1,bom,False,False,False,True,True
arena/019ff8f2-pro-v1,merge-local-copies.ps1,bom,False,False,False,True,True
arena/019ffce9-pro-v1,merge-local-copies.ps1,bom,False,False,False,True,True
arena/019ffd78-pro-v1,merge-local-copies.ps1,bom,False,False,False,True,True
arena/019ffe92-pro-v1,merge-local-copies.ps1,bom,False,False,False,True,True
arena/019ffece-pro-v1,merge-local-copies.ps1,bom,False,False,False,True,True
arena/019fffd5-pro-v1,merge-local-copies.ps1,bom,False,False,False,True,True
arena/01a0064f-pro-v1,merge-local-copies.ps1,bom,False,False,False,True,True
arena/01a00f9e-pro-v1,merge-local-copies.ps1,bom,False,False,False,True,True
chore/platform-rebuild-baseline,merge-local-copies.ps1,bom,False,False,False,True,True
feat/admin-social-management,merge-local-copies.ps1,bom,False,False,False,True,True
feat/red-engineering-roadmap-20260820,merge-local-copies.ps1,bom,False,False,False,True,True
feature/uc2000-ve-sms-browser-audit,merge-local-copies.ps1,bom,False,False,False,True,True
fix/restore-websocket-registrations,merge-local-copies.ps1,bom,False,False,False,True,True
revert-37-arena/019ffd78-pro-v1,merge-local-copies.ps1,bom,False,False,False,True,True
arena/019fe9e3-pro-v1,scripts/verify-ssl-certs.sh,trailing_ws,False,False,False,True,True
arena/019ff146-pro-v1,scripts/verify-ssl-certs.sh,trailing_ws,False,False,False,True,True
arena/01a00f9e-pro-v1,الأرشيف/تقارير-تاريخية/PUSH_INSTRUCTIONS.md,final_nl,False,False,False,True,False
feat/red-engineering-roadmap-20260820,الأرشيف/تقارير-تاريخية/PUSH_INSTRUCTIONS.md,final_nl,False,False,False,True,False
