path,branches_missing_it,branches
.artifacts/db08fa71-ce4c-4369-adf5-2364e60af271/implementation_plan.artifact.md,30,"arena/019fe8fa-pro-v1,arena/019fe9e3-pro-v1,arena/019ff019-pro-v1,arena/019ff06b-pro-v1,arena/019ff085-pro-v1,arena/019ff0c7-pro-v1,arena/019ff146-pro-v1,arena/019ff178-pro-v1,arena/019ff1f9-pro-v1,arena/019ff215-pro-v1,arena/019ff237-pro-v1,arena/019ff422-pro-v1,arena/019ff82d-pro-v1,arena/019ff859-pro-v1,arena/019ff8b4-pro-v1,arena/019ff8c7-pro-v1,arena/019ff8f2-pro-v1,arena/019ffce9-pro-v1,arena/019ffd78-pro-v1,arena/019ffe92-pro-v1,arena/019ffece-pro-v1,arena/019fffd5-pro-v1,arena/01a0064f-pro-v1,arena/01a00f9e-pro-v1,chore/platform-rebuild-baseline,feat/admin-social-management,feat/red-engineering-roadmap-20260820,feature/uc2000-ve-sms-browser-audit,fix/restore-websocket-registrations,revert-37-arena/019ffd78-pro-v1"
.artifacts/db08fa71-ce4c-4369-adf5-2364e60af271/task.artifact.md,30,"arena/019fe8fa-pro-v1,arena/019fe9e3-pro-v1,arena/019ff019-pro-v1,arena/019ff06b-pro-v1,arena/019ff085-pro-v1,arena/019ff0c7-pro-v1,arena/019ff146-pro-v1,arena/019ff178-pro-v1,arena/019ff1f9-pro-v1,arena/019ff215-pro-v1,arena/019ff237-pro-v1,arena/019ff422-pro-v1,arena/019ff82d-pro-v1,arena/019ff859-pro-v1,arena/019ff8b4-pro-v1,arena/019ff8c7-pro-v1,arena/019ff8f2-pro-v1,arena/019ffce9-pro-v1,arena/019ffd78-pro-v1,arena/019ffe92-pro-v1,arena/019ffece-pro-v1,arena/019fffd5-pro-v1,arena/01a0064f-pro-v1,arena/01a00f9e-pro-v1,chore/platform-rebuild-baseline,feat/admin-social-management,feat/red-engineering-roadmap-20260820,feature/uc2000-ve-sms-browser-audit,fix/restore-websocket-registrations,revert-37-arena/019ffd78-pro-v1"
.artifacts/db08fa71-ce4c-4369-adf5-2364e60af271/walkthrough.artifact.md,30,"arena/019fe8fa-pro-v1,arena/019fe9e3-pro-v1,arena/019ff019-pro-v1,arena/019ff06b-pro-v1,arena/019ff085-pro-v1,arena/019ff0c7-pro-v1,arena/019ff146-pro-v1,arena/019ff178-pro-v1,arena/019ff1f9-pro-v1,arena/019ff215-pro-v1,arena/019ff237-pro-v1,arena/019ff422-pro-v1,arena/019ff82d-pro-v1,arena/019ff859-pro-v1,arena/019ff8b4-pro-v1,arena/019ff8c7-pro-v1,arena/019ff8f2-pro-v1,arena/019ffce9-pro-v1,arena/019ffd78-pro-v1,arena/019ffe92-pro-v1,arena/019ffece-pro-v1,arena/019fffd5-pro-v1,arena/01a0064f-pro-v1,arena/01a00f9e-pro-v1,chore/platform-rebuild-baseline,feat/admin-social-management,feat/red-engineering-roadmap-20260820,feature/uc2000-ve-sms-browser-audit,fix/restore-websocket-registrations,revert-37-arena/019ffd78-pro-v1"
.github/workflows/quality-gate.yml,30,"arena/019fe8fa-pro-v1,arena/019fe9e3-pro-v1,arena/019ff019-pro-v1,arena/019ff06b-pro-v1,arena/019ff085-pro-v1,arena/019ff0c7-pro-v1,arena/019ff146-pro-v1,arena/019ff178-pro-v1,arena/019ff1f9-pro-v1,arena/019ff215-pro-v1,arena/019ff237-pro-v1,arena/019ff422-pro-v1,arena/019ff82d-pro-v1,arena/019ff859-pro-v1,arena/019ff8b4-pro-v1,arena/019ff8c7-pro-v1,arena/019ff8f2-pro-v1,arena/019ffce9-pro-v1,arena/019ffd78-pro-v1,arena/019ffe92-pro-v1,arena/019ffece-pro-v1,arena/019fffd5-pro-v1,arena/01a0064f-pro-v1,arena/01a00f9e-pro-v1,chore/platform-rebuild-baseline,feat/admin-social-management,feat/red-engineering-roadmap-20260820,feature/uc2000-ve-sms-browser-audit,fix/restore-websocket-registrations,revert-37-arena/019ffd78-pro-v1"
.idea/.gitignore,30,"arena/019fe8fa-pro-v1,arena/019fe9e3-pro-v1,arena/019ff019-pro-v1,arena/019ff06b-pro-v1,arena/019ff085-pro-v1,arena/019ff0c7-pro-v1,arena/019ff146-pro-v1,arena/019ff178-pro-v1,arena/019ff1f9-pro-v1,arena/019ff215-pro-v1,arena/019ff237-pro-v1,arena/019ff422-pro-v1,arena/019ff82d-pro-v1,arena/019ff859-pro-v1,arena/019ff8b4-pro-v1,arena/019ff8c7-pro-v1,arena/019ff8f2-pro-v1,arena/019ffce9-pro-v1,arena/019ffd78-pro-v1,arena/019ffe92-pro-v1,arena/019ffece-pro-v1,arena/019fffd5-pro-v1,arena/01a0064f-pro-v1,arena/01a00f9e-pro-v1,chore/platform-rebuild-baseline,feat/admin-social-management,feat/red-engineering-roadmap-20260820,feature/uc2000-ve-sms-browser-audit,fix/restore-websocket-registrations,revert-37-arena/019ffd78-pro-v1"
.kilo/kilo.jsonc,30,"arena/019fe8fa-pro-v1,arena/019fe9e3-pro-v1,arena/019ff019-pro-v1,arena/019ff06b-pro-v1,arena/019ff085-pro-v1,arena/019ff0c7-pro-v1,arena/019ff146-pro-v1,arena/019ff178-pro-v1,arena/019ff1f9-pro-v1,arena/019ff215-pro-v1,arena/019ff237-pro-v1,arena/019ff422-pro-v1,arena/019ff82d-pro-v1,arena/019ff859-pro-v1,arena/019ff8b4-pro-v1,arena/019ff8c7-pro-v1,arena/019ff8f2-pro-v1,arena/019ffce9-pro-v1,arena/019ffd78-pro-v1,arena/019ffe92-pro-v1,arena/019ffece-pro-v1,arena/019fffd5-pro-v1,arena/01a0064f-pro-v1,arena/01a00f9e-pro-v1,chore/platform-rebuild-baseline,feat/admin-social-management,feat/red-engineering-roadmap-20260820,feature/uc2000-ve-sms-browser-audit,fix/restore-websocket-registrations,revert-37-arena/019ffd78-pro-v1"
.kilo/plans/1786974872810-call-features-completion-plan.md,30,"arena/019fe8fa-pro-v1,arena/019fe9e3-pro-v1,arena/019ff019-pro-v1,arena/019ff06b-pro-v1,arena/019ff085-pro-v1,arena/019ff0c7-pro-v1,arena/019ff146-pro-v1,arena/019ff178-pro-v1,arena/019ff1f9-pro-v1,arena/019ff215-pro-v1,arena/019ff237-pro-v1,arena/019ff422-pro-v1,arena/019ff82d-pro-v1,arena/019ff859-pro-v1,arena/019ff8b4-pro-v1,arena/019ff8c7-pro-v1,arena/019ff8f2-pro-v1,arena/019ffce9-pro-v1,arena/019ffd78-pro-v1,arena/019ffe92-pro-v1,arena/019ffece-pro-v1,arena/019fffd5-pro-v1,arena/01a0064f-pro-v1,arena/01a00f9e-pro-v1,chore/platform-rebuild-baseline,feat/admin-social-management,feat/red-engineering-roadmap-20260820,feature/uc2000-ve-sms-browser-audit,fix/restore-websocket-registrations,revert-37-arena/019ffd78-pro-v1"
LEGENDARY_COMPLETENESS_VERIFICATION_2026-08-24.md,30,"arena/019fe8fa-pro-v1,arena/019fe9e3-pro-v1,arena/019ff019-pro-v1,arena/019ff06b-pro-v1,arena/019ff085-pro-v1,arena/019ff0c7-pro-v1,arena/019ff146-pro-v1,arena/019ff178-pro-v1,arena/019ff1f9-pro-v1,arena/019ff215-pro-v1,arena/019ff237-pro-v1,arena/019ff422-pro-v1,arena/019ff82d-pro-v1,arena/019ff859-pro-v1,arena/019ff8b4-pro-v1,arena/019ff8c7-pro-v1,arena/019ff8f2-pro-v1,arena/019ffce9-pro-v1,arena/019ffd78-pro-v1,arena/019ffe92-pro-v1,arena/019ffece-pro-v1,arena/019fffd5-pro-v1,arena/01a0064f-pro-v1,arena/01a00f9e-pro-v1,chore/platform-rebuild-baseline,feat/admin-social-management,feat/red-engineering-roadmap-20260820,feature/uc2000-ve-sms-browser-audit,fix/restore-websocket-registrations,revert-37-arena/019ffd78-pro-v1"
PROJECT_STATE_2026-08-24.md,30,"arena/019fe8fa-pro-v1,arena/019fe9e3-pro-v1,arena/019ff019-pro-v1,arena/019ff06b-pro-v1,arena/019ff085-pro-v1,arena/019ff0c7-pro-v1,arena/019ff146-pro-v1,arena/019ff178-pro-v1,arena/019ff1f9-pro-v1,arena/019ff215-pro-v1,arena/019ff237-pro-v1,arena/019ff422-pro-v1,arena/019ff82d-pro-v1,arena/019ff859-pro-v1,arena/019ff8b4-pro-v1,arena/019ff8c7-pro-v1,arena/019ff8f2-pro-v1,arena/019ffce9-pro-v1,arena/019ffd78-pro-v1,arena/019ffe92-pro-v1,arena/019ffece-pro-v1,arena/019fffd5-pro-v1,arena/01a0064f-pro-v1,arena/01a00f9e-pro-v1,chore/platform-rebuild-baseline,feat/admin-social-management,feat/red-engineering-roadmap-20260820,feature/uc2000-ve-sms-browser-audit,fix/restore-websocket-registrations,revert-37-arena/019ffd78-pro-v1"
PSTN_DINSTAR_ANALYSIS.md,30,"arena/019fe8fa-pro-v1,arena/019fe9e3-pro-v1,arena/019ff019-pro-v1,arena/019ff06b-pro-v1,arena/019ff085-pro-v1,arena/019ff0c7-pro-v1,arena/019ff146-pro-v1,arena/019ff178-pro-v1,arena/019ff1f9-pro-v1,arena/019ff215-pro-v1,arena/019ff237-pro-v1,arena/019ff422-pro-v1,arena/019ff82d-pro-v1,arena/019ff859-pro-v1,arena/019ff8b4-pro-v1,arena/019ff8c7-pro-v1,arena/019ff8f2-pro-v1,arena/019ffce9-pro-v1,arena/019ffd78-pro-v1,arena/019ffe92-pro-v1,arena/019ffece-pro-v1,arena/019fffd5-pro-v1,arena/01a0064f-pro-v1,arena/01a00f9e-pro-v1,chore/platform-rebuild-baseline,feat/admin-social-management,feat/red-engineering-roadmap-20260820,feature/uc2000-ve-sms-browser-audit,fix/restore-websocket-registrations,revert-37-arena/019ffd78-pro-v1"
RED_Ultimate_V1-main/RED_Ultimate/RED_SECURITY_AUDIT.md,30,"arena/019fe8fa-pro-v1,arena/019fe9e3-pro-v1,arena/019ff019-pro-v1,arena/019ff06b-pro-v1,arena/019ff085-pro-v1,arena/019ff0c7-pro-v1,arena/019ff146-pro-v1,arena/019ff178-pro-v1,arena/019ff1f9-pro-v1,arena/019ff215-pro-v1,arena/019ff237-pro-v1,arena/019ff422-pro-v1,arena/019ff82d-pro-v1,arena/019ff859-pro-v1,arena/019ff8b4-pro-v1,arena/019ff8c7-pro-v1,arena/019ff8f2-pro-v1,arena/019ffce9-pro-v1,arena/019ffd78-pro-v1,arena/019ffe92-pro-v1,arena/019ffece-pro-v1,arena/019fffd5-pro-v1,arena/01a0064f-pro-v1,arena/01a00f9e-pro-v1,chore/platform-rebuild-baseline,feat/admin-social-management,feat/red-engineering-roadmap-20260820,feature/uc2000-ve-sms-browser-audit,fix/restore-websocket-registrations,revert-37-arena/019ffd78-pro-v1"
RED_Ultimate_V1-main/RED_Ultimate/admin_dashboard/role-check-output.txt,30,"arena/019fe8fa-pro-v1,arena/019fe9e3-pro-v1,arena/019ff019-pro-v1,arena/019ff06b-pro-v1,arena/019ff085-pro-v1,arena/019ff0c7-pro-v1,arena/019ff146-pro-v1,arena/019ff178-pro-v1,arena/019ff1f9-pro-v1,arena/019ff215-pro-v1,arena/019ff237-pro-v1,arena/019ff422-pro-v1,arena/019ff82d-pro-v1,arena/019ff859-pro-v1,arena/019ff8b4-pro-v1,arena/019ff8c7-pro-v1,arena/019ff8f2-pro-v1,arena/019ffce9-pro-v1,arena/019ffd78-pro-v1,arena/019ffe92-pro-v1,arena/019ffece-pro-v1,arena/019fffd5-pro-v1,arena/01a0064f-pro-v1,arena/01a00f9e-pro-v1,chore/platform-rebuild-baseline,feat/admin-social-management,feat/red-engineering-roadmap-20260820,feature/uc2000-ve-sms-browser-audit,fix/restore-websocket-registrations,revert-37-arena/019ffd78-pro-v1"
RED_Ultimate_V1-main/RED_Ultimate/admin_dashboard/src/components/UltimateEmpty.tsx,30,"arena/019fe8fa-pro-v1,arena/019fe9e3-pro-v1,arena/019ff019-pro-v1,arena/019ff06b-pro-v1,arena/019ff085-pro-v1,arena/019ff0c7-pro-v1,arena/019ff146-pro-v1,arena/019ff178-pro-v1,arena/019ff1f9-pro-v1,arena/019ff215-pro-v1,arena/019ff237-pro-v1,arena/019ff422-pro-v1,arena/019ff82d-pro-v1,arena/019ff859-pro-v1,arena/019ff8b4-pro-v1,arena/019ff8c7-pro-v1,arena/019ff8f2-pro-v1,arena/019ffce9-pro-v1,arena/019ffd78-pro-v1,arena/019ffe92-pro-v1,arena/019ffece-pro-v1,arena/019fffd5-pro-v1,arena/01a0064f-pro-v1,arena/01a00f9e-pro-v1,chore/platform-rebuild-baseline,feat/admin-social-management,feat/red-engineering-roadmap-20260820,feature/uc2000-ve-sms-browser-audit,fix/restore-websocket-registrations,revert-37-arena/019ffd78-pro-v1"
RED_Ultimate_V1-main/RED_Ultimate/admin_dashboard/src/pages/CallHistory.tsx,30,"arena/019fe8fa-pro-v1,arena/019fe9e3-pro-v1,arena/019ff019-pro-v1,arena/019ff06b-pro-v1,arena/019ff085-pro-v1,arena/019ff0c7-pro-v1,arena/019ff146-pro-v1,arena/019ff178-pro-v1,arena/019ff1f9-pro-v1,arena/019ff215-pro-v1,arena/019ff237-pro-v1,arena/019ff422-pro-v1,arena/019ff82d-pro-v1,arena/019ff859-pro-v1,arena/019ff8b4-pro-v1,arena/019ff8c7-pro-v1,arena/019ff8f2-pro-v1,arena/019ffce9-pro-v1,arena/019ffd78-pro-v1,arena/019ffe92-pro-v1,arena/019ffece-pro-v1,arena/019fffd5-pro-v1,arena/01a0064f-pro-v1,arena/01a00f9e-pro-v1,chore/platform-rebuild-baseline,feat/admin-social-management,feat/red-engineering-roadmap-20260820,feature/uc2000-ve-sms-browser-audit,fix/restore-websocket-registrations,revert-37-arena/019ffd78-pro-v1"
RED_Ultimate_V1-main/RED_Ultimate/admin_dashboard/src/pages/NumberLearningCard.tsx,30,"arena/019fe8fa-pro-v1,arena/019fe9e3-pro-v1,arena/019ff019-pro-v1,arena/019ff06b-pro-v1,arena/019ff085-pro-v1,arena/019ff0c7-pro-v1,arena/019ff146-pro-v1,arena/019ff178-pro-v1,arena/019ff1f9-pro-v1,arena/019ff215-pro-v1,arena/019ff237-pro-v1,arena/019ff422-pro-v1,arena/019ff82d-pro-v1,arena/019ff859-pro-v1,arena/019ff8b4-pro-v1,arena/019ff8c7-pro-v1,arena/019ff8f2-pro-v1,arena/019ffce9-pro-v1,arena/019ffd78-pro-v1,arena/019ffe92-pro-v1,arena/019ffece-pro-v1,arena/019fffd5-pro-v1,arena/01a0064f-pro-v1,arena/01a00f9e-pro-v1,chore/platform-rebuild-baseline,feat/admin-social-management,feat/red-engineering-roadmap-20260820,feature/uc2000-ve-sms-browser-audit,fix/restore-websocket-registrations,revert-37-arena/019ffd78-pro-v1"
RED_Ultimate_V1-main/RED_Ultimate/admin_dashboard/src/pages/PstnManagement.tsx,30,"arena/019fe8fa-pro-v1,arena/019fe9e3-pro-v1,arena/019ff019-pro-v1,arena/019ff06b-pro-v1,arena/019ff085-pro-v1,arena/019ff0c7-pro-v1,arena/019ff146-pro-v1,arena/019ff178-pro-v1,arena/019ff1f9-pro-v1,arena/019ff215-pro-v1,arena/019ff237-pro-v1,arena/019ff422-pro-v1,arena/019ff82d-pro-v1,arena/019ff859-pro-v1,arena/019ff8b4-pro-v1,arena/019ff8c7-pro-v1,arena/019ff8f2-pro-v1,arena/019ffce9-pro-v1,arena/019ffd78-pro-v1,arena/019ffe92-pro-v1,arena/019ffece-pro-v1,arena/019fffd5-pro-v1,arena/01a0064f-pro-v1,arena/01a00f9e-pro-v1,chore/platform-rebuild-baseline,feat/admin-social-management,feat/red-engineering-roadmap-20260820,feature/uc2000-ve-sms-browser-audit,fix/restore-websocket-registrations,revert-37-arena/019ffd78-pro-v1"
RED_Ultimate_V1-main/RED_Ultimate/android/features/pstn/PstnSipEngine.kt,30,"arena/019fe8fa-pro-v1,arena/019fe9e3-pro-v1,arena/019ff019-pro-v1,arena/019ff06b-pro-v1,arena/019ff085-pro-v1,arena/019ff0c7-pro-v1,arena/019ff146-pro-v1,arena/019ff178-pro-v1,arena/019ff1f9-pro-v1,arena/019ff215-pro-v1,arena/019ff237-pro-v1,arena/019ff422-pro-v1,arena/019ff82d-pro-v1,arena/019ff859-pro-v1,arena/019ff8b4-pro-v1,arena/019ff8c7-pro-v1,arena/019ff8f2-pro-v1,arena/019ffce9-pro-v1,arena/019ffd78-pro-v1,arena/019ffe92-pro-v1,arena/019ffece-pro-v1,arena/019fffd5-pro-v1,arena/01a0064f-pro-v1,arena/01a00f9e-pro-v1,chore/platform-rebuild-baseline,feat/admin-social-management,feat/red-engineering-roadmap-20260820,feature/uc2000-ve-sms-browser-audit,fix/restore-websocket-registrations,revert-37-arena/019ffd78-pro-v1"
RED_Ultimate_V1-main/RED_Ultimate/app/src/main/java/com/red/sovereign/features/calls/YemeniOperatorDetector.kt,30,"arena/019fe8fa-pro-v1,arena/019fe9e3-pro-v1,arena/019ff019-pro-v1,arena/019ff06b-pro-v1,arena/019ff085-pro-v1,arena/019ff0c7-pro-v1,arena/019ff146-pro-v1,arena/019ff178-pro-v1,arena/019ff1f9-pro-v1,arena/019ff215-pro-v1,arena/019ff237-pro-v1,arena/019ff422-pro-v1,arena/019ff82d-pro-v1,arena/019ff859-pro-v1,arena/019ff8b4-pro-v1,arena/019ff8c7-pro-v1,arena/019ff8f2-pro-v1,arena/019ffce9-pro-v1,arena/019ffd78-pro-v1,arena/019ffe92-pro-v1,arena/019ffece-pro-v1,arena/019fffd5-pro-v1,arena/01a0064f-pro-v1,arena/01a00f9e-pro-v1,chore/platform-rebuild-baseline,feat/admin-social-management,feat/red-engineering-roadmap-20260820,feature/uc2000-ve-sms-browser-audit,fix/restore-websocket-registrations,revert-37-arena/019ffd78-pro-v1"
RED_Ultimate_V1-main/RED_Ultimate/app/src/main/java/com/red/sovereign/features/calls/data/CallRepository.kt,30,"arena/019fe8fa-pro-v1,arena/019fe9e3-pro-v1,arena/019ff019-pro-v1,arena/019ff06b-pro-v1,arena/019ff085-pro-v1,arena/019ff0c7-pro-v1,arena/019ff146-pro-v1,arena/019ff178-pro-v1,arena/019ff1f9-pro-v1,arena/019ff215-pro-v1,arena/019ff237-pro-v1,arena/019ff422-pro-v1,arena/019ff82d-pro-v1,arena/019ff859-pro-v1,arena/019ff8b4-pro-v1,arena/019ff8c7-pro-v1,arena/019ff8f2-pro-v1,arena/019ffce9-pro-v1,arena/019ffd78-pro-v1,arena/019ffe92-pro-v1,arena/019ffece-pro-v1,arena/019fffd5-pro-v1,arena/01a0064f-pro-v1,arena/01a00f9e-pro-v1,chore/platform-rebuild-baseline,feat/admin-social-management,feat/red-engineering-roadmap-20260820,feature/uc2000-ve-sms-browser-audit,fix/restore-websocket-registrations,revert-37-arena/019ffd78-pro-v1"
RED_Ultimate_V1-main/RED_Ultimate/app/src/main/java/com/red/sovereign/features/calls/service/CallForegroundService.kt,30,"arena/019fe8fa-pro-v1,arena/019fe9e3-pro-v1,arena/019ff019-pro-v1,arena/019ff06b-pro-v1,arena/019ff085-pro-v1,arena/019ff0c7-pro-v1,arena/019ff146-pro-v1,arena/019ff178-pro-v1,arena/019ff1f9-pro-v1,arena/019ff215-pro-v1,arena/019ff237-pro-v1,arena/019ff422-pro-v1,arena/019ff82d-pro-v1,arena/019ff859-pro-v1,arena/019ff8b4-pro-v1,arena/019ff8c7-pro-v1,arena/019ff8f2-pro-v1,arena/019ffce9-pro-v1,arena/019ffd78-pro-v1,arena/019ffe92-pro-v1,arena/019ffece-pro-v1,arena/019fffd5-pro-v1,arena/01a0064f-pro-v1,arena/01a00f9e-pro-v1,chore/platform-rebuild-baseline,feat/admin-social-management,feat/red-engineering-roadmap-20260820,feature/uc2000-ve-sms-browser-audit,fix/restore-websocket-registrations,revert-37-arena/019ffd78-pro-v1"
RED_Ultimate_V1-main/RED_Ultimate/app/src/main/java/com/red/sovereign/features/calls/service/NetworkMonitor.kt,30,"arena/019fe8fa-pro-v1,arena/019fe9e3-pro-v1,arena/019ff019-pro-v1,arena/019ff06b-pro-v1,arena/019ff085-pro-v1,arena/019ff0c7-pro-v1,arena/019ff146-pro-v1,arena/019ff178-pro-v1,arena/019ff1f9-pro-v1,arena/019ff215-pro-v1,arena/019ff237-pro-v1,arena/019ff422-pro-v1,arena/019ff82d-pro-v1,arena/019ff859-pro-v1,arena/019ff8b4-pro-v1,arena/019ff8c7-pro-v1,arena/019ff8f2-pro-v1,arena/019ffce9-pro-v1,arena/019ffd78-pro-v1,arena/019ffe92-pro-v1,arena/019ffece-pro-v1,arena/019fffd5-pro-v1,arena/01a0064f-pro-v1,arena/01a00f9e-pro-v1,chore/platform-rebuild-baseline,feat/admin-social-management,feat/red-engineering-roadmap-20260820,feature/uc2000-ve-sms-browser-audit,fix/restore-websocket-registrations,revert-37-arena/019ffd78-pro-v1"
RED_Ultimate_V1-main/RED_Ultimate/app/src/main/java/com/red/sovereign/features/calls/service/RedAudioManager.kt,30,"arena/019fe8fa-pro-v1,arena/019fe9e3-pro-v1,arena/019ff019-pro-v1,arena/019ff06b-pro-v1,arena/019ff085-pro-v1,arena/019ff0c7-pro-v1,arena/019ff146-pro-v1,arena/019ff178-pro-v1,arena/019ff1f9-pro-v1,arena/019ff215-pro-v1,arena/019ff237-pro-v1,arena/019ff422-pro-v1,arena/019ff82d-pro-v1,arena/019ff859-pro-v1,arena/019ff8b4-pro-v1,arena/019ff8c7-pro-v1,arena/019ff8f2-pro-v1,arena/019ffce9-pro-v1,arena/019ffd78-pro-v1,arena/019ffe92-pro-v1,arena/019ffece-pro-v1,arena/019fffd5-pro-v1,arena/01a0064f-pro-v1,arena/01a00f9e-pro-v1,chore/platform-rebuild-baseline,feat/admin-social-management,feat/red-engineering-roadmap-20260820,feature/uc2000-ve-sms-browser-audit,fix/restore-websocket-registrations,revert-37-arena/019ffd78-pro-v1"
RED_Ultimate_V1-main/RED_Ultimate/app/src/main/java/com/red/sovereign/features/calls/service/RedRingtoneManager.kt,30,"arena/019fe8fa-pro-v1,arena/019fe9e3-pro-v1,arena/019ff019-pro-v1,arena/019ff06b-pro-v1,arena/019ff085-pro-v1,arena/019ff0c7-pro-v1,arena/019ff146-pro-v1,arena/019ff178-pro-v1,arena/019ff1f9-pro-v1,arena/019ff215-pro-v1,arena/019ff237-pro-v1,arena/019ff422-pro-v1,arena/019ff82d-pro-v1,arena/019ff859-pro-v1,arena/019ff8b4-pro-v1,arena/019ff8c7-pro-v1,arena/019ff8f2-pro-v1,arena/019ffce9-pro-v1,arena/019ffd78-pro-v1,arena/019ffe92-pro-v1,arena/019ffece-pro-v1,arena/019fffd5-pro-v1,arena/01a0064f-pro-v1,arena/01a00f9e-pro-v1,chore/platform-rebuild-baseline,feat/admin-social-management,feat/red-engineering-roadmap-20260820,feature/uc2000-ve-sms-browser-audit,fix/restore-websocket-registrations,revert-37-arena/019ffd78-pro-v1"
RED_Ultimate_V1-main/RED_Ultimate/app/src/main/java/com/red/sovereign/features/calls/sfu/SfuClient.kt,30,"arena/019fe8fa-pro-v1,arena/019fe9e3-pro-v1,arena/019ff019-pro-v1,arena/019ff06b-pro-v1,arena/019ff085-pro-v1,arena/019ff0c7-pro-v1,arena/019ff146-pro-v1,arena/019ff178-pro-v1,arena/019ff1f9-pro-v1,arena/019ff215-pro-v1,arena/019ff237-pro-v1,arena/019ff422-pro-v1,arena/019ff82d-pro-v1,arena/019ff859-pro-v1,arena/019ff8b4-pro-v1,arena/019ff8c7-pro-v1,arena/019ff8f2-pro-v1,arena/019ffce9-pro-v1,arena/019ffd78-pro-v1,arena/019ffe92-pro-v1,arena/019ffece-pro-v1,arena/019fffd5-pro-v1,arena/01a0064f-pro-v1,arena/01a00f9e-pro-v1,chore/platform-rebuild-baseline,feat/admin-social-management,feat/red-engineering-roadmap-20260820,feature/uc2000-ve-sms-browser-audit,fix/restore-websocket-registrations,revert-37-arena/019ffd78-pro-v1"
RED_Ultimate_V1-main/RED_Ultimate/app/src/main/java/com/red/sovereign/features/calls/signaling/CallSignalingClient.kt,30,"arena/019fe8fa-pro-v1,arena/019fe9e3-pro-v1,arena/019ff019-pro-v1,arena/019ff06b-pro-v1,arena/019ff085-pro-v1,arena/019ff0c7-pro-v1,arena/019ff146-pro-v1,arena/019ff178-pro-v1,arena/019ff1f9-pro-v1,arena/019ff215-pro-v1,arena/019ff237-pro-v1,arena/019ff422-pro-v1,arena/019ff82d-pro-v1,arena/019ff859-pro-v1,arena/019ff8b4-pro-v1,arena/019ff8c7-pro-v1,arena/019ff8f2-pro-v1,arena/019ffce9-pro-v1,arena/019ffd78-pro-v1,arena/019ffe92-pro-v1,arena/019ffece-pro-v1,arena/019fffd5-pro-v1,arena/01a0064f-pro-v1,arena/01a00f9e-pro-v1,chore/platform-rebuild-baseline,feat/admin-social-management,feat/red-engineering-roadmap-20260820,feature/uc2000-ve-sms-browser-audit,fix/restore-websocket-registrations,revert-37-arena/019ffd78-pro-v1"
RED_Ultimate_V1-main/RED_Ultimate/app/src/main/java/com/red/sovereign/features/calls/ui/CallScreens.kt,30,"arena/019fe8fa-pro-v1,arena/019fe9e3-pro-v1,arena/019ff019-pro-v1,arena/019ff06b-pro-v1,arena/019ff085-pro-v1,arena/019ff0c7-pro-v1,arena/019ff146-pro-v1,arena/019ff178-pro-v1,arena/019ff1f9-pro-v1,arena/019ff215-pro-v1,arena/019ff237-pro-v1,arena/019ff422-pro-v1,arena/019ff82d-pro-v1,arena/019ff859-pro-v1,arena/019ff8b4-pro-v1,arena/019ff8c7-pro-v1,arena/019ff8f2-pro-v1,arena/019ffce9-pro-v1,arena/019ffd78-pro-v1,arena/019ffe92-pro-v1,arena/019ffece-pro-v1,arena/019fffd5-pro-v1,arena/01a0064f-pro-v1,arena/01a00f9e-pro-v1,chore/platform-rebuild-baseline,feat/admin-social-management,feat/red-engineering-roadmap-20260820,feature/uc2000-ve-sms-browser-audit,fix/restore-websocket-registrations,revert-37-arena/019ffd78-pro-v1"
RED_Ultimate_V1-main/RED_Ultimate/app/src/main/java/com/red/sovereign/features/calls/ui/ConferenceScreens.kt,30,"arena/019fe8fa-pro-v1,arena/019fe9e3-pro-v1,arena/019ff019-pro-v1,arena/019ff06b-pro-v1,arena/019ff085-pro-v1,arena/019ff0c7-pro-v1,arena/019ff146-pro-v1,arena/019ff178-pro-v1,arena/019ff1f9-pro-v1,arena/019ff215-pro-v1,arena/019ff237-pro-v1,arena/019ff422-pro-v1,arena/019ff82d-pro-v1,arena/019ff859-pro-v1,arena/019ff8b4-pro-v1,arena/019ff8c7-pro-v1,arena/019ff8f2-pro-v1,arena/019ffce9-pro-v1,arena/019ffd78-pro-v1,arena/019ffe92-pro-v1,arena/019ffece-pro-v1,arena/019fffd5-pro-v1,arena/01a0064f-pro-v1,arena/01a00f9e-pro-v1,chore/platform-rebuild-baseline,feat/admin-social-management,feat/red-engineering-roadmap-20260820,feature/uc2000-ve-sms-browser-audit,fix/restore-websocket-registrations,revert-37-arena/019ffd78-pro-v1"
RED_Ultimate_V1-main/RED_Ultimate/app/src/main/java/com/red/sovereign/features/chat/ChatListScreen.kt,30,"arena/019fe8fa-pro-v1,arena/019fe9e3-pro-v1,arena/019ff019-pro-v1,arena/019ff06b-pro-v1,arena/019ff085-pro-v1,arena/019ff0c7-pro-v1,arena/019ff146-pro-v1,arena/019ff178-pro-v1,arena/019ff1f9-pro-v1,arena/019ff215-pro-v1,arena/019ff237-pro-v1,arena/019ff422-pro-v1,arena/019ff82d-pro-v1,arena/019ff859-pro-v1,arena/019ff8b4-pro-v1,arena/019ff8c7-pro-v1,arena/019ff8f2-pro-v1,arena/019ffce9-pro-v1,arena/019ffd78-pro-v1,arena/019ffe92-pro-v1,arena/019ffece-pro-v1,arena/019fffd5-pro-v1,arena/01a0064f-pro-v1,arena/01a00f9e-pro-v1,chore/platform-rebuild-baseline,feat/admin-social-management,feat/red-engineering-roadmap-20260820,feature/uc2000-ve-sms-browser-audit,fix/restore-websocket-registrations,revert-37-arena/019ffd78-pro-v1"
RED_Ultimate_V1-main/RED_Ultimate/app/src/main/java/com/red/sovereign/features/chat/GroupCreateScreen.kt,30,"arena/019fe8fa-pro-v1,arena/019fe9e3-pro-v1,arena/019ff019-pro-v1,arena/019ff06b-pro-v1,arena/019ff085-pro-v1,arena/019ff0c7-pro-v1,arena/019ff146-pro-v1,arena/019ff178-pro-v1,arena/019ff1f9-pro-v1,arena/019ff215-pro-v1,arena/019ff237-pro-v1,arena/019ff422-pro-v1,arena/019ff82d-pro-v1,arena/019ff859-pro-v1,arena/019ff8b4-pro-v1,arena/019ff8c7-pro-v1,arena/019ff8f2-pro-v1,arena/019ffce9-pro-v1,arena/019ffd78-pro-v1,arena/019ffe92-pro-v1,arena/019ffece-pro-v1,arena/019fffd5-pro-v1,arena/01a0064f-pro-v1,arena/01a00f9e-pro-v1,chore/platform-rebuild-baseline,feat/admin-social-management,feat/red-engineering-roadmap-20260820,feature/uc2000-ve-sms-browser-audit,fix/restore-websocket-registrations,revert-37-arena/019ffd78-pro-v1"
RED_Ultimate_V1-main/RED_Ultimate/app/src/main/java/com/red/sovereign/features/chat/GroupDetailScreen.kt,30,"arena/019fe8fa-pro-v1,arena/019fe9e3-pro-v1,arena/019ff019-pro-v1,arena/019ff06b-pro-v1,arena/019ff085-pro-v1,arena/019ff0c7-pro-v1,arena/019ff146-pro-v1,arena/019ff178-pro-v1,arena/019ff1f9-pro-v1,arena/019ff215-pro-v1,arena/019ff237-pro-v1,arena/019ff422-pro-v1,arena/019ff82d-pro-v1,arena/019ff859-pro-v1,arena/019ff8b4-pro-v1,arena/019ff8c7-pro-v1,arena/019ff8f2-pro-v1,arena/019ffce9-pro-v1,arena/019ffd78-pro-v1,arena/019ffe92-pro-v1,arena/019ffece-pro-v1,arena/019fffd5-pro-v1,arena/01a0064f-pro-v1,arena/01a00f9e-pro-v1,chore/platform-rebuild-baseline,feat/admin-social-management,feat/red-engineering-roadmap-20260820,feature/uc2000-ve-sms-browser-audit,fix/restore-websocket-registrations,revert-37-arena/019ffd78-pro-v1"
RED_Ultimate_V1-main/RED_Ultimate/app/src/main/java/com/red/sovereign/features/chat/RedMessageInput.kt,30,"arena/019fe8fa-pro-v1,arena/019fe9e3-pro-v1,arena/019ff019-pro-v1,arena/019ff06b-pro-v1,arena/019ff085-pro-v1,arena/019ff0c7-pro-v1,arena/019ff146-pro-v1,arena/019ff178-pro-v1,arena/019ff1f9-pro-v1,arena/019ff215-pro-v1,arena/019ff237-pro-v1,arena/019ff422-pro-v1,arena/019ff82d-pro-v1,arena/019ff859-pro-v1,arena/019ff8b4-pro-v1,arena/019ff8c7-pro-v1,arena/019ff8f2-pro-v1,arena/019ffce9-pro-v1,arena/019ffd78-pro-v1,arena/019ffe92-pro-v1,arena/019ffece-pro-v1,arena/019fffd5-pro-v1,arena/01a0064f-pro-v1,arena/01a00f9e-pro-v1,chore/platform-rebuild-baseline,feat/admin-social-management,feat/red-engineering-roadmap-20260820,feature/uc2000-ve-sms-browser-audit,fix/restore-websocket-registrations,revert-37-arena/019ffd78-pro-v1"
RED_Ultimate_V1-main/RED_Ultimate/app/src/main/java/com/red/sovereign/features/chat/SecurityVisualizerScreen.kt,30,"arena/019fe8fa-pro-v1,arena/019fe9e3-pro-v1,arena/019ff019-pro-v1,arena/019ff06b-pro-v1,arena/019ff085-pro-v1,arena/019ff0c7-pro-v1,arena/019ff146-pro-v1,arena/019ff178-pro-v1,arena/019ff1f9-pro-v1,arena/019ff215-pro-v1,arena/019ff237-pro-v1,arena/019ff422-pro-v1,arena/019ff82d-pro-v1,arena/019ff859-pro-v1,arena/019ff8b4-pro-v1,arena/019ff8c7-pro-v1,arena/019ff8f2-pro-v1,arena/019ffce9-pro-v1,arena/019ffd78-pro-v1,arena/019ffe92-pro-v1,arena/019ffece-pro-v1,arena/019fffd5-pro-v1,arena/01a0064f-pro-v1,arena/01a00f9e-pro-v1,chore/platform-rebuild-baseline,feat/admin-social-management,feat/red-engineering-roadmap-20260820,feature/uc2000-ve-sms-browser-audit,fix/restore-websocket-registrations,revert-37-arena/019ffd78-pro-v1"
RED_Ultimate_V1-main/RED_Ultimate/app/src/main/java/com/red/sovereign/features/pstn/DinstarDashboardUI.kt,30,"arena/019fe8fa-pro-v1,arena/019fe9e3-pro-v1,arena/019ff019-pro-v1,arena/019ff06b-pro-v1,arena/019ff085-pro-v1,arena/019ff0c7-pro-v1,arena/019ff146-pro-v1,arena/019ff178-pro-v1,arena/019ff1f9-pro-v1,arena/019ff215-pro-v1,arena/019ff237-pro-v1,arena/019ff422-pro-v1,arena/019ff82d-pro-v1,arena/019ff859-pro-v1,arena/019ff8b4-pro-v1,arena/019ff8c7-pro-v1,arena/019ff8f2-pro-v1,arena/019ffce9-pro-v1,arena/019ffd78-pro-v1,arena/019ffe92-pro-v1,arena/019ffece-pro-v1,arena/019fffd5-pro-v1,arena/01a0064f-pro-v1,arena/01a00f9e-pro-v1,chore/platform-rebuild-baseline,feat/admin-social-management,feat/red-engineering-roadmap-20260820,feature/uc2000-ve-sms-browser-audit,fix/restore-websocket-registrations,revert-37-arena/019ffd78-pro-v1"
RED_Ultimate_V1-main/RED_Ultimate/app/src/main/java/com/red/sovereign/features/pstn/DinstarLiveMonitor.kt,30,"arena/019fe8fa-pro-v1,arena/019fe9e3-pro-v1,arena/019ff019-pro-v1,arena/019ff06b-pro-v1,arena/019ff085-pro-v1,arena/019ff0c7-pro-v1,arena/019ff146-pro-v1,arena/019ff178-pro-v1,arena/019ff1f9-pro-v1,arena/019ff215-pro-v1,arena/019ff237-pro-v1,arena/019ff422-pro-v1,arena/019ff82d-pro-v1,arena/019ff859-pro-v1,arena/019ff8b4-pro-v1,arena/019ff8c7-pro-v1,arena/019ff8f2-pro-v1,arena/019ffce9-pro-v1,arena/019ffd78-pro-v1,arena/019ffe92-pro-v1,arena/019ffece-pro-v1,arena/019fffd5-pro-v1,arena/01a0064f-pro-v1,arena/01a00f9e-pro-v1,chore/platform-rebuild-baseline,feat/admin-social-management,feat/red-engineering-roadmap-20260820,feature/uc2000-ve-sms-browser-audit,fix/restore-websocket-registrations,revert-37-arena/019ffd78-pro-v1"
RED_Ultimate_V1-main/RED_Ultimate/app/src/main/java/com/red/sovereign/features/pstn/YemeniOperatorDetector.kt,30,"arena/019fe8fa-pro-v1,arena/019fe9e3-pro-v1,arena/019ff019-pro-v1,arena/019ff06b-pro-v1,arena/019ff085-pro-v1,arena/019ff0c7-pro-v1,arena/019ff146-pro-v1,arena/019ff178-pro-v1,arena/019ff1f9-pro-v1,arena/019ff215-pro-v1,arena/019ff237-pro-v1,arena/019ff422-pro-v1,arena/019ff82d-pro-v1,arena/019ff859-pro-v1,arena/019ff8b4-pro-v1,arena/019ff8c7-pro-v1,arena/019ff8f2-pro-v1,arena/019ffce9-pro-v1,arena/019ffd78-pro-v1,arena/019ffe92-pro-v1,arena/019ffece-pro-v1,arena/019fffd5-pro-v1,arena/01a0064f-pro-v1,arena/01a00f9e-pro-v1,chore/platform-rebuild-baseline,feat/admin-social-management,feat/red-engineering-roadmap-20260820,feature/uc2000-ve-sms-browser-audit,fix/restore-websocket-registrations,revert-37-arena/019ffd78-pro-v1"
RED_Ultimate_V1-main/RED_Ultimate/app/src/main/java/com/red/sovereign/features/settings/SettingsScreen.kt,30,"arena/019fe8fa-pro-v1,arena/019fe9e3-pro-v1,arena/019ff019-pro-v1,arena/019ff06b-pro-v1,arena/019ff085-pro-v1,arena/019ff0c7-pro-v1,arena/019ff146-pro-v1,arena/019ff178-pro-v1,arena/019ff1f9-pro-v1,arena/019ff215-pro-v1,arena/019ff237-pro-v1,arena/019ff422-pro-v1,arena/019ff82d-pro-v1,arena/019ff859-pro-v1,arena/019ff8b4-pro-v1,arena/019ff8c7-pro-v1,arena/019ff8f2-pro-v1,arena/019ffce9-pro-v1,arena/019ffd78-pro-v1,arena/019ffe92-pro-v1,arena/019ffece-pro-v1,arena/019fffd5-pro-v1,arena/01a0064f-pro-v1,arena/01a00f9e-pro-v1,chore/platform-rebuild-baseline,feat/admin-social-management,feat/red-engineering-roadmap-20260820,feature/uc2000-ve-sms-browser-audit,fix/restore-websocket-registrations,revert-37-arena/019ffd78-pro-v1"
RED_Ultimate_V1-main/RED_Ultimate/backend-server/.env.example,30,"arena/019fe8fa-pro-v1,arena/019fe9e3-pro-v1,arena/019ff019-pro-v1,arena/019ff06b-pro-v1,arena/019ff085-pro-v1,arena/019ff0c7-pro-v1,arena/019ff146-pro-v1,arena/019ff178-pro-v1,arena/019ff1f9-pro-v1,arena/019ff215-pro-v1,arena/019ff237-pro-v1,arena/019ff422-pro-v1,arena/019ff82d-pro-v1,arena/019ff859-pro-v1,arena/019ff8b4-pro-v1,arena/019ff8c7-pro-v1,arena/019ff8f2-pro-v1,arena/019ffce9-pro-v1,arena/019ffd78-pro-v1,arena/019ffe92-pro-v1,arena/019ffece-pro-v1,arena/019fffd5-pro-v1,arena/01a0064f-pro-v1,arena/01a00f9e-pro-v1,chore/platform-rebuild-baseline,feat/admin-social-management,feat/red-engineering-roadmap-20260820,feature/uc2000-ve-sms-browser-audit,fix/restore-websocket-registrations,revert-37-arena/019ffd78-pro-v1"
RED_Ultimate_V1-main/RED_Ultimate/backend-server/Dockerfile.local,30,"arena/019fe8fa-pro-v1,arena/019fe9e3-pro-v1,arena/019ff019-pro-v1,arena/019ff06b-pro-v1,arena/019ff085-pro-v1,arena/019ff0c7-pro-v1,arena/019ff146-pro-v1,arena/019ff178-pro-v1,arena/019ff1f9-pro-v1,arena/019ff215-pro-v1,arena/019ff237-pro-v1,arena/019ff422-pro-v1,arena/019ff82d-pro-v1,arena/019ff859-pro-v1,arena/019ff8b4-pro-v1,arena/019ff8c7-pro-v1,arena/019ff8f2-pro-v1,arena/019ffce9-pro-v1,arena/019ffd78-pro-v1,arena/019ffe92-pro-v1,arena/019ffece-pro-v1,arena/019fffd5-pro-v1,arena/01a0064f-pro-v1,arena/01a00f9e-pro-v1,chore/platform-rebuild-baseline,feat/admin-social-management,feat/red-engineering-roadmap-20260820,feature/uc2000-ve-sms-browser-audit,fix/restore-websocket-registrations,revert-37-arena/019ffd78-pro-v1"
RED_Ultimate_V1-main/RED_Ultimate/backend-server/src/main/kotlin/com/red/server/admin/DinstarAdminController.kt,30,"arena/019fe8fa-pro-v1,arena/019fe9e3-pro-v1,arena/019ff019-pro-v1,arena/019ff06b-pro-v1,arena/019ff085-pro-v1,arena/019ff0c7-pro-v1,arena/019ff146-pro-v1,arena/019ff178-pro-v1,arena/019ff1f9-pro-v1,arena/019ff215-pro-v1,arena/019ff237-pro-v1,arena/019ff422-pro-v1,arena/019ff82d-pro-v1,arena/019ff859-pro-v1,arena/019ff8b4-pro-v1,arena/019ff8c7-pro-v1,arena/019ff8f2-pro-v1,arena/019ffce9-pro-v1,arena/019ffd78-pro-v1,arena/019ffe92-pro-v1,arena/019ffece-pro-v1,arena/019fffd5-pro-v1,arena/01a0064f-pro-v1,arena/01a00f9e-pro-v1,chore/platform-rebuild-baseline,feat/admin-social-management,feat/red-engineering-roadmap-20260820,feature/uc2000-ve-sms-browser-audit,fix/restore-websocket-registrations,revert-37-arena/019ffd78-pro-v1"
RED_Ultimate_V1-main/RED_Ultimate/backend-server/src/main/kotlin/com/red/server/admin/controller/AdminEventsController.kt,30,"arena/019fe8fa-pro-v1,arena/019fe9e3-pro-v1,arena/019ff019-pro-v1,arena/019ff06b-pro-v1,arena/019ff085-pro-v1,arena/019ff0c7-pro-v1,arena/019ff146-pro-v1,arena/019ff178-pro-v1,arena/019ff1f9-pro-v1,arena/019ff215-pro-v1,arena/019ff237-pro-v1,arena/019ff422-pro-v1,arena/019ff82d-pro-v1,arena/019ff859-pro-v1,arena/019ff8b4-pro-v1,arena/019ff8c7-pro-v1,arena/019ff8f2-pro-v1,arena/019ffce9-pro-v1,arena/019ffd78-pro-v1,arena/019ffe92-pro-v1,arena/019ffece-pro-v1,arena/019fffd5-pro-v1,arena/01a0064f-pro-v1,arena/01a00f9e-pro-v1,chore/platform-rebuild-baseline,feat/admin-social-management,feat/red-engineering-roadmap-20260820,feature/uc2000-ve-sms-browser-audit,fix/restore-websocket-registrations,revert-37-arena/019ffd78-pro-v1"
RED_Ultimate_V1-main/RED_Ultimate/backend-server/src/main/kotlin/com/red/server/admin/service/DashboardDataScheduler.kt,30,"arena/019fe8fa-pro-v1,arena/019fe9e3-pro-v1,arena/019ff019-pro-v1,arena/019ff06b-pro-v1,arena/019ff085-pro-v1,arena/019ff0c7-pro-v1,arena/019ff146-pro-v1,arena/019ff178-pro-v1,arena/019ff1f9-pro-v1,arena/019ff215-pro-v1,arena/019ff237-pro-v1,arena/019ff422-pro-v1,arena/019ff82d-pro-v1,arena/019ff859-pro-v1,arena/019ff8b4-pro-v1,arena/019ff8c7-pro-v1,arena/019ff8f2-pro-v1,arena/019ffce9-pro-v1,arena/019ffd78-pro-v1,arena/019ffe92-pro-v1,arena/019ffece-pro-v1,arena/019fffd5-pro-v1,arena/01a0064f-pro-v1,arena/01a00f9e-pro-v1,chore/platform-rebuild-baseline,feat/admin-social-management,feat/red-engineering-roadmap-20260820,feature/uc2000-ve-sms-browser-audit,fix/restore-websocket-registrations,revert-37-arena/019ffd78-pro-v1"
RED_Ultimate_V1-main/RED_Ultimate/backend-server/src/main/kotlin/com/red/server/auth/YounesServerSignature.kt,30,"arena/019fe8fa-pro-v1,arena/019fe9e3-pro-v1,arena/019ff019-pro-v1,arena/019ff06b-pro-v1,arena/019ff085-pro-v1,arena/019ff0c7-pro-v1,arena/019ff146-pro-v1,arena/019ff178-pro-v1,arena/019ff1f9-pro-v1,arena/019ff215-pro-v1,arena/019ff237-pro-v1,arena/019ff422-pro-v1,arena/019ff82d-pro-v1,arena/019ff859-pro-v1,arena/019ff8b4-pro-v1,arena/019ff8c7-pro-v1,arena/019ff8f2-pro-v1,arena/019ffce9-pro-v1,arena/019ffd78-pro-v1,arena/019ffe92-pro-v1,arena/019ffece-pro-v1,arena/019fffd5-pro-v1,arena/01a0064f-pro-v1,arena/01a00f9e-pro-v1,chore/platform-rebuild-baseline,feat/admin-social-management,feat/red-engineering-roadmap-20260820,feature/uc2000-ve-sms-browser-audit,fix/restore-websocket-registrations,revert-37-arena/019ffd78-pro-v1"
RED_Ultimate_V1-main/RED_Ultimate/backend-server/src/main/kotlin/com/red/server/calls/ActiveCallRegistry.kt,30,"arena/019fe8fa-pro-v1,arena/019fe9e3-pro-v1,arena/019ff019-pro-v1,arena/019ff06b-pro-v1,arena/019ff085-pro-v1,arena/019ff0c7-pro-v1,arena/019ff146-pro-v1,arena/019ff178-pro-v1,arena/019ff1f9-pro-v1,arena/019ff215-pro-v1,arena/019ff237-pro-v1,arena/019ff422-pro-v1,arena/019ff82d-pro-v1,arena/019ff859-pro-v1,arena/019ff8b4-pro-v1,arena/019ff8c7-pro-v1,arena/019ff8f2-pro-v1,arena/019ffce9-pro-v1,arena/019ffd78-pro-v1,arena/019ffe92-pro-v1,arena/019ffece-pro-v1,arena/019fffd5-pro-v1,arena/01a0064f-pro-v1,arena/01a00f9e-pro-v1,chore/platform-rebuild-baseline,feat/admin-social-management,feat/red-engineering-roadmap-20260820,feature/uc2000-ve-sms-browser-audit,fix/restore-websocket-registrations,revert-37-arena/019ffd78-pro-v1"
RED_Ultimate_V1-main/RED_Ultimate/backend-server/src/main/kotlin/com/red/server/calls/LiveStreamRepository.kt,30,"arena/019fe8fa-pro-v1,arena/019fe9e3-pro-v1,arena/019ff019-pro-v1,arena/019ff06b-pro-v1,arena/019ff085-pro-v1,arena/019ff0c7-pro-v1,arena/019ff146-pro-v1,arena/019ff178-pro-v1,arena/019ff1f9-pro-v1,arena/019ff215-pro-v1,arena/019ff237-pro-v1,arena/019ff422-pro-v1,arena/019ff82d-pro-v1,arena/019ff859-pro-v1,arena/019ff8b4-pro-v1,arena/019ff8c7-pro-v1,arena/019ff8f2-pro-v1,arena/019ffce9-pro-v1,arena/019ffd78-pro-v1,arena/019ffe92-pro-v1,arena/019ffece-pro-v1,arena/019fffd5-pro-v1,arena/01a0064f-pro-v1,arena/01a00f9e-pro-v1,chore/platform-rebuild-baseline,feat/admin-social-management,feat/red-engineering-roadmap-20260820,feature/uc2000-ve-sms-browser-audit,fix/restore-websocket-registrations,revert-37-arena/019ffd78-pro-v1"
RED_Ultimate_V1-main/RED_Ultimate/backend-server/src/main/kotlin/com/red/server/controllers/PstnBindingController.kt,30,"arena/019fe8fa-pro-v1,arena/019fe9e3-pro-v1,arena/019ff019-pro-v1,arena/019ff06b-pro-v1,arena/019ff085-pro-v1,arena/019ff0c7-pro-v1,arena/019ff146-pro-v1,arena/019ff178-pro-v1,arena/019ff1f9-pro-v1,arena/019ff215-pro-v1,arena/019ff237-pro-v1,arena/019ff422-pro-v1,arena/019ff82d-pro-v1,arena/019ff859-pro-v1,arena/019ff8b4-pro-v1,arena/019ff8c7-pro-v1,arena/019ff8f2-pro-v1,arena/019ffce9-pro-v1,arena/019ffd78-pro-v1,arena/019ffe92-pro-v1,arena/019ffece-pro-v1,arena/019fffd5-pro-v1,arena/01a0064f-pro-v1,arena/01a00f9e-pro-v1,chore/platform-rebuild-baseline,feat/admin-social-management,feat/red-engineering-roadmap-20260820,feature/uc2000-ve-sms-browser-audit,fix/restore-websocket-registrations,revert-37-arena/019ffd78-pro-v1"
RED_Ultimate_V1-main/RED_Ultimate/backend-server/src/main/kotlin/com/red/server/dinstar/NumberLearningController.kt,30,"arena/019fe8fa-pro-v1,arena/019fe9e3-pro-v1,arena/019ff019-pro-v1,arena/019ff06b-pro-v1,arena/019ff085-pro-v1,arena/019ff0c7-pro-v1,arena/019ff146-pro-v1,arena/019ff178-pro-v1,arena/019ff1f9-pro-v1,arena/019ff215-pro-v1,arena/019ff237-pro-v1,arena/019ff422-pro-v1,arena/019ff82d-pro-v1,arena/019ff859-pro-v1,arena/019ff8b4-pro-v1,arena/019ff8c7-pro-v1,arena/019ff8f2-pro-v1,arena/019ffce9-pro-v1,arena/019ffd78-pro-v1,arena/019ffe92-pro-v1,arena/019ffece-pro-v1,arena/019fffd5-pro-v1,arena/01a0064f-pro-v1,arena/01a00f9e-pro-v1,chore/platform-rebuild-baseline,feat/admin-social-management,feat/red-engineering-roadmap-20260820,feature/uc2000-ve-sms-browser-audit,fix/restore-websocket-registrations,revert-37-arena/019ffd78-pro-v1"
RED_Ultimate_V1-main/RED_Ultimate/backend-server/src/main/kotlin/com/red/server/dinstar/NumberLearningService.kt,30,"arena/019fe8fa-pro-v1,arena/019fe9e3-pro-v1,arena/019ff019-pro-v1,arena/019ff06b-pro-v1,arena/019ff085-pro-v1,arena/019ff0c7-pro-v1,arena/019ff146-pro-v1,arena/019ff178-pro-v1,arena/019ff1f9-pro-v1,arena/019ff215-pro-v1,arena/019ff237-pro-v1,arena/019ff422-pro-v1,arena/019ff82d-pro-v1,arena/019ff859-pro-v1,arena/019ff8b4-pro-v1,arena/019ff8c7-pro-v1,arena/019ff8f2-pro-v1,arena/019ffce9-pro-v1,arena/019ffd78-pro-v1,arena/019ffe92-pro-v1,arena/019ffece-pro-v1,arena/019fffd5-pro-v1,arena/01a0064f-pro-v1,arena/01a00f9e-pro-v1,chore/platform-rebuild-baseline,feat/admin-social-management,feat/red-engineering-roadmap-20260820,feature/uc2000-ve-sms-browser-audit,fix/restore-websocket-registrations,revert-37-arena/019ffd78-pro-v1"
RED_Ultimate_V1-main/RED_Ultimate/backend-server/src/main/kotlin/com/red/server/groups/GroupIndexInitializer.kt,30,"arena/019fe8fa-pro-v1,arena/019fe9e3-pro-v1,arena/019ff019-pro-v1,arena/019ff06b-pro-v1,arena/019ff085-pro-v1,arena/019ff0c7-pro-v1,arena/019ff146-pro-v1,arena/019ff178-pro-v1,arena/019ff1f9-pro-v1,arena/019ff215-pro-v1,arena/019ff237-pro-v1,arena/019ff422-pro-v1,arena/019ff82d-pro-v1,arena/019ff859-pro-v1,arena/019ff8b4-pro-v1,arena/019ff8c7-pro-v1,arena/019ff8f2-pro-v1,arena/019ffce9-pro-v1,arena/019ffd78-pro-v1,arena/019ffe92-pro-v1,arena/019ffece-pro-v1,arena/019fffd5-pro-v1,arena/01a0064f-pro-v1,arena/01a00f9e-pro-v1,chore/platform-rebuild-baseline,feat/admin-social-management,feat/red-engineering-roadmap-20260820,feature/uc2000-ve-sms-browser-audit,fix/restore-websocket-registrations,revert-37-arena/019ffd78-pro-v1"
RED_Ultimate_V1-main/RED_Ultimate/backend-server/src/main/kotlin/com/red/server/groups/GroupMembershipChangedEvent.kt,30,"arena/019fe8fa-pro-v1,arena/019fe9e3-pro-v1,arena/019ff019-pro-v1,arena/019ff06b-pro-v1,arena/019ff085-pro-v1,arena/019ff0c7-pro-v1,arena/019ff146-pro-v1,arena/019ff178-pro-v1,arena/019ff1f9-pro-v1,arena/019ff215-pro-v1,arena/019ff237-pro-v1,arena/019ff422-pro-v1,arena/019ff82d-pro-v1,arena/019ff859-pro-v1,arena/019ff8b4-pro-v1,arena/019ff8c7-pro-v1,arena/019ff8f2-pro-v1,arena/019ffce9-pro-v1,arena/019ffd78-pro-v1,arena/019ffe92-pro-v1,arena/019ffece-pro-v1,arena/019fffd5-pro-v1,arena/01a0064f-pro-v1,arena/01a00f9e-pro-v1,chore/platform-rebuild-baseline,feat/admin-social-management,feat/red-engineering-roadmap-20260820,feature/uc2000-ve-sms-browser-audit,fix/restore-websocket-registrations,revert-37-arena/019ffd78-pro-v1"
RED_Ultimate_V1-main/RED_Ultimate/backend-server/src/main/kotlin/com/red/server/pstn/AutoNumberLearningService.kt,30,"arena/019fe8fa-pro-v1,arena/019fe9e3-pro-v1,arena/019ff019-pro-v1,arena/019ff06b-pro-v1,arena/019ff085-pro-v1,arena/019ff0c7-pro-v1,arena/019ff146-pro-v1,arena/019ff178-pro-v1,arena/019ff1f9-pro-v1,arena/019ff215-pro-v1,arena/019ff237-pro-v1,arena/019ff422-pro-v1,arena/019ff82d-pro-v1,arena/019ff859-pro-v1,arena/019ff8b4-pro-v1,arena/019ff8c7-pro-v1,arena/019ff8f2-pro-v1,arena/019ffce9-pro-v1,arena/019ffd78-pro-v1,arena/019ffe92-pro-v1,arena/019ffece-pro-v1,arena/019fffd5-pro-v1,arena/01a0064f-pro-v1,arena/01a00f9e-pro-v1,chore/platform-rebuild-baseline,feat/admin-social-management,feat/red-engineering-roadmap-20260820,feature/uc2000-ve-sms-browser-audit,fix/restore-websocket-registrations,revert-37-arena/019ffd78-pro-v1"
RED_Ultimate_V1-main/RED_Ultimate/backend-server/src/main/kotlin/com/red/server/pstn/InternalPstnController.kt,30,"arena/019fe8fa-pro-v1,arena/019fe9e3-pro-v1,arena/019ff019-pro-v1,arena/019ff06b-pro-v1,arena/019ff085-pro-v1,arena/019ff0c7-pro-v1,arena/019ff146-pro-v1,arena/019ff178-pro-v1,arena/019ff1f9-pro-v1,arena/019ff215-pro-v1,arena/019ff237-pro-v1,arena/019ff422-pro-v1,arena/019ff82d-pro-v1,arena/019ff859-pro-v1,arena/019ff8b4-pro-v1,arena/019ff8c7-pro-v1,arena/019ff8f2-pro-v1,arena/019ffce9-pro-v1,arena/019ffd78-pro-v1,arena/019ffe92-pro-v1,arena/019ffece-pro-v1,arena/019fffd5-pro-v1,arena/01a0064f-pro-v1,arena/01a00f9e-pro-v1,chore/platform-rebuild-baseline,feat/admin-social-management,feat/red-engineering-roadmap-20260820,feature/uc2000-ve-sms-browser-audit,fix/restore-websocket-registrations,revert-37-arena/019ffd78-pro-v1"
RED_Ultimate_V1-main/RED_Ultimate/backend-server/src/main/kotlin/com/red/server/pstn/PstnActiveCallKeys.kt,30,"arena/019fe8fa-pro-v1,arena/019fe9e3-pro-v1,arena/019ff019-pro-v1,arena/019ff06b-pro-v1,arena/019ff085-pro-v1,arena/019ff0c7-pro-v1,arena/019ff146-pro-v1,arena/019ff178-pro-v1,arena/019ff1f9-pro-v1,arena/019ff215-pro-v1,arena/019ff237-pro-v1,arena/019ff422-pro-v1,arena/019ff82d-pro-v1,arena/019ff859-pro-v1,arena/019ff8b4-pro-v1,arena/019ff8c7-pro-v1,arena/019ff8f2-pro-v1,arena/019ffce9-pro-v1,arena/019ffd78-pro-v1,arena/019ffe92-pro-v1,arena/019ffece-pro-v1,arena/019fffd5-pro-v1,arena/01a0064f-pro-v1,arena/01a00f9e-pro-v1,chore/platform-rebuild-baseline,feat/admin-social-management,feat/red-engineering-roadmap-20260820,feature/uc2000-ve-sms-browser-audit,fix/restore-websocket-registrations,revert-37-arena/019ffd78-pro-v1"
RED_Ultimate_V1-main/RED_Ultimate/backend-server/src/main/kotlin/com/red/server/pstn/PstnBridgeController.kt,30,"arena/019fe8fa-pro-v1,arena/019fe9e3-pro-v1,arena/019ff019-pro-v1,arena/019ff06b-pro-v1,arena/019ff085-pro-v1,arena/019ff0c7-pro-v1,arena/019ff146-pro-v1,arena/019ff178-pro-v1,arena/019ff1f9-pro-v1,arena/019ff215-pro-v1,arena/019ff237-pro-v1,arena/019ff422-pro-v1,arena/019ff82d-pro-v1,arena/019ff859-pro-v1,arena/019ff8b4-pro-v1,arena/019ff8c7-pro-v1,arena/019ff8f2-pro-v1,arena/019ffce9-pro-v1,arena/019ffd78-pro-v1,arena/019ffe92-pro-v1,arena/019ffece-pro-v1,arena/019fffd5-pro-v1,arena/01a0064f-pro-v1,arena/01a00f9e-pro-v1,chore/platform-rebuild-baseline,feat/admin-social-management,feat/red-engineering-roadmap-20260820,feature/uc2000-ve-sms-browser-audit,fix/restore-websocket-registrations,revert-37-arena/019ffd78-pro-v1"
RED_Ultimate_V1-main/RED_Ultimate/backend-server/src/main/kotlin/com/red/server/pstn/YemenNumberPlan.kt,30,"arena/019fe8fa-pro-v1,arena/019fe9e3-pro-v1,arena/019ff019-pro-v1,arena/019ff06b-pro-v1,arena/019ff085-pro-v1,arena/019ff0c7-pro-v1,arena/019ff146-pro-v1,arena/019ff178-pro-v1,arena/019ff1f9-pro-v1,arena/019ff215-pro-v1,arena/019ff237-pro-v1,arena/019ff422-pro-v1,arena/019ff82d-pro-v1,arena/019ff859-pro-v1,arena/019ff8b4-pro-v1,arena/019ff8c7-pro-v1,arena/019ff8f2-pro-v1,arena/019ffce9-pro-v1,arena/019ffd78-pro-v1,arena/019ffe92-pro-v1,arena/019ffece-pro-v1,arena/019fffd5-pro-v1,arena/01a0064f-pro-v1,arena/01a00f9e-pro-v1,chore/platform-rebuild-baseline,feat/admin-social-management,feat/red-engineering-roadmap-20260820,feature/uc2000-ve-sms-browser-audit,fix/restore-websocket-registrations,revert-37-arena/019ffd78-pro-v1"
RED_Ultimate_V1-main/RED_Ultimate/backend-server/src/main/kotlin/com/red/server/services/CdrIngestScheduler.kt,30,"arena/019fe8fa-pro-v1,arena/019fe9e3-pro-v1,arena/019ff019-pro-v1,arena/019ff06b-pro-v1,arena/019ff085-pro-v1,arena/019ff0c7-pro-v1,arena/019ff146-pro-v1,arena/019ff178-pro-v1,arena/019ff1f9-pro-v1,arena/019ff215-pro-v1,arena/019ff237-pro-v1,arena/019ff422-pro-v1,arena/019ff82d-pro-v1,arena/019ff859-pro-v1,arena/019ff8b4-pro-v1,arena/019ff8c7-pro-v1,arena/019ff8f2-pro-v1,arena/019ffce9-pro-v1,arena/019ffd78-pro-v1,arena/019ffe92-pro-v1,arena/019ffece-pro-v1,arena/019fffd5-pro-v1,arena/01a0064f-pro-v1,arena/01a00f9e-pro-v1,chore/platform-rebuild-baseline,feat/admin-social-management,feat/red-engineering-roadmap-20260820,feature/uc2000-ve-sms-browser-audit,fix/restore-websocket-registrations,revert-37-arena/019ffd78-pro-v1"
RED_Ultimate_V1-main/RED_Ultimate/backend-server/src/main/kotlin/com/red/server/services/DinstarApiContract.kt,30,"arena/019fe8fa-pro-v1,arena/019fe9e3-pro-v1,arena/019ff019-pro-v1,arena/019ff06b-pro-v1,arena/019ff085-pro-v1,arena/019ff0c7-pro-v1,arena/019ff146-pro-v1,arena/019ff178-pro-v1,arena/019ff1f9-pro-v1,arena/019ff215-pro-v1,arena/019ff237-pro-v1,arena/019ff422-pro-v1,arena/019ff82d-pro-v1,arena/019ff859-pro-v1,arena/019ff8b4-pro-v1,arena/019ff8c7-pro-v1,arena/019ff8f2-pro-v1,arena/019ffce9-pro-v1,arena/019ffd78-pro-v1,arena/019ffe92-pro-v1,arena/019ffece-pro-v1,arena/019fffd5-pro-v1,arena/01a0064f-pro-v1,arena/01a00f9e-pro-v1,chore/platform-rebuild-baseline,feat/admin-social-management,feat/red-engineering-roadmap-20260820,feature/uc2000-ve-sms-browser-audit,fix/restore-websocket-registrations,revert-37-arena/019ffd78-pro-v1"
RED_Ultimate_V1-main/RED_Ultimate/backend-server/src/main/kotlin/com/red/server/services/DinstarEventPublisher.kt,30,"arena/019fe8fa-pro-v1,arena/019fe9e3-pro-v1,arena/019ff019-pro-v1,arena/019ff06b-pro-v1,arena/019ff085-pro-v1,arena/019ff0c7-pro-v1,arena/019ff146-pro-v1,arena/019ff178-pro-v1,arena/019ff1f9-pro-v1,arena/019ff215-pro-v1,arena/019ff237-pro-v1,arena/019ff422-pro-v1,arena/019ff82d-pro-v1,arena/019ff859-pro-v1,arena/019ff8b4-pro-v1,arena/019ff8c7-pro-v1,arena/019ff8f2-pro-v1,arena/019ffce9-pro-v1,arena/019ffd78-pro-v1,arena/019ffe92-pro-v1,arena/019ffece-pro-v1,arena/019fffd5-pro-v1,arena/01a0064f-pro-v1,arena/01a00f9e-pro-v1,chore/platform-rebuild-baseline,feat/admin-social-management,feat/red-engineering-roadmap-20260820,feature/uc2000-ve-sms-browser-audit,fix/restore-websocket-registrations,revert-37-arena/019ffd78-pro-v1"
RED_Ultimate_V1-main/RED_Ultimate/backend-server/src/main/kotlin/com/red/server/services/DinstarSmsContract.kt,30,"arena/019fe8fa-pro-v1,arena/019fe9e3-pro-v1,arena/019ff019-pro-v1,arena/019ff06b-pro-v1,arena/019ff085-pro-v1,arena/019ff0c7-pro-v1,arena/019ff146-pro-v1,arena/019ff178-pro-v1,arena/019ff1f9-pro-v1,arena/019ff215-pro-v1,arena/019ff237-pro-v1,arena/019ff422-pro-v1,arena/019ff82d-pro-v1,arena/019ff859-pro-v1,arena/019ff8b4-pro-v1,arena/019ff8c7-pro-v1,arena/019ff8f2-pro-v1,arena/019ffce9-pro-v1,arena/019ffd78-pro-v1,arena/019ffe92-pro-v1,arena/019ffece-pro-v1,arena/019fffd5-pro-v1,arena/01a0064f-pro-v1,arena/01a00f9e-pro-v1,chore/platform-rebuild-baseline,feat/admin-social-management,feat/red-engineering-roadmap-20260820,feature/uc2000-ve-sms-browser-audit,fix/restore-websocket-registrations,revert-37-arena/019ffd78-pro-v1"
RED_Ultimate_V1-main/RED_Ultimate/backend-server/src/main/kotlin/com/red/server/services/DinstarTime.kt,30,"arena/019fe8fa-pro-v1,arena/019fe9e3-pro-v1,arena/019ff019-pro-v1,arena/019ff06b-pro-v1,arena/019ff085-pro-v1,arena/019ff0c7-pro-v1,arena/019ff146-pro-v1,arena/019ff178-pro-v1,arena/019ff1f9-pro-v1,arena/019ff215-pro-v1,arena/019ff237-pro-v1,arena/019ff422-pro-v1,arena/019ff82d-pro-v1,arena/019ff859-pro-v1,arena/019ff8b4-pro-v1,arena/019ff8c7-pro-v1,arena/019ff8f2-pro-v1,arena/019ffce9-pro-v1,arena/019ffd78-pro-v1,arena/019ffe92-pro-v1,arena/019ffece-pro-v1,arena/019fffd5-pro-v1,arena/01a0064f-pro-v1,arena/01a00f9e-pro-v1,chore/platform-rebuild-baseline,feat/admin-social-management,feat/red-engineering-roadmap-20260820,feature/uc2000-ve-sms-browser-audit,fix/restore-websocket-registrations,revert-37-arena/019ffd78-pro-v1"
RED_Ultimate_V1-main/RED_Ultimate/backend-server/src/main/kotlin/com/red/server/services/GsmAlphabet.kt,30,"arena/019fe8fa-pro-v1,arena/019fe9e3-pro-v1,arena/019ff019-pro-v1,arena/019ff06b-pro-v1,arena/019ff085-pro-v1,arena/019ff0c7-pro-v1,arena/019ff146-pro-v1,arena/019ff178-pro-v1,arena/019ff1f9-pro-v1,arena/019ff215-pro-v1,arena/019ff237-pro-v1,arena/019ff422-pro-v1,arena/019ff82d-pro-v1,arena/019ff859-pro-v1,arena/019ff8b4-pro-v1,arena/019ff8c7-pro-v1,arena/019ff8f2-pro-v1,arena/019ffce9-pro-v1,arena/019ffd78-pro-v1,arena/019ffe92-pro-v1,arena/019ffece-pro-v1,arena/019fffd5-pro-v1,arena/01a0064f-pro-v1,arena/01a00f9e-pro-v1,chore/platform-rebuild-baseline,feat/admin-social-management,feat/red-engineering-roadmap-20260820,feature/uc2000-ve-sms-browser-audit,fix/restore-websocket-registrations,revert-37-arena/019ffd78-pro-v1"
RED_Ultimate_V1-main/RED_Ultimate/backend-server/src/main/kotlin/com/red/server/sms/ScheduledSmsDispatcher.kt,30,"arena/019fe8fa-pro-v1,arena/019fe9e3-pro-v1,arena/019ff019-pro-v1,arena/019ff06b-pro-v1,arena/019ff085-pro-v1,arena/019ff0c7-pro-v1,arena/019ff146-pro-v1,arena/019ff178-pro-v1,arena/019ff1f9-pro-v1,arena/019ff215-pro-v1,arena/019ff237-pro-v1,arena/019ff422-pro-v1,arena/019ff82d-pro-v1,arena/019ff859-pro-v1,arena/019ff8b4-pro-v1,arena/019ff8c7-pro-v1,arena/019ff8f2-pro-v1,arena/019ffce9-pro-v1,arena/019ffd78-pro-v1,arena/019ffe92-pro-v1,arena/019ffece-pro-v1,arena/019fffd5-pro-v1,arena/01a0064f-pro-v1,arena/01a00f9e-pro-v1,chore/platform-rebuild-baseline,feat/admin-social-management,feat/red-engineering-roadmap-20260820,feature/uc2000-ve-sms-browser-audit,fix/restore-websocket-registrations,revert-37-arena/019ffd78-pro-v1"
RED_Ultimate_V1-main/RED_Ultimate/backend-server/src/main/kotlin/com/red/server/sms/SmsController.kt,30,"arena/019fe8fa-pro-v1,arena/019fe9e3-pro-v1,arena/019ff019-pro-v1,arena/019ff06b-pro-v1,arena/019ff085-pro-v1,arena/019ff0c7-pro-v1,arena/019ff146-pro-v1,arena/019ff178-pro-v1,arena/019ff1f9-pro-v1,arena/019ff215-pro-v1,arena/019ff237-pro-v1,arena/019ff422-pro-v1,arena/019ff82d-pro-v1,arena/019ff859-pro-v1,arena/019ff8b4-pro-v1,arena/019ff8c7-pro-v1,arena/019ff8f2-pro-v1,arena/019ffce9-pro-v1,arena/019ffd78-pro-v1,arena/019ffe92-pro-v1,arena/019ffece-pro-v1,arena/019fffd5-pro-v1,arena/01a0064f-pro-v1,arena/01a00f9e-pro-v1,chore/platform-rebuild-baseline,feat/admin-social-management,feat/red-engineering-roadmap-20260820,feature/uc2000-ve-sms-browser-audit,fix/restore-websocket-registrations,revert-37-arena/019ffd78-pro-v1"
RED_Ultimate_V1-main/RED_Ultimate/backend-server/src/main/kotlin/com/red/server/sms/SmsIngestScheduler.kt,30,"arena/019fe8fa-pro-v1,arena/019fe9e3-pro-v1,arena/019ff019-pro-v1,arena/019ff06b-pro-v1,arena/019ff085-pro-v1,arena/019ff0c7-pro-v1,arena/019ff146-pro-v1,arena/019ff178-pro-v1,arena/019ff1f9-pro-v1,arena/019ff215-pro-v1,arena/019ff237-pro-v1,arena/019ff422-pro-v1,arena/019ff82d-pro-v1,arena/019ff859-pro-v1,arena/019ff8b4-pro-v1,arena/019ff8c7-pro-v1,arena/019ff8f2-pro-v1,arena/019ffce9-pro-v1,arena/019ffd78-pro-v1,arena/019ffe92-pro-v1,arena/019ffece-pro-v1,arena/019fffd5-pro-v1,arena/01a0064f-pro-v1,arena/01a00f9e-pro-v1,chore/platform-rebuild-baseline,feat/admin-social-management,feat/red-engineering-roadmap-20260820,feature/uc2000-ve-sms-browser-audit,fix/restore-websocket-registrations,revert-37-arena/019ffd78-pro-v1"
RED_Ultimate_V1-main/RED_Ultimate/backend-server/src/main/kotlin/com/red/server/sms/SmsMessageEntity.kt,30,"arena/019fe8fa-pro-v1,arena/019fe9e3-pro-v1,arena/019ff019-pro-v1,arena/019ff06b-pro-v1,arena/019ff085-pro-v1,arena/019ff0c7-pro-v1,arena/019ff146-pro-v1,arena/019ff178-pro-v1,arena/019ff1f9-pro-v1,arena/019ff215-pro-v1,arena/019ff237-pro-v1,arena/019ff422-pro-v1,arena/019ff82d-pro-v1,arena/019ff859-pro-v1,arena/019ff8b4-pro-v1,arena/019ff8c7-pro-v1,arena/019ff8f2-pro-v1,arena/019ffce9-pro-v1,arena/019ffd78-pro-v1,arena/019ffe92-pro-v1,arena/019ffece-pro-v1,arena/019fffd5-pro-v1,arena/01a0064f-pro-v1,arena/01a00f9e-pro-v1,chore/platform-rebuild-baseline,feat/admin-social-management,feat/red-engineering-roadmap-20260820,feature/uc2000-ve-sms-browser-audit,fix/restore-websocket-registrations,revert-37-arena/019ffd78-pro-v1"
RED_Ultimate_V1-main/RED_Ultimate/backend-server/src/main/kotlin/com/red/server/sms/SmsRepository.kt,30,"arena/019fe8fa-pro-v1,arena/019fe9e3-pro-v1,arena/019ff019-pro-v1,arena/019ff06b-pro-v1,arena/019ff085-pro-v1,arena/019ff0c7-pro-v1,arena/019ff146-pro-v1,arena/019ff178-pro-v1,arena/019ff1f9-pro-v1,arena/019ff215-pro-v1,arena/019ff237-pro-v1,arena/019ff422-pro-v1,arena/019ff82d-pro-v1,arena/019ff859-pro-v1,arena/019ff8b4-pro-v1,arena/019ff8c7-pro-v1,arena/019ff8f2-pro-v1,arena/019ffce9-pro-v1,arena/019ffd78-pro-v1,arena/019ffe92-pro-v1,arena/019ffece-pro-v1,arena/019fffd5-pro-v1,arena/01a0064f-pro-v1,arena/01a00f9e-pro-v1,chore/platform-rebuild-baseline,feat/admin-social-management,feat/red-engineering-roadmap-20260820,feature/uc2000-ve-sms-browser-audit,fix/restore-websocket-registrations,revert-37-arena/019ffd78-pro-v1"
RED_Ultimate_V1-main/RED_Ultimate/backend-server/src/main/kotlin/com/red/server/sms/SmsService.kt,30,"arena/019fe8fa-pro-v1,arena/019fe9e3-pro-v1,arena/019ff019-pro-v1,arena/019ff06b-pro-v1,arena/019ff085-pro-v1,arena/019ff0c7-pro-v1,arena/019ff146-pro-v1,arena/019ff178-pro-v1,arena/019ff1f9-pro-v1,arena/019ff215-pro-v1,arena/019ff237-pro-v1,arena/019ff422-pro-v1,arena/019ff82d-pro-v1,arena/019ff859-pro-v1,arena/019ff8b4-pro-v1,arena/019ff8c7-pro-v1,arena/019ff8f2-pro-v1,arena/019ffce9-pro-v1,arena/019ffd78-pro-v1,arena/019ffe92-pro-v1,arena/019ffece-pro-v1,arena/019fffd5-pro-v1,arena/01a0064f-pro-v1,arena/01a00f9e-pro-v1,chore/platform-rebuild-baseline,feat/admin-social-management,feat/red-engineering-roadmap-20260820,feature/uc2000-ve-sms-browser-audit,fix/restore-websocket-registrations,revert-37-arena/019ffd78-pro-v1"
RED_Ultimate_V1-main/RED_Ultimate/backend-server/src/main/kotlin/com/red/server/websocket/ContactSyncEvent.kt,30,"arena/019fe8fa-pro-v1,arena/019fe9e3-pro-v1,arena/019ff019-pro-v1,arena/019ff06b-pro-v1,arena/019ff085-pro-v1,arena/019ff0c7-pro-v1,arena/019ff146-pro-v1,arena/019ff178-pro-v1,arena/019ff1f9-pro-v1,arena/019ff215-pro-v1,arena/019ff237-pro-v1,arena/019ff422-pro-v1,arena/019ff82d-pro-v1,arena/019ff859-pro-v1,arena/019ff8b4-pro-v1,arena/019ff8c7-pro-v1,arena/019ff8f2-pro-v1,arena/019ffce9-pro-v1,arena/019ffd78-pro-v1,arena/019ffe92-pro-v1,arena/019ffece-pro-v1,arena/019fffd5-pro-v1,arena/01a0064f-pro-v1,arena/01a00f9e-pro-v1,chore/platform-rebuild-baseline,feat/admin-social-management,feat/red-engineering-roadmap-20260820,feature/uc2000-ve-sms-browser-audit,fix/restore-websocket-registrations,revert-37-arena/019ffd78-pro-v1"
RED_Ultimate_V1-main/RED_Ultimate/backend-server/src/main/kotlin/com/red/server/websocket/PstnEventWebSocketHandler.kt,30,"arena/019fe8fa-pro-v1,arena/019fe9e3-pro-v1,arena/019ff019-pro-v1,arena/019ff06b-pro-v1,arena/019ff085-pro-v1,arena/019ff0c7-pro-v1,arena/019ff146-pro-v1,arena/019ff178-pro-v1,arena/019ff1f9-pro-v1,arena/019ff215-pro-v1,arena/019ff237-pro-v1,arena/019ff422-pro-v1,arena/019ff82d-pro-v1,arena/019ff859-pro-v1,arena/019ff8b4-pro-v1,arena/019ff8c7-pro-v1,arena/019ff8f2-pro-v1,arena/019ffce9-pro-v1,arena/019ffd78-pro-v1,arena/019ffe92-pro-v1,arena/019ffece-pro-v1,arena/019fffd5-pro-v1,arena/01a0064f-pro-v1,arena/01a00f9e-pro-v1,chore/platform-rebuild-baseline,feat/admin-social-management,feat/red-engineering-roadmap-20260820,feature/uc2000-ve-sms-browser-audit,fix/restore-websocket-registrations,revert-37-arena/019ffd78-pro-v1"
RED_Ultimate_V1-main/RED_Ultimate/backend-server/src/main/kotlin/com/red/server/zoom/ZoomController.kt,30,"arena/019fe8fa-pro-v1,arena/019fe9e3-pro-v1,arena/019ff019-pro-v1,arena/019ff06b-pro-v1,arena/019ff085-pro-v1,arena/019ff0c7-pro-v1,arena/019ff146-pro-v1,arena/019ff178-pro-v1,arena/019ff1f9-pro-v1,arena/019ff215-pro-v1,arena/019ff237-pro-v1,arena/019ff422-pro-v1,arena/019ff82d-pro-v1,arena/019ff859-pro-v1,arena/019ff8b4-pro-v1,arena/019ff8c7-pro-v1,arena/019ff8f2-pro-v1,arena/019ffce9-pro-v1,arena/019ffd78-pro-v1,arena/019ffe92-pro-v1,arena/019ffece-pro-v1,arena/019fffd5-pro-v1,arena/01a0064f-pro-v1,arena/01a00f9e-pro-v1,chore/platform-rebuild-baseline,feat/admin-social-management,feat/red-engineering-roadmap-20260820,feature/uc2000-ve-sms-browser-audit,fix/restore-websocket-registrations,revert-37-arena/019ffd78-pro-v1"
RED_Ultimate_V1-main/RED_Ultimate/backend-server/src/main/kotlin/com/red/server/zoom/ZoomRoomService.kt,30,"arena/019fe8fa-pro-v1,arena/019fe9e3-pro-v1,arena/019ff019-pro-v1,arena/019ff06b-pro-v1,arena/019ff085-pro-v1,arena/019ff0c7-pro-v1,arena/019ff146-pro-v1,arena/019ff178-pro-v1,arena/019ff1f9-pro-v1,arena/019ff215-pro-v1,arena/019ff237-pro-v1,arena/019ff422-pro-v1,arena/019ff82d-pro-v1,arena/019ff859-pro-v1,arena/019ff8b4-pro-v1,arena/019ff8c7-pro-v1,arena/019ff8f2-pro-v1,arena/019ffce9-pro-v1,arena/019ffd78-pro-v1,arena/019ffe92-pro-v1,arena/019ffece-pro-v1,arena/019fffd5-pro-v1,arena/01a0064f-pro-v1,arena/01a00f9e-pro-v1,chore/platform-rebuild-baseline,feat/admin-social-management,feat/red-engineering-roadmap-20260820,feature/uc2000-ve-sms-browser-audit,fix/restore-websocket-registrations,revert-37-arena/019ffd78-pro-v1"
RED_Ultimate_V1-main/RED_Ultimate/backend-server/src/main/resources/db/migration/V28_1__Admin_RBAC_and_Security_Hardening.sql,30,"arena/019fe8fa-pro-v1,arena/019fe9e3-pro-v1,arena/019ff019-pro-v1,arena/019ff06b-pro-v1,arena/019ff085-pro-v1,arena/019ff0c7-pro-v1,arena/019ff146-pro-v1,arena/019ff178-pro-v1,arena/019ff1f9-pro-v1,arena/019ff215-pro-v1,arena/019ff237-pro-v1,arena/019ff422-pro-v1,arena/019ff82d-pro-v1,arena/019ff859-pro-v1,arena/019ff8b4-pro-v1,arena/019ff8c7-pro-v1,arena/019ff8f2-pro-v1,arena/019ffce9-pro-v1,arena/019ffd78-pro-v1,arena/019ffe92-pro-v1,arena/019ffece-pro-v1,arena/019fffd5-pro-v1,arena/01a0064f-pro-v1,arena/01a00f9e-pro-v1,chore/platform-rebuild-baseline,feat/admin-social-management,feat/red-engineering-roadmap-20260820,feature/uc2000-ve-sms-browser-audit,fix/restore-websocket-registrations,revert-37-arena/019ffd78-pro-v1"
RED_Ultimate_V1-main/RED_Ultimate/backend-server/src/main/resources/db/migration/V30_1__Widen_Admin_Audit_Constraints.sql,30,"arena/019fe8fa-pro-v1,arena/019fe9e3-pro-v1,arena/019ff019-pro-v1,arena/019ff06b-pro-v1,arena/019ff085-pro-v1,arena/019ff0c7-pro-v1,arena/019ff146-pro-v1,arena/019ff178-pro-v1,arena/019ff1f9-pro-v1,arena/019ff215-pro-v1,arena/019ff237-pro-v1,arena/019ff422-pro-v1,arena/019ff82d-pro-v1,arena/019ff859-pro-v1,arena/019ff8b4-pro-v1,arena/019ff8c7-pro-v1,arena/019ff8f2-pro-v1,arena/019ffce9-pro-v1,arena/019ffd78-pro-v1,arena/019ffe92-pro-v1,arena/019ffece-pro-v1,arena/019fffd5-pro-v1,arena/01a0064f-pro-v1,arena/01a00f9e-pro-v1,chore/platform-rebuild-baseline,feat/admin-social-management,feat/red-engineering-roadmap-20260820,feature/uc2000-ve-sms-browser-audit,fix/restore-websocket-registrations,revert-37-arena/019ffd78-pro-v1"
RED_Ultimate_V1-main/RED_Ultimate/backend-server/src/main/resources/db/migration/V31_1__Legendary_Operational_Hardening.sql,30,"arena/019fe8fa-pro-v1,arena/019fe9e3-pro-v1,arena/019ff019-pro-v1,arena/019ff06b-pro-v1,arena/019ff085-pro-v1,arena/019ff0c7-pro-v1,arena/019ff146-pro-v1,arena/019ff178-pro-v1,arena/019ff1f9-pro-v1,arena/019ff215-pro-v1,arena/019ff237-pro-v1,arena/019ff422-pro-v1,arena/019ff82d-pro-v1,arena/019ff859-pro-v1,arena/019ff8b4-pro-v1,arena/019ff8c7-pro-v1,arena/019ff8f2-pro-v1,arena/019ffce9-pro-v1,arena/019ffd78-pro-v1,arena/019ffe92-pro-v1,arena/019ffece-pro-v1,arena/019fffd5-pro-v1,arena/01a0064f-pro-v1,arena/01a00f9e-pro-v1,chore/platform-rebuild-baseline,feat/admin-social-management,feat/red-engineering-roadmap-20260820,feature/uc2000-ve-sms-browser-audit,fix/restore-websocket-registrations,revert-37-arena/019ffd78-pro-v1"
RED_Ultimate_V1-main/RED_Ultimate/backend-server/src/main/resources/db/migration/V32__Schema_Corrections_And_Hardening.sql,30,"arena/019fe8fa-pro-v1,arena/019fe9e3-pro-v1,arena/019ff019-pro-v1,arena/019ff06b-pro-v1,arena/019ff085-pro-v1,arena/019ff0c7-pro-v1,arena/019ff146-pro-v1,arena/019ff178-pro-v1,arena/019ff1f9-pro-v1,arena/019ff215-pro-v1,arena/019ff237-pro-v1,arena/019ff422-pro-v1,arena/019ff82d-pro-v1,arena/019ff859-pro-v1,arena/019ff8b4-pro-v1,arena/019ff8c7-pro-v1,arena/019ff8f2-pro-v1,arena/019ffce9-pro-v1,arena/019ffd78-pro-v1,arena/019ffe92-pro-v1,arena/019ffece-pro-v1,arena/019fffd5-pro-v1,arena/01a0064f-pro-v1,arena/01a00f9e-pro-v1,chore/platform-rebuild-baseline,feat/admin-social-management,feat/red-engineering-roadmap-20260820,feature/uc2000-ve-sms-browser-audit,fix/restore-websocket-registrations,revert-37-arena/019ffd78-pro-v1"
RED_Ultimate_V1-main/RED_Ultimate/backend-server/src/main/resources/db/migration/V33__Sms_Messages.sql,30,"arena/019fe8fa-pro-v1,arena/019fe9e3-pro-v1,arena/019ff019-pro-v1,arena/019ff06b-pro-v1,arena/019ff085-pro-v1,arena/019ff0c7-pro-v1,arena/019ff146-pro-v1,arena/019ff178-pro-v1,arena/019ff1f9-pro-v1,arena/019ff215-pro-v1,arena/019ff237-pro-v1,arena/019ff422-pro-v1,arena/019ff82d-pro-v1,arena/019ff859-pro-v1,arena/019ff8b4-pro-v1,arena/019ff8c7-pro-v1,arena/019ff8f2-pro-v1,arena/019ffce9-pro-v1,arena/019ffd78-pro-v1,arena/019ffe92-pro-v1,arena/019ffece-pro-v1,arena/019fffd5-pro-v1,arena/01a0064f-pro-v1,arena/01a00f9e-pro-v1,chore/platform-rebuild-baseline,feat/admin-social-management,feat/red-engineering-roadmap-20260820,feature/uc2000-ve-sms-browser-audit,fix/restore-websocket-registrations,revert-37-arena/019ffd78-pro-v1"
RED_Ultimate_V1-main/RED_Ultimate/backend-server/src/main/resources/db/migration/V34__Pstn_Permanent_Sim_Binding.sql,30,"arena/019fe8fa-pro-v1,arena/019fe9e3-pro-v1,arena/019ff019-pro-v1,arena/019ff06b-pro-v1,arena/019ff085-pro-v1,arena/019ff0c7-pro-v1,arena/019ff146-pro-v1,arena/019ff178-pro-v1,arena/019ff1f9-pro-v1,arena/019ff215-pro-v1,arena/019ff237-pro-v1,arena/019ff422-pro-v1,arena/019ff82d-pro-v1,arena/019ff859-pro-v1,arena/019ff8b4-pro-v1,arena/019ff8c7-pro-v1,arena/019ff8f2-pro-v1,arena/019ffce9-pro-v1,arena/019ffd78-pro-v1,arena/019ffe92-pro-v1,arena/019ffece-pro-v1,arena/019fffd5-pro-v1,arena/01a0064f-pro-v1,arena/01a00f9e-pro-v1,chore/platform-rebuild-baseline,feat/admin-social-management,feat/red-engineering-roadmap-20260820,feature/uc2000-ve-sms-browser-audit,fix/restore-websocket-registrations,revert-37-arena/019ffd78-pro-v1"
RED_Ultimate_V1-main/RED_Ultimate/backend-server/src/main/resources/db/migration/V36__Number_Learning.sql,30,"arena/019fe8fa-pro-v1,arena/019fe9e3-pro-v1,arena/019ff019-pro-v1,arena/019ff06b-pro-v1,arena/019ff085-pro-v1,arena/019ff0c7-pro-v1,arena/019ff146-pro-v1,arena/019ff178-pro-v1,arena/019ff1f9-pro-v1,arena/019ff215-pro-v1,arena/019ff237-pro-v1,arena/019ff422-pro-v1,arena/019ff82d-pro-v1,arena/019ff859-pro-v1,arena/019ff8b4-pro-v1,arena/019ff8c7-pro-v1,arena/019ff8f2-pro-v1,arena/019ffce9-pro-v1,arena/019ffd78-pro-v1,arena/019ffe92-pro-v1,arena/019ffece-pro-v1,arena/019fffd5-pro-v1,arena/01a0064f-pro-v1,arena/01a00f9e-pro-v1,chore/platform-rebuild-baseline,feat/admin-social-management,feat/red-engineering-roadmap-20260820,feature/uc2000-ve-sms-browser-audit,fix/restore-websocket-registrations,revert-37-arena/019ffd78-pro-v1"
RED_Ultimate_V1-main/RED_Ultimate/backend-server/src/main/resources/db/migration/V37__Number_Learning_Comprehensive.sql,30,"arena/019fe8fa-pro-v1,arena/019fe9e3-pro-v1,arena/019ff019-pro-v1,arena/019ff06b-pro-v1,arena/019ff085-pro-v1,arena/019ff0c7-pro-v1,arena/019ff146-pro-v1,arena/019ff178-pro-v1,arena/019ff1f9-pro-v1,arena/019ff215-pro-v1,arena/019ff237-pro-v1,arena/019ff422-pro-v1,arena/019ff82d-pro-v1,arena/019ff859-pro-v1,arena/019ff8b4-pro-v1,arena/019ff8c7-pro-v1,arena/019ff8f2-pro-v1,arena/019ffce9-pro-v1,arena/019ffd78-pro-v1,arena/019ffe92-pro-v1,arena/019ffece-pro-v1,arena/019fffd5-pro-v1,arena/01a0064f-pro-v1,arena/01a00f9e-pro-v1,chore/platform-rebuild-baseline,feat/admin-social-management,feat/red-engineering-roadmap-20260820,feature/uc2000-ve-sms-browser-audit,fix/restore-websocket-registrations,revert-37-arena/019ffd78-pro-v1"
RED_Ultimate_V1-main/RED_Ultimate/backend-server/src/main/resources/db/migration/V38__Pstn_Number_Unique_And_Reconcile.sql,30,"arena/019fe8fa-pro-v1,arena/019fe9e3-pro-v1,arena/019ff019-pro-v1,arena/019ff06b-pro-v1,arena/019ff085-pro-v1,arena/019ff0c7-pro-v1,arena/019ff146-pro-v1,arena/019ff178-pro-v1,arena/019ff1f9-pro-v1,arena/019ff215-pro-v1,arena/019ff237-pro-v1,arena/019ff422-pro-v1,arena/019ff82d-pro-v1,arena/019ff859-pro-v1,arena/019ff8b4-pro-v1,arena/019ff8c7-pro-v1,arena/019ff8f2-pro-v1,arena/019ffce9-pro-v1,arena/019ffd78-pro-v1,arena/019ffe92-pro-v1,arena/019ffece-pro-v1,arena/019fffd5-pro-v1,arena/01a0064f-pro-v1,arena/01a00f9e-pro-v1,chore/platform-rebuild-baseline,feat/admin-social-management,feat/red-engineering-roadmap-20260820,feature/uc2000-ve-sms-browser-audit,fix/restore-websocket-registrations,revert-37-arena/019ffd78-pro-v1"
RED_Ultimate_V1-main/RED_Ultimate/backend-server/src/main/resources/db/migration/V39__Sms_Delivery_Correlation.sql,30,"arena/019fe8fa-pro-v1,arena/019fe9e3-pro-v1,arena/019ff019-pro-v1,arena/019ff06b-pro-v1,arena/019ff085-pro-v1,arena/019ff0c7-pro-v1,arena/019ff146-pro-v1,arena/019ff178-pro-v1,arena/019ff1f9-pro-v1,arena/019ff215-pro-v1,arena/019ff237-pro-v1,arena/019ff422-pro-v1,arena/019ff82d-pro-v1,arena/019ff859-pro-v1,arena/019ff8b4-pro-v1,arena/019ff8c7-pro-v1,arena/019ff8f2-pro-v1,arena/019ffce9-pro-v1,arena/019ffd78-pro-v1,arena/019ffe92-pro-v1,arena/019ffece-pro-v1,arena/019fffd5-pro-v1,arena/01a0064f-pro-v1,arena/01a00f9e-pro-v1,chore/platform-rebuild-baseline,feat/admin-social-management,feat/red-engineering-roadmap-20260820,feature/uc2000-ve-sms-browser-audit,fix/restore-websocket-registrations,revert-37-arena/019ffd78-pro-v1"
RED_Ultimate_V1-main/RED_Ultimate/backend-server/src/test/kotlin/com/red/server/AdvancedMessageServiceQueryTest.kt,30,"arena/019fe8fa-pro-v1,arena/019fe9e3-pro-v1,arena/019ff019-pro-v1,arena/019ff06b-pro-v1,arena/019ff085-pro-v1,arena/019ff0c7-pro-v1,arena/019ff146-pro-v1,arena/019ff178-pro-v1,arena/019ff1f9-pro-v1,arena/019ff215-pro-v1,arena/019ff237-pro-v1,arena/019ff422-pro-v1,arena/019ff82d-pro-v1,arena/019ff859-pro-v1,arena/019ff8b4-pro-v1,arena/019ff8c7-pro-v1,arena/019ff8f2-pro-v1,arena/019ffce9-pro-v1,arena/019ffd78-pro-v1,arena/019ffe92-pro-v1,arena/019ffece-pro-v1,arena/019fffd5-pro-v1,arena/01a0064f-pro-v1,arena/01a00f9e-pro-v1,chore/platform-rebuild-baseline,feat/admin-social-management,feat/red-engineering-roadmap-20260820,feature/uc2000-ve-sms-browser-audit,fix/restore-websocket-registrations,revert-37-arena/019ffd78-pro-v1"
RED_Ultimate_V1-main/RED_Ultimate/backend-server/src/test/kotlin/com/red/server/ConferenceRoomServiceTest.kt,30,"arena/019fe8fa-pro-v1,arena/019fe9e3-pro-v1,arena/019ff019-pro-v1,arena/019ff06b-pro-v1,arena/019ff085-pro-v1,arena/019ff0c7-pro-v1,arena/019ff146-pro-v1,arena/019ff178-pro-v1,arena/019ff1f9-pro-v1,arena/019ff215-pro-v1,arena/019ff237-pro-v1,arena/019ff422-pro-v1,arena/019ff82d-pro-v1,arena/019ff859-pro-v1,arena/019ff8b4-pro-v1,arena/019ff8c7-pro-v1,arena/019ff8f2-pro-v1,arena/019ffce9-pro-v1,arena/019ffd78-pro-v1,arena/019ffe92-pro-v1,arena/019ffece-pro-v1,arena/019fffd5-pro-v1,arena/01a0064f-pro-v1,arena/01a00f9e-pro-v1,chore/platform-rebuild-baseline,feat/admin-social-management,feat/red-engineering-roadmap-20260820,feature/uc2000-ve-sms-browser-audit,fix/restore-websocket-registrations,revert-37-arena/019ffd78-pro-v1"
RED_Ultimate_V1-main/RED_Ultimate/backend-server/src/test/kotlin/com/red/server/RoomPasswordHasherTest.kt,30,"arena/019fe8fa-pro-v1,arena/019fe9e3-pro-v1,arena/019ff019-pro-v1,arena/019ff06b-pro-v1,arena/019ff085-pro-v1,arena/019ff0c7-pro-v1,arena/019ff146-pro-v1,arena/019ff178-pro-v1,arena/019ff1f9-pro-v1,arena/019ff215-pro-v1,arena/019ff237-pro-v1,arena/019ff422-pro-v1,arena/019ff82d-pro-v1,arena/019ff859-pro-v1,arena/019ff8b4-pro-v1,arena/019ff8c7-pro-v1,arena/019ff8f2-pro-v1,arena/019ffce9-pro-v1,arena/019ffd78-pro-v1,arena/019ffe92-pro-v1,arena/019ffece-pro-v1,arena/019fffd5-pro-v1,arena/01a0064f-pro-v1,arena/01a00f9e-pro-v1,chore/platform-rebuild-baseline,feat/admin-social-management,feat/red-engineering-roadmap-20260820,feature/uc2000-ve-sms-browser-audit,fix/restore-websocket-registrations,revert-37-arena/019ffd78-pro-v1"
RED_Ultimate_V1-main/RED_Ultimate/backend-server/src/test/kotlin/com/red/server/api/AdminMasterControllerTest.kt,30,"arena/019fe8fa-pro-v1,arena/019fe9e3-pro-v1,arena/019ff019-pro-v1,arena/019ff06b-pro-v1,arena/019ff085-pro-v1,arena/019ff0c7-pro-v1,arena/019ff146-pro-v1,arena/019ff178-pro-v1,arena/019ff1f9-pro-v1,arena/019ff215-pro-v1,arena/019ff237-pro-v1,arena/019ff422-pro-v1,arena/019ff82d-pro-v1,arena/019ff859-pro-v1,arena/019ff8b4-pro-v1,arena/019ff8c7-pro-v1,arena/019ff8f2-pro-v1,arena/019ffce9-pro-v1,arena/019ffd78-pro-v1,arena/019ffe92-pro-v1,arena/019ffece-pro-v1,arena/019fffd5-pro-v1,arena/01a0064f-pro-v1,arena/01a00f9e-pro-v1,chore/platform-rebuild-baseline,feat/admin-social-management,feat/red-engineering-roadmap-20260820,feature/uc2000-ve-sms-browser-audit,fix/restore-websocket-registrations,revert-37-arena/019ffd78-pro-v1"
RED_Ultimate_V1-main/RED_Ultimate/backend-server/src/test/kotlin/com/red/server/calls/CallPendingEndpointContractTest.kt,30,"arena/019fe8fa-pro-v1,arena/019fe9e3-pro-v1,arena/019ff019-pro-v1,arena/019ff06b-pro-v1,arena/019ff085-pro-v1,arena/019ff0c7-pro-v1,arena/019ff146-pro-v1,arena/019ff178-pro-v1,arena/019ff1f9-pro-v1,arena/019ff215-pro-v1,arena/019ff237-pro-v1,arena/019ff422-pro-v1,arena/019ff82d-pro-v1,arena/019ff859-pro-v1,arena/019ff8b4-pro-v1,arena/019ff8c7-pro-v1,arena/019ff8f2-pro-v1,arena/019ffce9-pro-v1,arena/019ffd78-pro-v1,arena/019ffe92-pro-v1,arena/019ffece-pro-v1,arena/019fffd5-pro-v1,arena/01a0064f-pro-v1,arena/01a00f9e-pro-v1,chore/platform-rebuild-baseline,feat/admin-social-management,feat/red-engineering-roadmap-20260820,feature/uc2000-ve-sms-browser-audit,fix/restore-websocket-registrations,revert-37-arena/019ffd78-pro-v1"
RED_Ultimate_V1-main/RED_Ultimate/backend-server/src/test/kotlin/com/red/server/calls/ConferenceRoomServiceTest.kt,30,"arena/019fe8fa-pro-v1,arena/019fe9e3-pro-v1,arena/019ff019-pro-v1,arena/019ff06b-pro-v1,arena/019ff085-pro-v1,arena/019ff0c7-pro-v1,arena/019ff146-pro-v1,arena/019ff178-pro-v1,arena/019ff1f9-pro-v1,arena/019ff215-pro-v1,arena/019ff237-pro-v1,arena/019ff422-pro-v1,arena/019ff82d-pro-v1,arena/019ff859-pro-v1,arena/019ff8b4-pro-v1,arena/019ff8c7-pro-v1,arena/019ff8f2-pro-v1,arena/019ffce9-pro-v1,arena/019ffd78-pro-v1,arena/019ffe92-pro-v1,arena/019ffece-pro-v1,arena/019fffd5-pro-v1,arena/01a0064f-pro-v1,arena/01a00f9e-pro-v1,chore/platform-rebuild-baseline,feat/admin-social-management,feat/red-engineering-roadmap-20260820,feature/uc2000-ve-sms-browser-audit,fix/restore-websocket-registrations,revert-37-arena/019ffd78-pro-v1"
RED_Ultimate_V1-main/RED_Ultimate/backend-server/src/test/kotlin/com/red/server/controllers/PstnBindingControllerTest.kt,30,"arena/019fe8fa-pro-v1,arena/019fe9e3-pro-v1,arena/019ff019-pro-v1,arena/019ff06b-pro-v1,arena/019ff085-pro-v1,arena/019ff0c7-pro-v1,arena/019ff146-pro-v1,arena/019ff178-pro-v1,arena/019ff1f9-pro-v1,arena/019ff215-pro-v1,arena/019ff237-pro-v1,arena/019ff422-pro-v1,arena/019ff82d-pro-v1,arena/019ff859-pro-v1,arena/019ff8b4-pro-v1,arena/019ff8c7-pro-v1,arena/019ff8f2-pro-v1,arena/019ffce9-pro-v1,arena/019ffd78-pro-v1,arena/019ffe92-pro-v1,arena/019ffece-pro-v1,arena/019fffd5-pro-v1,arena/01a0064f-pro-v1,arena/01a00f9e-pro-v1,chore/platform-rebuild-baseline,feat/admin-social-management,feat/red-engineering-roadmap-20260820,feature/uc2000-ve-sms-browser-audit,fix/restore-websocket-registrations,revert-37-arena/019ffd78-pro-v1"
RED_Ultimate_V1-main/RED_Ultimate/backend-server/src/test/kotlin/com/red/server/pstn/DinstarIntegrationTest.kt,30,"arena/019fe8fa-pro-v1,arena/019fe9e3-pro-v1,arena/019ff019-pro-v1,arena/019ff06b-pro-v1,arena/019ff085-pro-v1,arena/019ff0c7-pro-v1,arena/019ff146-pro-v1,arena/019ff178-pro-v1,arena/019ff1f9-pro-v1,arena/019ff215-pro-v1,arena/019ff237-pro-v1,arena/019ff422-pro-v1,arena/019ff82d-pro-v1,arena/019ff859-pro-v1,arena/019ff8b4-pro-v1,arena/019ff8c7-pro-v1,arena/019ff8f2-pro-v1,arena/019ffce9-pro-v1,arena/019ffd78-pro-v1,arena/019ffe92-pro-v1,arena/019ffece-pro-v1,arena/019fffd5-pro-v1,arena/01a0064f-pro-v1,arena/01a00f9e-pro-v1,chore/platform-rebuild-baseline,feat/admin-social-management,feat/red-engineering-roadmap-20260820,feature/uc2000-ve-sms-browser-audit,fix/restore-websocket-registrations,revert-37-arena/019ffd78-pro-v1"
RED_Ultimate_V1-main/RED_Ultimate/backend-server/src/test/kotlin/com/red/server/pstn/DinstarLoadBalancerTest.kt,30,"arena/019fe8fa-pro-v1,arena/019fe9e3-pro-v1,arena/019ff019-pro-v1,arena/019ff06b-pro-v1,arena/019ff085-pro-v1,arena/019ff0c7-pro-v1,arena/019ff146-pro-v1,arena/019ff178-pro-v1,arena/019ff1f9-pro-v1,arena/019ff215-pro-v1,arena/019ff237-pro-v1,arena/019ff422-pro-v1,arena/019ff82d-pro-v1,arena/019ff859-pro-v1,arena/019ff8b4-pro-v1,arena/019ff8c7-pro-v1,arena/019ff8f2-pro-v1,arena/019ffce9-pro-v1,arena/019ffd78-pro-v1,arena/019ffe92-pro-v1,arena/019ffece-pro-v1,arena/019fffd5-pro-v1,arena/01a0064f-pro-v1,arena/01a00f9e-pro-v1,chore/platform-rebuild-baseline,feat/admin-social-management,feat/red-engineering-roadmap-20260820,feature/uc2000-ve-sms-browser-audit,fix/restore-websocket-registrations,revert-37-arena/019ffd78-pro-v1"
RED_Ultimate_V1-main/RED_Ultimate/backend-server/src/test/kotlin/com/red/server/pstn/PstnCallControllerTest.kt,30,"arena/019fe8fa-pro-v1,arena/019fe9e3-pro-v1,arena/019ff019-pro-v1,arena/019ff06b-pro-v1,arena/019ff085-pro-v1,arena/019ff0c7-pro-v1,arena/019ff146-pro-v1,arena/019ff178-pro-v1,arena/019ff1f9-pro-v1,arena/019ff215-pro-v1,arena/019ff237-pro-v1,arena/019ff422-pro-v1,arena/019ff82d-pro-v1,arena/019ff859-pro-v1,arena/019ff8b4-pro-v1,arena/019ff8c7-pro-v1,arena/019ff8f2-pro-v1,arena/019ffce9-pro-v1,arena/019ffd78-pro-v1,arena/019ffe92-pro-v1,arena/019ffece-pro-v1,arena/019fffd5-pro-v1,arena/01a0064f-pro-v1,arena/01a00f9e-pro-v1,chore/platform-rebuild-baseline,feat/admin-social-management,feat/red-engineering-roadmap-20260820,feature/uc2000-ve-sms-browser-audit,fix/restore-websocket-registrations,revert-37-arena/019ffd78-pro-v1"
RED_Ultimate_V1-main/RED_Ultimate/backend-server/src/test/kotlin/com/red/server/services/DinstarApiContractTest.kt,30,"arena/019fe8fa-pro-v1,arena/019fe9e3-pro-v1,arena/019ff019-pro-v1,arena/019ff06b-pro-v1,arena/019ff085-pro-v1,arena/019ff0c7-pro-v1,arena/019ff146-pro-v1,arena/019ff178-pro-v1,arena/019ff1f9-pro-v1,arena/019ff215-pro-v1,arena/019ff237-pro-v1,arena/019ff422-pro-v1,arena/019ff82d-pro-v1,arena/019ff859-pro-v1,arena/019ff8b4-pro-v1,arena/019ff8c7-pro-v1,arena/019ff8f2-pro-v1,arena/019ffce9-pro-v1,arena/019ffd78-pro-v1,arena/019ffe92-pro-v1,arena/019ffece-pro-v1,arena/019fffd5-pro-v1,arena/01a0064f-pro-v1,arena/01a00f9e-pro-v1,chore/platform-rebuild-baseline,feat/admin-social-management,feat/red-engineering-roadmap-20260820,feature/uc2000-ve-sms-browser-audit,fix/restore-websocket-registrations,revert-37-arena/019ffd78-pro-v1"
RED_Ultimate_V1-main/RED_Ultimate/backend-server/src/test/kotlin/com/red/server/services/DinstarSignalTest.kt,30,"arena/019fe8fa-pro-v1,arena/019fe9e3-pro-v1,arena/019ff019-pro-v1,arena/019ff06b-pro-v1,arena/019ff085-pro-v1,arena/019ff0c7-pro-v1,arena/019ff146-pro-v1,arena/019ff178-pro-v1,arena/019ff1f9-pro-v1,arena/019ff215-pro-v1,arena/019ff237-pro-v1,arena/019ff422-pro-v1,arena/019ff82d-pro-v1,arena/019ff859-pro-v1,arena/019ff8b4-pro-v1,arena/019ff8c7-pro-v1,arena/019ff8f2-pro-v1,arena/019ffce9-pro-v1,arena/019ffd78-pro-v1,arena/019ffe92-pro-v1,arena/019ffece-pro-v1,arena/019fffd5-pro-v1,arena/01a0064f-pro-v1,arena/01a00f9e-pro-v1,chore/platform-rebuild-baseline,feat/admin-social-management,feat/red-engineering-roadmap-20260820,feature/uc2000-ve-sms-browser-audit,fix/restore-websocket-registrations,revert-37-arena/019ffd78-pro-v1"
RED_Ultimate_V1-main/RED_Ultimate/backend-server/src/test/kotlin/com/red/server/services/DinstarSmsContractTest.kt,30,"arena/019fe8fa-pro-v1,arena/019fe9e3-pro-v1,arena/019ff019-pro-v1,arena/019ff06b-pro-v1,arena/019ff085-pro-v1,arena/019ff0c7-pro-v1,arena/019ff146-pro-v1,arena/019ff178-pro-v1,arena/019ff1f9-pro-v1,arena/019ff215-pro-v1,arena/019ff237-pro-v1,arena/019ff422-pro-v1,arena/019ff82d-pro-v1,arena/019ff859-pro-v1,arena/019ff8b4-pro-v1,arena/019ff8c7-pro-v1,arena/019ff8f2-pro-v1,arena/019ffce9-pro-v1,arena/019ffd78-pro-v1,arena/019ffe92-pro-v1,arena/019ffece-pro-v1,arena/019fffd5-pro-v1,arena/01a0064f-pro-v1,arena/01a00f9e-pro-v1,chore/platform-rebuild-baseline,feat/admin-social-management,feat/red-engineering-roadmap-20260820,feature/uc2000-ve-sms-browser-audit,fix/restore-websocket-registrations,revert-37-arena/019ffd78-pro-v1"
RED_Ultimate_V1-main/RED_Ultimate/build_errors.txt,30,"arena/019fe8fa-pro-v1,arena/019fe9e3-pro-v1,arena/019ff019-pro-v1,arena/019ff06b-pro-v1,arena/019ff085-pro-v1,arena/019ff0c7-pro-v1,arena/019ff146-pro-v1,arena/019ff178-pro-v1,arena/019ff1f9-pro-v1,arena/019ff215-pro-v1,arena/019ff237-pro-v1,arena/019ff422-pro-v1,arena/019ff82d-pro-v1,arena/019ff859-pro-v1,arena/019ff8b4-pro-v1,arena/019ff8c7-pro-v1,arena/019ff8f2-pro-v1,arena/019ffce9-pro-v1,arena/019ffd78-pro-v1,arena/019ffe92-pro-v1,arena/019ffece-pro-v1,arena/019fffd5-pro-v1,arena/01a0064f-pro-v1,arena/01a00f9e-pro-v1,chore/platform-rebuild-baseline,feat/admin-social-management,feat/red-engineering-roadmap-20260820,feature/uc2000-ve-sms-browser-audit,fix/restore-websocket-registrations,revert-37-arena/019ffd78-pro-v1"
RED_Ultimate_V1-main/RED_Ultimate/build_errors10.txt,30,"arena/019fe8fa-pro-v1,arena/019fe9e3-pro-v1,arena/019ff019-pro-v1,arena/019ff06b-pro-v1,arena/019ff085-pro-v1,arena/019ff0c7-pro-v1,arena/019ff146-pro-v1,arena/019ff178-pro-v1,arena/019ff1f9-pro-v1,arena/019ff215-pro-v1,arena/019ff237-pro-v1,arena/019ff422-pro-v1,arena/019ff82d-pro-v1,arena/019ff859-pro-v1,arena/019ff8b4-pro-v1,arena/019ff8c7-pro-v1,arena/019ff8f2-pro-v1,arena/019ffce9-pro-v1,arena/019ffd78-pro-v1,arena/019ffe92-pro-v1,arena/019ffece-pro-v1,arena/019fffd5-pro-v1,arena/01a0064f-pro-v1,arena/01a00f9e-pro-v1,chore/platform-rebuild-baseline,feat/admin-social-management,feat/red-engineering-roadmap-20260820,feature/uc2000-ve-sms-browser-audit,fix/restore-websocket-registrations,revert-37-arena/019ffd78-pro-v1"
RED_Ultimate_V1-main/RED_Ultimate/build_errors11.txt,30,"arena/019fe8fa-pro-v1,arena/019fe9e3-pro-v1,arena/019ff019-pro-v1,arena/019ff06b-pro-v1,arena/019ff085-pro-v1,arena/019ff0c7-pro-v1,arena/019ff146-pro-v1,arena/019ff178-pro-v1,arena/019ff1f9-pro-v1,arena/019ff215-pro-v1,arena/019ff237-pro-v1,arena/019ff422-pro-v1,arena/019ff82d-pro-v1,arena/019ff859-pro-v1,arena/019ff8b4-pro-v1,arena/019ff8c7-pro-v1,arena/019ff8f2-pro-v1,arena/019ffce9-pro-v1,arena/019ffd78-pro-v1,arena/019ffe92-pro-v1,arena/019ffece-pro-v1,arena/019fffd5-pro-v1,arena/01a0064f-pro-v1,arena/01a00f9e-pro-v1,chore/platform-rebuild-baseline,feat/admin-social-management,feat/red-engineering-roadmap-20260820,feature/uc2000-ve-sms-browser-audit,fix/restore-websocket-registrations,revert-37-arena/019ffd78-pro-v1"
RED_Ultimate_V1-main/RED_Ultimate/build_errors12.txt,30,"arena/019fe8fa-pro-v1,arena/019fe9e3-pro-v1,arena/019ff019-pro-v1,arena/019ff06b-pro-v1,arena/019ff085-pro-v1,arena/019ff0c7-pro-v1,arena/019ff146-pro-v1,arena/019ff178-pro-v1,arena/019ff1f9-pro-v1,arena/019ff215-pro-v1,arena/019ff237-pro-v1,arena/019ff422-pro-v1,arena/019ff82d-pro-v1,arena/019ff859-pro-v1,arena/019ff8b4-pro-v1,arena/019ff8c7-pro-v1,arena/019ff8f2-pro-v1,arena/019ffce9-pro-v1,arena/019ffd78-pro-v1,arena/019ffe92-pro-v1,arena/019ffece-pro-v1,arena/019fffd5-pro-v1,arena/01a0064f-pro-v1,arena/01a00f9e-pro-v1,chore/platform-rebuild-baseline,feat/admin-social-management,feat/red-engineering-roadmap-20260820,feature/uc2000-ve-sms-browser-audit,fix/restore-websocket-registrations,revert-37-arena/019ffd78-pro-v1"
RED_Ultimate_V1-main/RED_Ultimate/build_errors13.txt,30,"arena/019fe8fa-pro-v1,arena/019fe9e3-pro-v1,arena/019ff019-pro-v1,arena/019ff06b-pro-v1,arena/019ff085-pro-v1,arena/019ff0c7-pro-v1,arena/019ff146-pro-v1,arena/019ff178-pro-v1,arena/019ff1f9-pro-v1,arena/019ff215-pro-v1,arena/019ff237-pro-v1,arena/019ff422-pro-v1,arena/019ff82d-pro-v1,arena/019ff859-pro-v1,arena/019ff8b4-pro-v1,arena/019ff8c7-pro-v1,arena/019ff8f2-pro-v1,arena/019ffce9-pro-v1,arena/019ffd78-pro-v1,arena/019ffe92-pro-v1,arena/019ffece-pro-v1,arena/019fffd5-pro-v1,arena/01a0064f-pro-v1,arena/01a00f9e-pro-v1,chore/platform-rebuild-baseline,feat/admin-social-management,feat/red-engineering-roadmap-20260820,feature/uc2000-ve-sms-browser-audit,fix/restore-websocket-registrations,revert-37-arena/019ffd78-pro-v1"
RED_Ultimate_V1-main/RED_Ultimate/build_errors14.txt,30,"arena/019fe8fa-pro-v1,arena/019fe9e3-pro-v1,arena/019ff019-pro-v1,arena/019ff06b-pro-v1,arena/019ff085-pro-v1,arena/019ff0c7-pro-v1,arena/019ff146-pro-v1,arena/019ff178-pro-v1,arena/019ff1f9-pro-v1,arena/019ff215-pro-v1,arena/019ff237-pro-v1,arena/019ff422-pro-v1,arena/019ff82d-pro-v1,arena/019ff859-pro-v1,arena/019ff8b4-pro-v1,arena/019ff8c7-pro-v1,arena/019ff8f2-pro-v1,arena/019ffce9-pro-v1,arena/019ffd78-pro-v1,arena/019ffe92-pro-v1,arena/019ffece-pro-v1,arena/019fffd5-pro-v1,arena/01a0064f-pro-v1,arena/01a00f9e-pro-v1,chore/platform-rebuild-baseline,feat/admin-social-management,feat/red-engineering-roadmap-20260820,feature/uc2000-ve-sms-browser-audit,fix/restore-websocket-registrations,revert-37-arena/019ffd78-pro-v1"
RED_Ultimate_V1-main/RED_Ultimate/build_errors15.txt,30,"arena/019fe8fa-pro-v1,arena/019fe9e3-pro-v1,arena/019ff019-pro-v1,arena/019ff06b-pro-v1,arena/019ff085-pro-v1,arena/019ff0c7-pro-v1,arena/019ff146-pro-v1,arena/019ff178-pro-v1,arena/019ff1f9-pro-v1,arena/019ff215-pro-v1,arena/019ff237-pro-v1,arena/019ff422-pro-v1,arena/019ff82d-pro-v1,arena/019ff859-pro-v1,arena/019ff8b4-pro-v1,arena/019ff8c7-pro-v1,arena/019ff8f2-pro-v1,arena/019ffce9-pro-v1,arena/019ffd78-pro-v1,arena/019ffe92-pro-v1,arena/019ffece-pro-v1,arena/019fffd5-pro-v1,arena/01a0064f-pro-v1,arena/01a00f9e-pro-v1,chore/platform-rebuild-baseline,feat/admin-social-management,feat/red-engineering-roadmap-20260820,feature/uc2000-ve-sms-browser-audit,fix/restore-websocket-registrations,revert-37-arena/019ffd78-pro-v1"
RED_Ultimate_V1-main/RED_Ultimate/build_errors3.txt,30,"arena/019fe8fa-pro-v1,arena/019fe9e3-pro-v1,arena/019ff019-pro-v1,arena/019ff06b-pro-v1,arena/019ff085-pro-v1,arena/019ff0c7-pro-v1,arena/019ff146-pro-v1,arena/019ff178-pro-v1,arena/019ff1f9-pro-v1,arena/019ff215-pro-v1,arena/019ff237-pro-v1,arena/019ff422-pro-v1,arena/019ff82d-pro-v1,arena/019ff859-pro-v1,arena/019ff8b4-pro-v1,arena/019ff8c7-pro-v1,arena/019ff8f2-pro-v1,arena/019ffce9-pro-v1,arena/019ffd78-pro-v1,arena/019ffe92-pro-v1,arena/019ffece-pro-v1,arena/019fffd5-pro-v1,arena/01a0064f-pro-v1,arena/01a00f9e-pro-v1,chore/platform-rebuild-baseline,feat/admin-social-management,feat/red-engineering-roadmap-20260820,feature/uc2000-ve-sms-browser-audit,fix/restore-websocket-registrations,revert-37-arena/019ffd78-pro-v1"
RED_Ultimate_V1-main/RED_Ultimate/build_errors4.txt,30,"arena/019fe8fa-pro-v1,arena/019fe9e3-pro-v1,arena/019ff019-pro-v1,arena/019ff06b-pro-v1,arena/019ff085-pro-v1,arena/019ff0c7-pro-v1,arena/019ff146-pro-v1,arena/019ff178-pro-v1,arena/019ff1f9-pro-v1,arena/019ff215-pro-v1,arena/019ff237-pro-v1,arena/019ff422-pro-v1,arena/019ff82d-pro-v1,arena/019ff859-pro-v1,arena/019ff8b4-pro-v1,arena/019ff8c7-pro-v1,arena/019ff8f2-pro-v1,arena/019ffce9-pro-v1,arena/019ffd78-pro-v1,arena/019ffe92-pro-v1,arena/019ffece-pro-v1,arena/019fffd5-pro-v1,arena/01a0064f-pro-v1,arena/01a00f9e-pro-v1,chore/platform-rebuild-baseline,feat/admin-social-management,feat/red-engineering-roadmap-20260820,feature/uc2000-ve-sms-browser-audit,fix/restore-websocket-registrations,revert-37-arena/019ffd78-pro-v1"
RED_Ultimate_V1-main/RED_Ultimate/build_errors5.txt,30,"arena/019fe8fa-pro-v1,arena/019fe9e3-pro-v1,arena/019ff019-pro-v1,arena/019ff06b-pro-v1,arena/019ff085-pro-v1,arena/019ff0c7-pro-v1,arena/019ff146-pro-v1,arena/019ff178-pro-v1,arena/019ff1f9-pro-v1,arena/019ff215-pro-v1,arena/019ff237-pro-v1,arena/019ff422-pro-v1,arena/019ff82d-pro-v1,arena/019ff859-pro-v1,arena/019ff8b4-pro-v1,arena/019ff8c7-pro-v1,arena/019ff8f2-pro-v1,arena/019ffce9-pro-v1,arena/019ffd78-pro-v1,arena/019ffe92-pro-v1,arena/019ffece-pro-v1,arena/019fffd5-pro-v1,arena/01a0064f-pro-v1,arena/01a00f9e-pro-v1,chore/platform-rebuild-baseline,feat/admin-social-management,feat/red-engineering-roadmap-20260820,feature/uc2000-ve-sms-browser-audit,fix/restore-websocket-registrations,revert-37-arena/019ffd78-pro-v1"
RED_Ultimate_V1-main/RED_Ultimate/build_errors6.txt,30,"arena/019fe8fa-pro-v1,arena/019fe9e3-pro-v1,arena/019ff019-pro-v1,arena/019ff06b-pro-v1,arena/019ff085-pro-v1,arena/019ff0c7-pro-v1,arena/019ff146-pro-v1,arena/019ff178-pro-v1,arena/019ff1f9-pro-v1,arena/019ff215-pro-v1,arena/019ff237-pro-v1,arena/019ff422-pro-v1,arena/019ff82d-pro-v1,arena/019ff859-pro-v1,arena/019ff8b4-pro-v1,arena/019ff8c7-pro-v1,arena/019ff8f2-pro-v1,arena/019ffce9-pro-v1,arena/019ffd78-pro-v1,arena/019ffe92-pro-v1,arena/019ffece-pro-v1,arena/019fffd5-pro-v1,arena/01a0064f-pro-v1,arena/01a00f9e-pro-v1,chore/platform-rebuild-baseline,feat/admin-social-management,feat/red-engineering-roadmap-20260820,feature/uc2000-ve-sms-browser-audit,fix/restore-websocket-registrations,revert-37-arena/019ffd78-pro-v1"
RED_Ultimate_V1-main/RED_Ultimate/build_errors7.txt,30,"arena/019fe8fa-pro-v1,arena/019fe9e3-pro-v1,arena/019ff019-pro-v1,arena/019ff06b-pro-v1,arena/019ff085-pro-v1,arena/019ff0c7-pro-v1,arena/019ff146-pro-v1,arena/019ff178-pro-v1,arena/019ff1f9-pro-v1,arena/019ff215-pro-v1,arena/019ff237-pro-v1,arena/019ff422-pro-v1,arena/019ff82d-pro-v1,arena/019ff859-pro-v1,arena/019ff8b4-pro-v1,arena/019ff8c7-pro-v1,arena/019ff8f2-pro-v1,arena/019ffce9-pro-v1,arena/019ffd78-pro-v1,arena/019ffe92-pro-v1,arena/019ffece-pro-v1,arena/019fffd5-pro-v1,arena/01a0064f-pro-v1,arena/01a00f9e-pro-v1,chore/platform-rebuild-baseline,feat/admin-social-management,feat/red-engineering-roadmap-20260820,feature/uc2000-ve-sms-browser-audit,fix/restore-websocket-registrations,revert-37-arena/019ffd78-pro-v1"
RED_Ultimate_V1-main/RED_Ultimate/build_errors8.txt,30,"arena/019fe8fa-pro-v1,arena/019fe9e3-pro-v1,arena/019ff019-pro-v1,arena/019ff06b-pro-v1,arena/019ff085-pro-v1,arena/019ff0c7-pro-v1,arena/019ff146-pro-v1,arena/019ff178-pro-v1,arena/019ff1f9-pro-v1,arena/019ff215-pro-v1,arena/019ff237-pro-v1,arena/019ff422-pro-v1,arena/019ff82d-pro-v1,arena/019ff859-pro-v1,arena/019ff8b4-pro-v1,arena/019ff8c7-pro-v1,arena/019ff8f2-pro-v1,arena/019ffce9-pro-v1,arena/019ffd78-pro-v1,arena/019ffe92-pro-v1,arena/019ffece-pro-v1,arena/019fffd5-pro-v1,arena/01a0064f-pro-v1,arena/01a00f9e-pro-v1,chore/platform-rebuild-baseline,feat/admin-social-management,feat/red-engineering-roadmap-20260820,feature/uc2000-ve-sms-browser-audit,fix/restore-websocket-registrations,revert-37-arena/019ffd78-pro-v1"
RED_Ultimate_V1-main/RED_Ultimate/build_errors9.txt,30,"arena/019fe8fa-pro-v1,arena/019fe9e3-pro-v1,arena/019ff019-pro-v1,arena/019ff06b-pro-v1,arena/019ff085-pro-v1,arena/019ff0c7-pro-v1,arena/019ff146-pro-v1,arena/019ff178-pro-v1,arena/019ff1f9-pro-v1,arena/019ff215-pro-v1,arena/019ff237-pro-v1,arena/019ff422-pro-v1,arena/019ff82d-pro-v1,arena/019ff859-pro-v1,arena/019ff8b4-pro-v1,arena/019ff8c7-pro-v1,arena/019ff8f2-pro-v1,arena/019ffce9-pro-v1,arena/019ffd78-pro-v1,arena/019ffe92-pro-v1,arena/019ffece-pro-v1,arena/019fffd5-pro-v1,arena/01a0064f-pro-v1,arena/01a00f9e-pro-v1,chore/platform-rebuild-baseline,feat/admin-social-management,feat/red-engineering-roadmap-20260820,feature/uc2000-ve-sms-browser-audit,fix/restore-websocket-registrations,revert-37-arena/019ffd78-pro-v1"
RED_Ultimate_V1-main/RED_Ultimate/check_bytes.ps1,30,"arena/019fe8fa-pro-v1,arena/019fe9e3-pro-v1,arena/019ff019-pro-v1,arena/019ff06b-pro-v1,arena/019ff085-pro-v1,arena/019ff0c7-pro-v1,arena/019ff146-pro-v1,arena/019ff178-pro-v1,arena/019ff1f9-pro-v1,arena/019ff215-pro-v1,arena/019ff237-pro-v1,arena/019ff422-pro-v1,arena/019ff82d-pro-v1,arena/019ff859-pro-v1,arena/019ff8b4-pro-v1,arena/019ff8c7-pro-v1,arena/019ff8f2-pro-v1,arena/019ffce9-pro-v1,arena/019ffd78-pro-v1,arena/019ffe92-pro-v1,arena/019ffece-pro-v1,arena/019fffd5-pro-v1,arena/01a0064f-pro-v1,arena/01a00f9e-pro-v1,chore/platform-rebuild-baseline,feat/admin-social-management,feat/red-engineering-roadmap-20260820,feature/uc2000-ve-sms-browser-audit,fix/restore-websocket-registrations,revert-37-arena/019ffd78-pro-v1"
RED_Ultimate_V1-main/RED_Ultimate/check_demos.ps1,30,"arena/019fe8fa-pro-v1,arena/019fe9e3-pro-v1,arena/019ff019-pro-v1,arena/019ff06b-pro-v1,arena/019ff085-pro-v1,arena/019ff0c7-pro-v1,arena/019ff146-pro-v1,arena/019ff178-pro-v1,arena/019ff1f9-pro-v1,arena/019ff215-pro-v1,arena/019ff237-pro-v1,arena/019ff422-pro-v1,arena/019ff82d-pro-v1,arena/019ff859-pro-v1,arena/019ff8b4-pro-v1,arena/019ff8c7-pro-v1,arena/019ff8f2-pro-v1,arena/019ffce9-pro-v1,arena/019ffd78-pro-v1,arena/019ffe92-pro-v1,arena/019ffece-pro-v1,arena/019fffd5-pro-v1,arena/01a0064f-pro-v1,arena/01a00f9e-pro-v1,chore/platform-rebuild-baseline,feat/admin-social-management,feat/red-engineering-roadmap-20260820,feature/uc2000-ve-sms-browser-audit,fix/restore-websocket-registrations,revert-37-arena/019ffd78-pro-v1"
RED_Ultimate_V1-main/RED_Ultimate/check_features.ps1,30,"arena/019fe8fa-pro-v1,arena/019fe9e3-pro-v1,arena/019ff019-pro-v1,arena/019ff06b-pro-v1,arena/019ff085-pro-v1,arena/019ff0c7-pro-v1,arena/019ff146-pro-v1,arena/019ff178-pro-v1,arena/019ff1f9-pro-v1,arena/019ff215-pro-v1,arena/019ff237-pro-v1,arena/019ff422-pro-v1,arena/019ff82d-pro-v1,arena/019ff859-pro-v1,arena/019ff8b4-pro-v1,arena/019ff8c7-pro-v1,arena/019ff8f2-pro-v1,arena/019ffce9-pro-v1,arena/019ffd78-pro-v1,arena/019ffe92-pro-v1,arena/019ffece-pro-v1,arena/019fffd5-pro-v1,arena/01a0064f-pro-v1,arena/01a00f9e-pro-v1,chore/platform-rebuild-baseline,feat/admin-social-management,feat/red-engineering-roadmap-20260820,feature/uc2000-ve-sms-browser-audit,fix/restore-websocket-registrations,revert-37-arena/019ffd78-pro-v1"
RED_Ultimate_V1-main/RED_Ultimate/check_libs.ps1,30,"arena/019fe8fa-pro-v1,arena/019fe9e3-pro-v1,arena/019ff019-pro-v1,arena/019ff06b-pro-v1,arena/019ff085-pro-v1,arena/019ff0c7-pro-v1,arena/019ff146-pro-v1,arena/019ff178-pro-v1,arena/019ff1f9-pro-v1,arena/019ff215-pro-v1,arena/019ff237-pro-v1,arena/019ff422-pro-v1,arena/019ff82d-pro-v1,arena/019ff859-pro-v1,arena/019ff8b4-pro-v1,arena/019ff8c7-pro-v1,arena/019ff8f2-pro-v1,arena/019ffce9-pro-v1,arena/019ffd78-pro-v1,arena/019ffe92-pro-v1,arena/019ffece-pro-v1,arena/019fffd5-pro-v1,arena/01a0064f-pro-v1,arena/01a00f9e-pro-v1,chore/platform-rebuild-baseline,feat/admin-social-management,feat/red-engineering-roadmap-20260820,feature/uc2000-ve-sms-browser-audit,fix/restore-websocket-registrations,revert-37-arena/019ffd78-pro-v1"
RED_Ultimate_V1-main/RED_Ultimate/compile_chan_dongle.sh,30,"arena/019fe8fa-pro-v1,arena/019fe9e3-pro-v1,arena/019ff019-pro-v1,arena/019ff06b-pro-v1,arena/019ff085-pro-v1,arena/019ff0c7-pro-v1,arena/019ff146-pro-v1,arena/019ff178-pro-v1,arena/019ff1f9-pro-v1,arena/019ff215-pro-v1,arena/019ff237-pro-v1,arena/019ff422-pro-v1,arena/019ff82d-pro-v1,arena/019ff859-pro-v1,arena/019ff8b4-pro-v1,arena/019ff8c7-pro-v1,arena/019ff8f2-pro-v1,arena/019ffce9-pro-v1,arena/019ffd78-pro-v1,arena/019ffe92-pro-v1,arena/019ffece-pro-v1,arena/019fffd5-pro-v1,arena/01a0064f-pro-v1,arena/01a00f9e-pro-v1,chore/platform-rebuild-baseline,feat/admin-social-management,feat/red-engineering-roadmap-20260820,feature/uc2000-ve-sms-browser-audit,fix/restore-websocket-registrations,revert-37-arena/019ffd78-pro-v1"
RED_Ultimate_V1-main/RED_Ultimate/core/models-jvm/src/main/java/org/signal/libsignal/protocol/REDProtocolAddress.kt,30,"arena/019fe8fa-pro-v1,arena/019fe9e3-pro-v1,arena/019ff019-pro-v1,arena/019ff06b-pro-v1,arena/019ff085-pro-v1,arena/019ff0c7-pro-v1,arena/019ff146-pro-v1,arena/019ff178-pro-v1,arena/019ff1f9-pro-v1,arena/019ff215-pro-v1,arena/019ff237-pro-v1,arena/019ff422-pro-v1,arena/019ff82d-pro-v1,arena/019ff859-pro-v1,arena/019ff8b4-pro-v1,arena/019ff8c7-pro-v1,arena/019ff8f2-pro-v1,arena/019ffce9-pro-v1,arena/019ffd78-pro-v1,arena/019ffe92-pro-v1,arena/019ffece-pro-v1,arena/019fffd5-pro-v1,arena/01a0064f-pro-v1,arena/01a00f9e-pro-v1,chore/platform-rebuild-baseline,feat/admin-social-management,feat/red-engineering-roadmap-20260820,feature/uc2000-ve-sms-browser-audit,fix/restore-websocket-registrations,revert-37-arena/019ffd78-pro-v1"
RED_Ultimate_V1-main/RED_Ultimate/core/network/src/main/java/org/signal/network/config/REDCdnUrl.java,30,"arena/019fe8fa-pro-v1,arena/019fe9e3-pro-v1,arena/019ff019-pro-v1,arena/019ff06b-pro-v1,arena/019ff085-pro-v1,arena/019ff0c7-pro-v1,arena/019ff146-pro-v1,arena/019ff178-pro-v1,arena/019ff1f9-pro-v1,arena/019ff215-pro-v1,arena/019ff237-pro-v1,arena/019ff422-pro-v1,arena/019ff82d-pro-v1,arena/019ff859-pro-v1,arena/019ff8b4-pro-v1,arena/019ff8c7-pro-v1,arena/019ff8f2-pro-v1,arena/019ffce9-pro-v1,arena/019ffd78-pro-v1,arena/019ffe92-pro-v1,arena/019ffece-pro-v1,arena/019fffd5-pro-v1,arena/01a0064f-pro-v1,arena/01a00f9e-pro-v1,chore/platform-rebuild-baseline,feat/admin-social-management,feat/red-engineering-roadmap-20260820,feature/uc2000-ve-sms-browser-audit,fix/restore-websocket-registrations,revert-37-arena/019ffd78-pro-v1"
RED_Ultimate_V1-main/RED_Ultimate/core/network/src/main/java/org/signal/network/config/REDCdsiUrl.java,30,"arena/019fe8fa-pro-v1,arena/019fe9e3-pro-v1,arena/019ff019-pro-v1,arena/019ff06b-pro-v1,arena/019ff085-pro-v1,arena/019ff0c7-pro-v1,arena/019ff146-pro-v1,arena/019ff178-pro-v1,arena/019ff1f9-pro-v1,arena/019ff215-pro-v1,arena/019ff237-pro-v1,arena/019ff422-pro-v1,arena/019ff82d-pro-v1,arena/019ff859-pro-v1,arena/019ff8b4-pro-v1,arena/019ff8c7-pro-v1,arena/019ff8f2-pro-v1,arena/019ffce9-pro-v1,arena/019ffd78-pro-v1,arena/019ffe92-pro-v1,arena/019ffece-pro-v1,arena/019fffd5-pro-v1,arena/01a0064f-pro-v1,arena/01a00f9e-pro-v1,chore/platform-rebuild-baseline,feat/admin-social-management,feat/red-engineering-roadmap-20260820,feature/uc2000-ve-sms-browser-audit,fix/restore-websocket-registrations,revert-37-arena/019ffd78-pro-v1"
RED_Ultimate_V1-main/RED_Ultimate/core/network/src/main/java/org/signal/network/config/REDProxy.java,30,"arena/019fe8fa-pro-v1,arena/019fe9e3-pro-v1,arena/019ff019-pro-v1,arena/019ff06b-pro-v1,arena/019ff085-pro-v1,arena/019ff0c7-pro-v1,arena/019ff146-pro-v1,arena/019ff178-pro-v1,arena/019ff1f9-pro-v1,arena/019ff215-pro-v1,arena/019ff237-pro-v1,arena/019ff422-pro-v1,arena/019ff82d-pro-v1,arena/019ff859-pro-v1,arena/019ff8b4-pro-v1,arena/019ff8c7-pro-v1,arena/019ff8f2-pro-v1,arena/019ffce9-pro-v1,arena/019ffd78-pro-v1,arena/019ffe92-pro-v1,arena/019ffece-pro-v1,arena/019fffd5-pro-v1,arena/01a0064f-pro-v1,arena/01a00f9e-pro-v1,chore/platform-rebuild-baseline,feat/admin-social-management,feat/red-engineering-roadmap-20260820,feature/uc2000-ve-sms-browser-audit,fix/restore-websocket-registrations,revert-37-arena/019ffd78-pro-v1"
RED_Ultimate_V1-main/RED_Ultimate/core/network/src/main/java/org/signal/network/config/REDServiceUrl.java,30,"arena/019fe8fa-pro-v1,arena/019fe9e3-pro-v1,arena/019ff019-pro-v1,arena/019ff06b-pro-v1,arena/019ff085-pro-v1,arena/019ff0c7-pro-v1,arena/019ff146-pro-v1,arena/019ff178-pro-v1,arena/019ff1f9-pro-v1,arena/019ff215-pro-v1,arena/019ff237-pro-v1,arena/019ff422-pro-v1,arena/019ff82d-pro-v1,arena/019ff859-pro-v1,arena/019ff8b4-pro-v1,arena/019ff8c7-pro-v1,arena/019ff8f2-pro-v1,arena/019ffce9-pro-v1,arena/019ffd78-pro-v1,arena/019ffe92-pro-v1,arena/019ffece-pro-v1,arena/019fffd5-pro-v1,arena/01a0064f-pro-v1,arena/01a00f9e-pro-v1,chore/platform-rebuild-baseline,feat/admin-social-management,feat/red-engineering-roadmap-20260820,feature/uc2000-ve-sms-browser-audit,fix/restore-websocket-registrations,revert-37-arena/019ffd78-pro-v1"
RED_Ultimate_V1-main/RED_Ultimate/core/network/src/main/java/org/signal/network/config/REDStorageUrl.java,30,"arena/019fe8fa-pro-v1,arena/019fe9e3-pro-v1,arena/019ff019-pro-v1,arena/019ff06b-pro-v1,arena/019ff085-pro-v1,arena/019ff0c7-pro-v1,arena/019ff146-pro-v1,arena/019ff178-pro-v1,arena/019ff1f9-pro-v1,arena/019ff215-pro-v1,arena/019ff237-pro-v1,arena/019ff422-pro-v1,arena/019ff82d-pro-v1,arena/019ff859-pro-v1,arena/019ff8b4-pro-v1,arena/019ff8c7-pro-v1,arena/019ff8f2-pro-v1,arena/019ffce9-pro-v1,arena/019ffd78-pro-v1,arena/019ffe92-pro-v1,arena/019ffece-pro-v1,arena/019fffd5-pro-v1,arena/01a0064f-pro-v1,arena/01a00f9e-pro-v1,chore/platform-rebuild-baseline,feat/admin-social-management,feat/red-engineering-roadmap-20260820,feature/uc2000-ve-sms-browser-audit,fix/restore-websocket-registrations,revert-37-arena/019ffd78-pro-v1"
RED_Ultimate_V1-main/RED_Ultimate/core/network/src/main/java/org/signal/network/config/REDUrl.java,30,"arena/019fe8fa-pro-v1,arena/019fe9e3-pro-v1,arena/019ff019-pro-v1,arena/019ff06b-pro-v1,arena/019ff085-pro-v1,arena/019ff0c7-pro-v1,arena/019ff146-pro-v1,arena/019ff178-pro-v1,arena/019ff1f9-pro-v1,arena/019ff215-pro-v1,arena/019ff237-pro-v1,arena/019ff422-pro-v1,arena/019ff82d-pro-v1,arena/019ff859-pro-v1,arena/019ff8b4-pro-v1,arena/019ff8c7-pro-v1,arena/019ff8f2-pro-v1,arena/019ffce9-pro-v1,arena/019ffd78-pro-v1,arena/019ffe92-pro-v1,arena/019ffece-pro-v1,arena/019fffd5-pro-v1,arena/01a0064f-pro-v1,arena/01a00f9e-pro-v1,chore/platform-rebuild-baseline,feat/admin-social-management,feat/red-engineering-roadmap-20260820,feature/uc2000-ve-sms-browser-audit,fix/restore-websocket-registrations,revert-37-arena/019ffd78-pro-v1"
RED_Ultimate_V1-main/RED_Ultimate/dinstar-config/check_sim_status.py,30,"arena/019fe8fa-pro-v1,arena/019fe9e3-pro-v1,arena/019ff019-pro-v1,arena/019ff06b-pro-v1,arena/019ff085-pro-v1,arena/019ff0c7-pro-v1,arena/019ff146-pro-v1,arena/019ff178-pro-v1,arena/019ff1f9-pro-v1,arena/019ff215-pro-v1,arena/019ff237-pro-v1,arena/019ff422-pro-v1,arena/019ff82d-pro-v1,arena/019ff859-pro-v1,arena/019ff8b4-pro-v1,arena/019ff8c7-pro-v1,arena/019ff8f2-pro-v1,arena/019ffce9-pro-v1,arena/019ffd78-pro-v1,arena/019ffe92-pro-v1,arena/019ffece-pro-v1,arena/019fffd5-pro-v1,arena/01a0064f-pro-v1,arena/01a00f9e-pro-v1,chore/platform-rebuild-baseline,feat/admin-social-management,feat/red-engineering-roadmap-20260820,feature/uc2000-ve-sms-browser-audit,fix/restore-websocket-registrations,revert-37-arena/019ffd78-pro-v1"
RED_Ultimate_V1-main/RED_Ultimate/dinstar-config/config_dinstar.js,30,"arena/019fe8fa-pro-v1,arena/019fe9e3-pro-v1,arena/019ff019-pro-v1,arena/019ff06b-pro-v1,arena/019ff085-pro-v1,arena/019ff0c7-pro-v1,arena/019ff146-pro-v1,arena/019ff178-pro-v1,arena/019ff1f9-pro-v1,arena/019ff215-pro-v1,arena/019ff237-pro-v1,arena/019ff422-pro-v1,arena/019ff82d-pro-v1,arena/019ff859-pro-v1,arena/019ff8b4-pro-v1,arena/019ff8c7-pro-v1,arena/019ff8f2-pro-v1,arena/019ffce9-pro-v1,arena/019ffd78-pro-v1,arena/019ffe92-pro-v1,arena/019ffece-pro-v1,arena/019fffd5-pro-v1,arena/01a0064f-pro-v1,arena/01a00f9e-pro-v1,chore/platform-rebuild-baseline,feat/admin-social-management,feat/red-engineering-roadmap-20260820,feature/uc2000-ve-sms-browser-audit,fix/restore-websocket-registrations,revert-37-arena/019ffd78-pro-v1"
RED_Ultimate_V1-main/RED_Ultimate/dinstar-config/config_dinstar.py,30,"arena/019fe8fa-pro-v1,arena/019fe9e3-pro-v1,arena/019ff019-pro-v1,arena/019ff06b-pro-v1,arena/019ff085-pro-v1,arena/019ff0c7-pro-v1,arena/019ff146-pro-v1,arena/019ff178-pro-v1,arena/019ff1f9-pro-v1,arena/019ff215-pro-v1,arena/019ff237-pro-v1,arena/019ff422-pro-v1,arena/019ff82d-pro-v1,arena/019ff859-pro-v1,arena/019ff8b4-pro-v1,arena/019ff8c7-pro-v1,arena/019ff8f2-pro-v1,arena/019ffce9-pro-v1,arena/019ffd78-pro-v1,arena/019ffe92-pro-v1,arena/019ffece-pro-v1,arena/019fffd5-pro-v1,arena/01a0064f-pro-v1,arena/01a00f9e-pro-v1,chore/platform-rebuild-baseline,feat/admin-social-management,feat/red-engineering-roadmap-20260820,feature/uc2000-ve-sms-browser-audit,fix/restore-websocket-registrations,revert-37-arena/019ffd78-pro-v1"
RED_Ultimate_V1-main/RED_Ultimate/dinstar-config/configure_full_dinstar.py,30,"arena/019fe8fa-pro-v1,arena/019fe9e3-pro-v1,arena/019ff019-pro-v1,arena/019ff06b-pro-v1,arena/019ff085-pro-v1,arena/019ff0c7-pro-v1,arena/019ff146-pro-v1,arena/019ff178-pro-v1,arena/019ff1f9-pro-v1,arena/019ff215-pro-v1,arena/019ff237-pro-v1,arena/019ff422-pro-v1,arena/019ff82d-pro-v1,arena/019ff859-pro-v1,arena/019ff8b4-pro-v1,arena/019ff8c7-pro-v1,arena/019ff8f2-pro-v1,arena/019ffce9-pro-v1,arena/019ffd78-pro-v1,arena/019ffe92-pro-v1,arena/019ffece-pro-v1,arena/019fffd5-pro-v1,arena/01a0064f-pro-v1,arena/01a00f9e-pro-v1,chore/platform-rebuild-baseline,feat/admin-social-management,feat/red-engineering-roadmap-20260820,feature/uc2000-ve-sms-browser-audit,fix/restore-websocket-registrations,revert-37-arena/019ffd78-pro-v1"
RED_Ultimate_V1-main/RED_Ultimate/dinstar-config/find_routes_api.py,30,"arena/019fe8fa-pro-v1,arena/019fe9e3-pro-v1,arena/019ff019-pro-v1,arena/019ff06b-pro-v1,arena/019ff085-pro-v1,arena/019ff0c7-pro-v1,arena/019ff146-pro-v1,arena/019ff178-pro-v1,arena/019ff1f9-pro-v1,arena/019ff215-pro-v1,arena/019ff237-pro-v1,arena/019ff422-pro-v1,arena/019ff82d-pro-v1,arena/019ff859-pro-v1,arena/019ff8b4-pro-v1,arena/019ff8c7-pro-v1,arena/019ff8f2-pro-v1,arena/019ffce9-pro-v1,arena/019ffd78-pro-v1,arena/019ffe92-pro-v1,arena/019ffece-pro-v1,arena/019fffd5-pro-v1,arena/01a0064f-pro-v1,arena/01a00f9e-pro-v1,chore/platform-rebuild-baseline,feat/admin-social-management,feat/red-engineering-roadmap-20260820,feature/uc2000-ve-sms-browser-audit,fix/restore-websocket-registrations,revert-37-arena/019ffd78-pro-v1"
RED_Ultimate_V1-main/RED_Ultimate/dinstar-config/get_live_ports.py,30,"arena/019fe8fa-pro-v1,arena/019fe9e3-pro-v1,arena/019ff019-pro-v1,arena/019ff06b-pro-v1,arena/019ff085-pro-v1,arena/019ff0c7-pro-v1,arena/019ff146-pro-v1,arena/019ff178-pro-v1,arena/019ff1f9-pro-v1,arena/019ff215-pro-v1,arena/019ff237-pro-v1,arena/019ff422-pro-v1,arena/019ff82d-pro-v1,arena/019ff859-pro-v1,arena/019ff8b4-pro-v1,arena/019ff8c7-pro-v1,arena/019ff8f2-pro-v1,arena/019ffce9-pro-v1,arena/019ffd78-pro-v1,arena/019ffe92-pro-v1,arena/019ffece-pro-v1,arena/019fffd5-pro-v1,arena/01a0064f-pro-v1,arena/01a00f9e-pro-v1,chore/platform-rebuild-baseline,feat/admin-social-management,feat/red-engineering-roadmap-20260820,feature/uc2000-ve-sms-browser-audit,fix/restore-websocket-registrations,revert-37-arena/019ffd78-pro-v1"
RED_Ultimate_V1-main/RED_Ultimate/dinstar-config/get_route_details.py,30,"arena/019fe8fa-pro-v1,arena/019fe9e3-pro-v1,arena/019ff019-pro-v1,arena/019ff06b-pro-v1,arena/019ff085-pro-v1,arena/019ff0c7-pro-v1,arena/019ff146-pro-v1,arena/019ff178-pro-v1,arena/019ff1f9-pro-v1,arena/019ff215-pro-v1,arena/019ff237-pro-v1,arena/019ff422-pro-v1,arena/019ff82d-pro-v1,arena/019ff859-pro-v1,arena/019ff8b4-pro-v1,arena/019ff8c7-pro-v1,arena/019ff8f2-pro-v1,arena/019ffce9-pro-v1,arena/019ffd78-pro-v1,arena/019ffe92-pro-v1,arena/019ffece-pro-v1,arena/019fffd5-pro-v1,arena/01a0064f-pro-v1,arena/01a00f9e-pro-v1,chore/platform-rebuild-baseline,feat/admin-social-management,feat/red-engineering-roadmap-20260820,feature/uc2000-ve-sms-browser-audit,fix/restore-websocket-registrations,revert-37-arena/019ffd78-pro-v1"
RED_Ultimate_V1-main/RED_Ultimate/dinstar-config/get_sim_live_info.py,30,"arena/019fe8fa-pro-v1,arena/019fe9e3-pro-v1,arena/019ff019-pro-v1,arena/019ff06b-pro-v1,arena/019ff085-pro-v1,arena/019ff0c7-pro-v1,arena/019ff146-pro-v1,arena/019ff178-pro-v1,arena/019ff1f9-pro-v1,arena/019ff215-pro-v1,arena/019ff237-pro-v1,arena/019ff422-pro-v1,arena/019ff82d-pro-v1,arena/019ff859-pro-v1,arena/019ff8b4-pro-v1,arena/019ff8c7-pro-v1,arena/019ff8f2-pro-v1,arena/019ffce9-pro-v1,arena/019ffd78-pro-v1,arena/019ffe92-pro-v1,arena/019ffece-pro-v1,arena/019fffd5-pro-v1,arena/01a0064f-pro-v1,arena/01a00f9e-pro-v1,chore/platform-rebuild-baseline,feat/admin-social-management,feat/red-engineering-roadmap-20260820,feature/uc2000-ve-sms-browser-audit,fix/restore-websocket-registrations,revert-37-arena/019ffd78-pro-v1"
RED_Ultimate_V1-main/RED_Ultimate/dinstar-config/inspect_ajax.py,30,"arena/019fe8fa-pro-v1,arena/019fe9e3-pro-v1,arena/019ff019-pro-v1,arena/019ff06b-pro-v1,arena/019ff085-pro-v1,arena/019ff0c7-pro-v1,arena/019ff146-pro-v1,arena/019ff178-pro-v1,arena/019ff1f9-pro-v1,arena/019ff215-pro-v1,arena/019ff237-pro-v1,arena/019ff422-pro-v1,arena/019ff82d-pro-v1,arena/019ff859-pro-v1,arena/019ff8b4-pro-v1,arena/019ff8c7-pro-v1,arena/019ff8f2-pro-v1,arena/019ffce9-pro-v1,arena/019ffd78-pro-v1,arena/019ffe92-pro-v1,arena/019ffece-pro-v1,arena/019fffd5-pro-v1,arena/01a0064f-pro-v1,arena/01a00f9e-pro-v1,chore/platform-rebuild-baseline,feat/admin-social-management,feat/red-engineering-roadmap-20260820,feature/uc2000-ve-sms-browser-audit,fix/restore-websocket-registrations,revert-37-arena/019ffd78-pro-v1"
RED_Ultimate_V1-main/RED_Ultimate/dinstar-config/inspect_dinstar_full.py,30,"arena/019fe8fa-pro-v1,arena/019fe9e3-pro-v1,arena/019ff019-pro-v1,arena/019ff06b-pro-v1,arena/019ff085-pro-v1,arena/019ff0c7-pro-v1,arena/019ff146-pro-v1,arena/019ff178-pro-v1,arena/019ff1f9-pro-v1,arena/019ff215-pro-v1,arena/019ff237-pro-v1,arena/019ff422-pro-v1,arena/019ff82d-pro-v1,arena/019ff859-pro-v1,arena/019ff8b4-pro-v1,arena/019ff8c7-pro-v1,arena/019ff8f2-pro-v1,arena/019ffce9-pro-v1,arena/019ffd78-pro-v1,arena/019ffe92-pro-v1,arena/019ffece-pro-v1,arena/019fffd5-pro-v1,arena/01a0064f-pro-v1,arena/01a00f9e-pro-v1,chore/platform-rebuild-baseline,feat/admin-social-management,feat/red-engineering-roadmap-20260820,feature/uc2000-ve-sms-browser-audit,fix/restore-websocket-registrations,revert-37-arena/019ffd78-pro-v1"
RED_Ultimate_V1-main/RED_Ultimate/dinstar-config/inspect_dinstar_sim.py,30,"arena/019fe8fa-pro-v1,arena/019fe9e3-pro-v1,arena/019ff019-pro-v1,arena/019ff06b-pro-v1,arena/019ff085-pro-v1,arena/019ff0c7-pro-v1,arena/019ff146-pro-v1,arena/019ff178-pro-v1,arena/019ff1f9-pro-v1,arena/019ff215-pro-v1,arena/019ff237-pro-v1,arena/019ff422-pro-v1,arena/019ff82d-pro-v1,arena/019ff859-pro-v1,arena/019ff8b4-pro-v1,arena/019ff8c7-pro-v1,arena/019ff8f2-pro-v1,arena/019ffce9-pro-v1,arena/019ffd78-pro-v1,arena/019ffe92-pro-v1,arena/019ffece-pro-v1,arena/019fffd5-pro-v1,arena/01a0064f-pro-v1,arena/01a00f9e-pro-v1,chore/platform-rebuild-baseline,feat/admin-social-management,feat/red-engineering-roadmap-20260820,feature/uc2000-ve-sms-browser-audit,fix/restore-websocket-registrations,revert-37-arena/019ffd78-pro-v1"
RED_Ultimate_V1-main/RED_Ultimate/dinstar-config/inspect_password_form.py,30,"arena/019fe8fa-pro-v1,arena/019fe9e3-pro-v1,arena/019ff019-pro-v1,arena/019ff06b-pro-v1,arena/019ff085-pro-v1,arena/019ff0c7-pro-v1,arena/019ff146-pro-v1,arena/019ff178-pro-v1,arena/019ff1f9-pro-v1,arena/019ff215-pro-v1,arena/019ff237-pro-v1,arena/019ff422-pro-v1,arena/019ff82d-pro-v1,arena/019ff859-pro-v1,arena/019ff8b4-pro-v1,arena/019ff8c7-pro-v1,arena/019ff8f2-pro-v1,arena/019ffce9-pro-v1,arena/019ffd78-pro-v1,arena/019ffe92-pro-v1,arena/019ffece-pro-v1,arena/019fffd5-pro-v1,arena/01a0064f-pro-v1,arena/01a00f9e-pro-v1,chore/platform-rebuild-baseline,feat/admin-social-management,feat/red-engineering-roadmap-20260820,feature/uc2000-ve-sms-browser-audit,fix/restore-websocket-registrations,revert-37-arena/019ffd78-pro-v1"
RED_Ultimate_V1-main/RED_Ultimate/dinstar-config/inspect_routes.py,30,"arena/019fe8fa-pro-v1,arena/019fe9e3-pro-v1,arena/019ff019-pro-v1,arena/019ff06b-pro-v1,arena/019ff085-pro-v1,arena/019ff0c7-pro-v1,arena/019ff146-pro-v1,arena/019ff178-pro-v1,arena/019ff1f9-pro-v1,arena/019ff215-pro-v1,arena/019ff237-pro-v1,arena/019ff422-pro-v1,arena/019ff82d-pro-v1,arena/019ff859-pro-v1,arena/019ff8b4-pro-v1,arena/019ff8c7-pro-v1,arena/019ff8f2-pro-v1,arena/019ffce9-pro-v1,arena/019ffd78-pro-v1,arena/019ffe92-pro-v1,arena/019ffece-pro-v1,arena/019fffd5-pro-v1,arena/01a0064f-pro-v1,arena/01a00f9e-pro-v1,chore/platform-rebuild-baseline,feat/admin-social-management,feat/red-engineering-roadmap-20260820,feature/uc2000-ve-sms-browser-audit,fix/restore-websocket-registrations,revert-37-arena/019ffd78-pro-v1"
RED_Ultimate_V1-main/RED_Ultimate/dinstar-config/package-lock.json,30,"arena/019fe8fa-pro-v1,arena/019fe9e3-pro-v1,arena/019ff019-pro-v1,arena/019ff06b-pro-v1,arena/019ff085-pro-v1,arena/019ff0c7-pro-v1,arena/019ff146-pro-v1,arena/019ff178-pro-v1,arena/019ff1f9-pro-v1,arena/019ff215-pro-v1,arena/019ff237-pro-v1,arena/019ff422-pro-v1,arena/019ff82d-pro-v1,arena/019ff859-pro-v1,arena/019ff8b4-pro-v1,arena/019ff8c7-pro-v1,arena/019ff8f2-pro-v1,arena/019ffce9-pro-v1,arena/019ffd78-pro-v1,arena/019ffe92-pro-v1,arena/019ffece-pro-v1,arena/019fffd5-pro-v1,arena/01a0064f-pro-v1,arena/01a00f9e-pro-v1,chore/platform-rebuild-baseline,feat/admin-social-management,feat/red-engineering-roadmap-20260820,feature/uc2000-ve-sms-browser-audit,fix/restore-websocket-registrations,revert-37-arena/019ffd78-pro-v1"
RED_Ultimate_V1-main/RED_Ultimate/dinstar-config/package.json,30,"arena/019fe8fa-pro-v1,arena/019fe9e3-pro-v1,arena/019ff019-pro-v1,arena/019ff06b-pro-v1,arena/019ff085-pro-v1,arena/019ff0c7-pro-v1,arena/019ff146-pro-v1,arena/019ff178-pro-v1,arena/019ff1f9-pro-v1,arena/019ff215-pro-v1,arena/019ff237-pro-v1,arena/019ff422-pro-v1,arena/019ff82d-pro-v1,arena/019ff859-pro-v1,arena/019ff8b4-pro-v1,arena/019ff8c7-pro-v1,arena/019ff8f2-pro-v1,arena/019ffce9-pro-v1,arena/019ffd78-pro-v1,arena/019ffe92-pro-v1,arena/019ffece-pro-v1,arena/019fffd5-pro-v1,arena/01a0064f-pro-v1,arena/01a00f9e-pro-v1,chore/platform-rebuild-baseline,feat/admin-social-management,feat/red-engineering-roadmap-20260820,feature/uc2000-ve-sms-browser-audit,fix/restore-websocket-registrations,revert-37-arena/019ffd78-pro-v1"
RED_Ultimate_V1-main/RED_Ultimate/dinstar-config/print_mobile_info.py,30,"arena/019fe8fa-pro-v1,arena/019fe9e3-pro-v1,arena/019ff019-pro-v1,arena/019ff06b-pro-v1,arena/019ff085-pro-v1,arena/019ff0c7-pro-v1,arena/019ff146-pro-v1,arena/019ff178-pro-v1,arena/019ff1f9-pro-v1,arena/019ff215-pro-v1,arena/019ff237-pro-v1,arena/019ff422-pro-v1,arena/019ff82d-pro-v1,arena/019ff859-pro-v1,arena/019ff8b4-pro-v1,arena/019ff8c7-pro-v1,arena/019ff8f2-pro-v1,arena/019ffce9-pro-v1,arena/019ffd78-pro-v1,arena/019ffe92-pro-v1,arena/019ffece-pro-v1,arena/019fffd5-pro-v1,arena/01a0064f-pro-v1,arena/01a00f9e-pro-v1,chore/platform-rebuild-baseline,feat/admin-social-management,feat/red-engineering-roadmap-20260820,feature/uc2000-ve-sms-browser-audit,fix/restore-websocket-registrations,revert-37-arena/019ffd78-pro-v1"
RED_Ultimate_V1-main/RED_Ultimate/dinstar-config/print_mobile_script.py,30,"arena/019fe8fa-pro-v1,arena/019fe9e3-pro-v1,arena/019ff019-pro-v1,arena/019ff06b-pro-v1,arena/019ff085-pro-v1,arena/019ff0c7-pro-v1,arena/019ff146-pro-v1,arena/019ff178-pro-v1,arena/019ff1f9-pro-v1,arena/019ff215-pro-v1,arena/019ff237-pro-v1,arena/019ff422-pro-v1,arena/019ff82d-pro-v1,arena/019ff859-pro-v1,arena/019ff8b4-pro-v1,arena/019ff8c7-pro-v1,arena/019ff8f2-pro-v1,arena/019ffce9-pro-v1,arena/019ffd78-pro-v1,arena/019ffe92-pro-v1,arena/019ffece-pro-v1,arena/019fffd5-pro-v1,arena/01a0064f-pro-v1,arena/01a00f9e-pro-v1,chore/platform-rebuild-baseline,feat/admin-social-management,feat/red-engineering-roadmap-20260820,feature/uc2000-ve-sms-browser-audit,fix/restore-websocket-registrations,revert-37-arena/019ffd78-pro-v1"
RED_Ultimate_V1-main/RED_Ultimate/dinstar-config/record_dinstar.py,30,"arena/019fe8fa-pro-v1,arena/019fe9e3-pro-v1,arena/019ff019-pro-v1,arena/019ff06b-pro-v1,arena/019ff085-pro-v1,arena/019ff0c7-pro-v1,arena/019ff146-pro-v1,arena/019ff178-pro-v1,arena/019ff1f9-pro-v1,arena/019ff215-pro-v1,arena/019ff237-pro-v1,arena/019ff422-pro-v1,arena/019ff82d-pro-v1,arena/019ff859-pro-v1,arena/019ff8b4-pro-v1,arena/019ff8c7-pro-v1,arena/019ff8f2-pro-v1,arena/019ffce9-pro-v1,arena/019ffd78-pro-v1,arena/019ffe92-pro-v1,arena/019ffece-pro-v1,arena/019fffd5-pro-v1,arena/01a0064f-pro-v1,arena/01a00f9e-pro-v1,chore/platform-rebuild-baseline,feat/admin-social-management,feat/red-engineering-roadmap-20260820,feature/uc2000-ve-sms-browser-audit,fix/restore-websocket-registrations,revert-37-arena/019ffd78-pro-v1"
RED_Ultimate_V1-main/RED_Ultimate/dinstar-config/restart_port7.py,30,"arena/019fe8fa-pro-v1,arena/019fe9e3-pro-v1,arena/019ff019-pro-v1,arena/019ff06b-pro-v1,arena/019ff085-pro-v1,arena/019ff0c7-pro-v1,arena/019ff146-pro-v1,arena/019ff178-pro-v1,arena/019ff1f9-pro-v1,arena/019ff215-pro-v1,arena/019ff237-pro-v1,arena/019ff422-pro-v1,arena/019ff82d-pro-v1,arena/019ff859-pro-v1,arena/019ff8b4-pro-v1,arena/019ff8c7-pro-v1,arena/019ff8f2-pro-v1,arena/019ffce9-pro-v1,arena/019ffd78-pro-v1,arena/019ffe92-pro-v1,arena/019ffece-pro-v1,arena/019fffd5-pro-v1,arena/01a0064f-pro-v1,arena/01a00f9e-pro-v1,chore/platform-rebuild-baseline,feat/admin-social-management,feat/red-engineering-roadmap-20260820,feature/uc2000-ve-sms-browser-audit,fix/restore-websocket-registrations,revert-37-arena/019ffd78-pro-v1"
RED_Ultimate_V1-main/RED_Ultimate/dinstar_route_ip.html,30,"arena/019fe8fa-pro-v1,arena/019fe9e3-pro-v1,arena/019ff019-pro-v1,arena/019ff06b-pro-v1,arena/019ff085-pro-v1,arena/019ff0c7-pro-v1,arena/019ff146-pro-v1,arena/019ff178-pro-v1,arena/019ff1f9-pro-v1,arena/019ff215-pro-v1,arena/019ff237-pro-v1,arena/019ff422-pro-v1,arena/019ff82d-pro-v1,arena/019ff859-pro-v1,arena/019ff8b4-pro-v1,arena/019ff8c7-pro-v1,arena/019ff8f2-pro-v1,arena/019ffce9-pro-v1,arena/019ffd78-pro-v1,arena/019ffe92-pro-v1,arena/019ffece-pro-v1,arena/019fffd5-pro-v1,arena/01a0064f-pro-v1,arena/01a00f9e-pro-v1,chore/platform-rebuild-baseline,feat/admin-social-management,feat/red-engineering-roadmap-20260820,feature/uc2000-ve-sms-browser-audit,fix/restore-websocket-registrations,revert-37-arena/019ffd78-pro-v1"
RED_Ultimate_V1-main/RED_Ultimate/dinstar_route_tel.html,30,"arena/019fe8fa-pro-v1,arena/019fe9e3-pro-v1,arena/019ff019-pro-v1,arena/019ff06b-pro-v1,arena/019ff085-pro-v1,arena/019ff0c7-pro-v1,arena/019ff146-pro-v1,arena/019ff178-pro-v1,arena/019ff1f9-pro-v1,arena/019ff215-pro-v1,arena/019ff237-pro-v1,arena/019ff422-pro-v1,arena/019ff82d-pro-v1,arena/019ff859-pro-v1,arena/019ff8b4-pro-v1,arena/019ff8c7-pro-v1,arena/019ff8f2-pro-v1,arena/019ffce9-pro-v1,arena/019ffd78-pro-v1,arena/019ffe92-pro-v1,arena/019ffece-pro-v1,arena/019fffd5-pro-v1,arena/01a0064f-pro-v1,arena/01a00f9e-pro-v1,chore/platform-rebuild-baseline,feat/admin-social-management,feat/red-engineering-roadmap-20260820,feature/uc2000-ve-sms-browser-audit,fix/restore-websocket-registrations,revert-37-arena/019ffd78-pro-v1"
RED_Ultimate_V1-main/RED_Ultimate/docker-compose.fix.yml,30,"arena/019fe8fa-pro-v1,arena/019fe9e3-pro-v1,arena/019ff019-pro-v1,arena/019ff06b-pro-v1,arena/019ff085-pro-v1,arena/019ff0c7-pro-v1,arena/019ff146-pro-v1,arena/019ff178-pro-v1,arena/019ff1f9-pro-v1,arena/019ff215-pro-v1,arena/019ff237-pro-v1,arena/019ff422-pro-v1,arena/019ff82d-pro-v1,arena/019ff859-pro-v1,arena/019ff8b4-pro-v1,arena/019ff8c7-pro-v1,arena/019ff8f2-pro-v1,arena/019ffce9-pro-v1,arena/019ffd78-pro-v1,arena/019ffe92-pro-v1,arena/019ffece-pro-v1,arena/019fffd5-pro-v1,arena/01a0064f-pro-v1,arena/01a00f9e-pro-v1,chore/platform-rebuild-baseline,feat/admin-social-management,feat/red-engineering-roadmap-20260820,feature/uc2000-ve-sms-browser-audit,fix/restore-websocket-registrations,revert-37-arena/019ffd78-pro-v1"
RED_Ultimate_V1-main/RED_Ultimate/docker-compose.pstn-host.yml,30,"arena/019fe8fa-pro-v1,arena/019fe9e3-pro-v1,arena/019ff019-pro-v1,arena/019ff06b-pro-v1,arena/019ff085-pro-v1,arena/019ff0c7-pro-v1,arena/019ff146-pro-v1,arena/019ff178-pro-v1,arena/019ff1f9-pro-v1,arena/019ff215-pro-v1,arena/019ff237-pro-v1,arena/019ff422-pro-v1,arena/019ff82d-pro-v1,arena/019ff859-pro-v1,arena/019ff8b4-pro-v1,arena/019ff8c7-pro-v1,arena/019ff8f2-pro-v1,arena/019ffce9-pro-v1,arena/019ffd78-pro-v1,arena/019ffe92-pro-v1,arena/019ffece-pro-v1,arena/019fffd5-pro-v1,arena/01a0064f-pro-v1,arena/01a00f9e-pro-v1,chore/platform-rebuild-baseline,feat/admin-social-management,feat/red-engineering-roadmap-20260820,feature/uc2000-ve-sms-browser-audit,fix/restore-websocket-registrations,revert-37-arena/019ffd78-pro-v1"
RED_Ultimate_V1-main/RED_Ultimate/docker-compose.pstn-only.yml,30,"arena/019fe8fa-pro-v1,arena/019fe9e3-pro-v1,arena/019ff019-pro-v1,arena/019ff06b-pro-v1,arena/019ff085-pro-v1,arena/019ff0c7-pro-v1,arena/019ff146-pro-v1,arena/019ff178-pro-v1,arena/019ff1f9-pro-v1,arena/019ff215-pro-v1,arena/019ff237-pro-v1,arena/019ff422-pro-v1,arena/019ff82d-pro-v1,arena/019ff859-pro-v1,arena/019ff8b4-pro-v1,arena/019ff8c7-pro-v1,arena/019ff8f2-pro-v1,arena/019ffce9-pro-v1,arena/019ffd78-pro-v1,arena/019ffe92-pro-v1,arena/019ffece-pro-v1,arena/019fffd5-pro-v1,arena/01a0064f-pro-v1,arena/01a00f9e-pro-v1,chore/platform-rebuild-baseline,feat/admin-social-management,feat/red-engineering-roadmap-20260820,feature/uc2000-ve-sms-browser-audit,fix/restore-websocket-registrations,revert-37-arena/019ffd78-pro-v1"
RED_Ultimate_V1-main/RED_Ultimate/docs/DEVELOPMENT_AUDIT_2026-08-19_AR.md,30,"arena/019fe8fa-pro-v1,arena/019fe9e3-pro-v1,arena/019ff019-pro-v1,arena/019ff06b-pro-v1,arena/019ff085-pro-v1,arena/019ff0c7-pro-v1,arena/019ff146-pro-v1,arena/019ff178-pro-v1,arena/019ff1f9-pro-v1,arena/019ff215-pro-v1,arena/019ff237-pro-v1,arena/019ff422-pro-v1,arena/019ff82d-pro-v1,arena/019ff859-pro-v1,arena/019ff8b4-pro-v1,arena/019ff8c7-pro-v1,arena/019ff8f2-pro-v1,arena/019ffce9-pro-v1,arena/019ffd78-pro-v1,arena/019ffe92-pro-v1,arena/019ffece-pro-v1,arena/019fffd5-pro-v1,arena/01a0064f-pro-v1,arena/01a00f9e-pro-v1,chore/platform-rebuild-baseline,feat/admin-social-management,feat/red-engineering-roadmap-20260820,feature/uc2000-ve-sms-browser-audit,fix/restore-websocket-registrations,revert-37-arena/019ffd78-pro-v1"
RED_Ultimate_V1-main/RED_Ultimate/docs/all_call_signal_invocations_20260820.txt,30,"arena/019fe8fa-pro-v1,arena/019fe9e3-pro-v1,arena/019ff019-pro-v1,arena/019ff06b-pro-v1,arena/019ff085-pro-v1,arena/019ff0c7-pro-v1,arena/019ff146-pro-v1,arena/019ff178-pro-v1,arena/019ff1f9-pro-v1,arena/019ff215-pro-v1,arena/019ff237-pro-v1,arena/019ff422-pro-v1,arena/019ff82d-pro-v1,arena/019ff859-pro-v1,arena/019ff8b4-pro-v1,arena/019ff8c7-pro-v1,arena/019ff8f2-pro-v1,arena/019ffce9-pro-v1,arena/019ffd78-pro-v1,arena/019ffe92-pro-v1,arena/019ffece-pro-v1,arena/019fffd5-pro-v1,arena/01a0064f-pro-v1,arena/01a00f9e-pro-v1,chore/platform-rebuild-baseline,feat/admin-social-management,feat/red-engineering-roadmap-20260820,feature/uc2000-ve-sms-browser-audit,fix/restore-websocket-registrations,revert-37-arena/019ffd78-pro-v1"
RED_Ultimate_V1-main/RED_Ultimate/docs/call_delivery_backend_capture_20260820.md,30,"arena/019fe8fa-pro-v1,arena/019fe9e3-pro-v1,arena/019ff019-pro-v1,arena/019ff06b-pro-v1,arena/019ff085-pro-v1,arena/019ff0c7-pro-v1,arena/019ff146-pro-v1,arena/019ff178-pro-v1,arena/019ff1f9-pro-v1,arena/019ff215-pro-v1,arena/019ff237-pro-v1,arena/019ff422-pro-v1,arena/019ff82d-pro-v1,arena/019ff859-pro-v1,arena/019ff8b4-pro-v1,arena/019ff8c7-pro-v1,arena/019ff8f2-pro-v1,arena/019ffce9-pro-v1,arena/019ffd78-pro-v1,arena/019ffe92-pro-v1,arena/019ffece-pro-v1,arena/019fffd5-pro-v1,arena/01a0064f-pro-v1,arena/01a00f9e-pro-v1,chore/platform-rebuild-baseline,feat/admin-social-management,feat/red-engineering-roadmap-20260820,feature/uc2000-ve-sms-browser-audit,fix/restore-websocket-registrations,revert-37-arena/019ffd78-pro-v1"
RED_Ultimate_V1-main/RED_Ultimate/docs/cloudflare-agent-prompt.md,30,"arena/019fe8fa-pro-v1,arena/019fe9e3-pro-v1,arena/019ff019-pro-v1,arena/019ff06b-pro-v1,arena/019ff085-pro-v1,arena/019ff0c7-pro-v1,arena/019ff146-pro-v1,arena/019ff178-pro-v1,arena/019ff1f9-pro-v1,arena/019ff215-pro-v1,arena/019ff237-pro-v1,arena/019ff422-pro-v1,arena/019ff82d-pro-v1,arena/019ff859-pro-v1,arena/019ff8b4-pro-v1,arena/019ff8c7-pro-v1,arena/019ff8f2-pro-v1,arena/019ffce9-pro-v1,arena/019ffd78-pro-v1,arena/019ffe92-pro-v1,arena/019ffece-pro-v1,arena/019fffd5-pro-v1,arena/01a0064f-pro-v1,arena/01a00f9e-pro-v1,chore/platform-rebuild-baseline,feat/admin-social-management,feat/red-engineering-roadmap-20260820,feature/uc2000-ve-sms-browser-audit,fix/restore-websocket-registrations,revert-37-arena/019ffd78-pro-v1"
RED_Ultimate_V1-main/RED_Ultimate/docs/cloudflare-setup-guide.md,30,"arena/019fe8fa-pro-v1,arena/019fe9e3-pro-v1,arena/019ff019-pro-v1,arena/019ff06b-pro-v1,arena/019ff085-pro-v1,arena/019ff0c7-pro-v1,arena/019ff146-pro-v1,arena/019ff178-pro-v1,arena/019ff1f9-pro-v1,arena/019ff215-pro-v1,arena/019ff237-pro-v1,arena/019ff422-pro-v1,arena/019ff82d-pro-v1,arena/019ff859-pro-v1,arena/019ff8b4-pro-v1,arena/019ff8c7-pro-v1,arena/019ff8f2-pro-v1,arena/019ffce9-pro-v1,arena/019ffd78-pro-v1,arena/019ffe92-pro-v1,arena/019ffece-pro-v1,arena/019fffd5-pro-v1,arena/01a0064f-pro-v1,arena/01a00f9e-pro-v1,chore/platform-rebuild-baseline,feat/admin-social-management,feat/red-engineering-roadmap-20260820,feature/uc2000-ve-sms-browser-audit,fix/restore-websocket-registrations,revert-37-arena/019ffd78-pro-v1"
RED_Ultimate_V1-main/RED_Ultimate/docs/cloudflare-tunnel-explainer.md,30,"arena/019fe8fa-pro-v1,arena/019fe9e3-pro-v1,arena/019ff019-pro-v1,arena/019ff06b-pro-v1,arena/019ff085-pro-v1,arena/019ff0c7-pro-v1,arena/019ff146-pro-v1,arena/019ff178-pro-v1,arena/019ff1f9-pro-v1,arena/019ff215-pro-v1,arena/019ff237-pro-v1,arena/019ff422-pro-v1,arena/019ff82d-pro-v1,arena/019ff859-pro-v1,arena/019ff8b4-pro-v1,arena/019ff8c7-pro-v1,arena/019ff8f2-pro-v1,arena/019ffce9-pro-v1,arena/019ffd78-pro-v1,arena/019ffe92-pro-v1,arena/019ffece-pro-v1,arena/019fffd5-pro-v1,arena/01a0064f-pro-v1,arena/01a00f9e-pro-v1,chore/platform-rebuild-baseline,feat/admin-social-management,feat/red-engineering-roadmap-20260820,feature/uc2000-ve-sms-browser-audit,fix/restore-websocket-registrations,revert-37-arena/019ffd78-pro-v1"
RED_Ultimate_V1-main/RED_Ultimate/docs/diagnostics/DINSTAR_CONFIG_DIFF_PROPOSAL_2026-08-23_AR.md,30,"arena/019fe8fa-pro-v1,arena/019fe9e3-pro-v1,arena/019ff019-pro-v1,arena/019ff06b-pro-v1,arena/019ff085-pro-v1,arena/019ff0c7-pro-v1,arena/019ff146-pro-v1,arena/019ff178-pro-v1,arena/019ff1f9-pro-v1,arena/019ff215-pro-v1,arena/019ff237-pro-v1,arena/019ff422-pro-v1,arena/019ff82d-pro-v1,arena/019ff859-pro-v1,arena/019ff8b4-pro-v1,arena/019ff8c7-pro-v1,arena/019ff8f2-pro-v1,arena/019ffce9-pro-v1,arena/019ffd78-pro-v1,arena/019ffe92-pro-v1,arena/019ffece-pro-v1,arena/019fffd5-pro-v1,arena/01a0064f-pro-v1,arena/01a00f9e-pro-v1,chore/platform-rebuild-baseline,feat/admin-social-management,feat/red-engineering-roadmap-20260820,feature/uc2000-ve-sms-browser-audit,fix/restore-websocket-registrations,revert-37-arena/019ffd78-pro-v1"
RED_Ultimate_V1-main/RED_Ultimate/docs/diagnostics/DINSTAR_NUMBER_LEARNING_GUIDE_AR.md,30,"arena/019fe8fa-pro-v1,arena/019fe9e3-pro-v1,arena/019ff019-pro-v1,arena/019ff06b-pro-v1,arena/019ff085-pro-v1,arena/019ff0c7-pro-v1,arena/019ff146-pro-v1,arena/019ff178-pro-v1,arena/019ff1f9-pro-v1,arena/019ff215-pro-v1,arena/019ff237-pro-v1,arena/019ff422-pro-v1,arena/019ff82d-pro-v1,arena/019ff859-pro-v1,arena/019ff8b4-pro-v1,arena/019ff8c7-pro-v1,arena/019ff8f2-pro-v1,arena/019ffce9-pro-v1,arena/019ffd78-pro-v1,arena/019ffe92-pro-v1,arena/019ffece-pro-v1,arena/019fffd5-pro-v1,arena/01a0064f-pro-v1,arena/01a00f9e-pro-v1,chore/platform-rebuild-baseline,feat/admin-social-management,feat/red-engineering-roadmap-20260820,feature/uc2000-ve-sms-browser-audit,fix/restore-websocket-registrations,revert-37-arena/019ffd78-pro-v1"
RED_Ultimate_V1-main/RED_Ultimate/docs/diagnostics/DINSTAR_OFFICIAL_RESEARCH_NOTES_2026-08-21_AR.md,30,"arena/019fe8fa-pro-v1,arena/019fe9e3-pro-v1,arena/019ff019-pro-v1,arena/019ff06b-pro-v1,arena/019ff085-pro-v1,arena/019ff0c7-pro-v1,arena/019ff146-pro-v1,arena/019ff178-pro-v1,arena/019ff1f9-pro-v1,arena/019ff215-pro-v1,arena/019ff237-pro-v1,arena/019ff422-pro-v1,arena/019ff82d-pro-v1,arena/019ff859-pro-v1,arena/019ff8b4-pro-v1,arena/019ff8c7-pro-v1,arena/019ff8f2-pro-v1,arena/019ffce9-pro-v1,arena/019ffd78-pro-v1,arena/019ffe92-pro-v1,arena/019ffece-pro-v1,arena/019fffd5-pro-v1,arena/01a0064f-pro-v1,arena/01a00f9e-pro-v1,chore/platform-rebuild-baseline,feat/admin-social-management,feat/red-engineering-roadmap-20260820,feature/uc2000-ve-sms-browser-audit,fix/restore-websocket-registrations,revert-37-arena/019ffd78-pro-v1"
RED_Ultimate_V1-main/RED_Ultimate/docs/diagnostics/EXECUTION_STATUS_2026-08-21_AR.md,30,"arena/019fe8fa-pro-v1,arena/019fe9e3-pro-v1,arena/019ff019-pro-v1,arena/019ff06b-pro-v1,arena/019ff085-pro-v1,arena/019ff0c7-pro-v1,arena/019ff146-pro-v1,arena/019ff178-pro-v1,arena/019ff1f9-pro-v1,arena/019ff215-pro-v1,arena/019ff237-pro-v1,arena/019ff422-pro-v1,arena/019ff82d-pro-v1,arena/019ff859-pro-v1,arena/019ff8b4-pro-v1,arena/019ff8c7-pro-v1,arena/019ff8f2-pro-v1,arena/019ffce9-pro-v1,arena/019ffd78-pro-v1,arena/019ffe92-pro-v1,arena/019ffece-pro-v1,arena/019fffd5-pro-v1,arena/01a0064f-pro-v1,arena/01a00f9e-pro-v1,chore/platform-rebuild-baseline,feat/admin-social-management,feat/red-engineering-roadmap-20260820,feature/uc2000-ve-sms-browser-audit,fix/restore-websocket-registrations,revert-37-arena/019ffd78-pro-v1"
RED_Ultimate_V1-main/RED_Ultimate/docs/diagnostics/PSTN_CALL_ARCHITECTURE_AND_GAPS_2026-08-21_AR.md,30,"arena/019fe8fa-pro-v1,arena/019fe9e3-pro-v1,arena/019ff019-pro-v1,arena/019ff06b-pro-v1,arena/019ff085-pro-v1,arena/019ff0c7-pro-v1,arena/019ff146-pro-v1,arena/019ff178-pro-v1,arena/019ff1f9-pro-v1,arena/019ff215-pro-v1,arena/019ff237-pro-v1,arena/019ff422-pro-v1,arena/019ff82d-pro-v1,arena/019ff859-pro-v1,arena/019ff8b4-pro-v1,arena/019ff8c7-pro-v1,arena/019ff8f2-pro-v1,arena/019ffce9-pro-v1,arena/019ffd78-pro-v1,arena/019ffe92-pro-v1,arena/019ffece-pro-v1,arena/019fffd5-pro-v1,arena/01a0064f-pro-v1,arena/01a00f9e-pro-v1,chore/platform-rebuild-baseline,feat/admin-social-management,feat/red-engineering-roadmap-20260820,feature/uc2000-ve-sms-browser-audit,fix/restore-websocket-registrations,revert-37-arena/019ffd78-pro-v1"
RED_Ultimate_V1-main/RED_Ultimate/docs/diagnostics/PSTN_CALL_TECHNOLOGY_DECISION_2026-08-21_AR.md,30,"arena/019fe8fa-pro-v1,arena/019fe9e3-pro-v1,arena/019ff019-pro-v1,arena/019ff06b-pro-v1,arena/019ff085-pro-v1,arena/019ff0c7-pro-v1,arena/019ff146-pro-v1,arena/019ff178-pro-v1,arena/019ff1f9-pro-v1,arena/019ff215-pro-v1,arena/019ff237-pro-v1,arena/019ff422-pro-v1,arena/019ff82d-pro-v1,arena/019ff859-pro-v1,arena/019ff8b4-pro-v1,arena/019ff8c7-pro-v1,arena/019ff8f2-pro-v1,arena/019ffce9-pro-v1,arena/019ffd78-pro-v1,arena/019ffe92-pro-v1,arena/019ffece-pro-v1,arena/019fffd5-pro-v1,arena/01a0064f-pro-v1,arena/01a00f9e-pro-v1,chore/platform-rebuild-baseline,feat/admin-social-management,feat/red-engineering-roadmap-20260820,feature/uc2000-ve-sms-browser-audit,fix/restore-websocket-registrations,revert-37-arena/019ffd78-pro-v1"
RED_Ultimate_V1-main/RED_Ultimate/docs/diagnostics/PSTN_SMS_INTEGRATION_VALIDATION_2026-08-21_AR.md,30,"arena/019fe8fa-pro-v1,arena/019fe9e3-pro-v1,arena/019ff019-pro-v1,arena/019ff06b-pro-v1,arena/019ff085-pro-v1,arena/019ff0c7-pro-v1,arena/019ff146-pro-v1,arena/019ff178-pro-v1,arena/019ff1f9-pro-v1,arena/019ff215-pro-v1,arena/019ff237-pro-v1,arena/019ff422-pro-v1,arena/019ff82d-pro-v1,arena/019ff859-pro-v1,arena/019ff8b4-pro-v1,arena/019ff8c7-pro-v1,arena/019ff8f2-pro-v1,arena/019ffce9-pro-v1,arena/019ffd78-pro-v1,arena/019ffe92-pro-v1,arena/019ffece-pro-v1,arena/019fffd5-pro-v1,arena/01a0064f-pro-v1,arena/01a00f9e-pro-v1,chore/platform-rebuild-baseline,feat/admin-social-management,feat/red-engineering-roadmap-20260820,feature/uc2000-ve-sms-browser-audit,fix/restore-websocket-registrations,revert-37-arena/019ffd78-pro-v1"
RED_Ultimate_V1-main/RED_Ultimate/docs/diagnostics/PSTN_SMS_ROOT_CAUSE_2026-08-21_AR.md,30,"arena/019fe8fa-pro-v1,arena/019fe9e3-pro-v1,arena/019ff019-pro-v1,arena/019ff06b-pro-v1,arena/019ff085-pro-v1,arena/019ff0c7-pro-v1,arena/019ff146-pro-v1,arena/019ff178-pro-v1,arena/019ff1f9-pro-v1,arena/019ff215-pro-v1,arena/019ff237-pro-v1,arena/019ff422-pro-v1,arena/019ff82d-pro-v1,arena/019ff859-pro-v1,arena/019ff8b4-pro-v1,arena/019ff8c7-pro-v1,arena/019ff8f2-pro-v1,arena/019ffce9-pro-v1,arena/019ffd78-pro-v1,arena/019ffe92-pro-v1,arena/019ffece-pro-v1,arena/019fffd5-pro-v1,arena/01a0064f-pro-v1,arena/01a00f9e-pro-v1,chore/platform-rebuild-baseline,feat/admin-social-management,feat/red-engineering-roadmap-20260820,feature/uc2000-ve-sms-browser-audit,fix/restore-websocket-registrations,revert-37-arena/019ffd78-pro-v1"
RED_Ultimate_V1-main/RED_Ultimate/docs/diagnostics/android-excluded-component-diff.patch,30,"arena/019fe8fa-pro-v1,arena/019fe9e3-pro-v1,arena/019ff019-pro-v1,arena/019ff06b-pro-v1,arena/019ff085-pro-v1,arena/019ff0c7-pro-v1,arena/019ff146-pro-v1,arena/019ff178-pro-v1,arena/019ff1f9-pro-v1,arena/019ff215-pro-v1,arena/019ff237-pro-v1,arena/019ff422-pro-v1,arena/019ff82d-pro-v1,arena/019ff859-pro-v1,arena/019ff8b4-pro-v1,arena/019ff8c7-pro-v1,arena/019ff8f2-pro-v1,arena/019ffce9-pro-v1,arena/019ffd78-pro-v1,arena/019ffe92-pro-v1,arena/019ffece-pro-v1,arena/019fffd5-pro-v1,arena/01a0064f-pro-v1,arena/01a00f9e-pro-v1,chore/platform-rebuild-baseline,feat/admin-social-management,feat/red-engineering-roadmap-20260820,feature/uc2000-ve-sms-browser-audit,fix/restore-websocket-registrations,revert-37-arena/019ffd78-pro-v1"
RED_Ultimate_V1-main/RED_Ultimate/docs/diagnostics/android-verification-2026-08-21.md,30,"arena/019fe8fa-pro-v1,arena/019fe9e3-pro-v1,arena/019ff019-pro-v1,arena/019ff06b-pro-v1,arena/019ff085-pro-v1,arena/019ff0c7-pro-v1,arena/019ff146-pro-v1,arena/019ff178-pro-v1,arena/019ff1f9-pro-v1,arena/019ff215-pro-v1,arena/019ff237-pro-v1,arena/019ff422-pro-v1,arena/019ff82d-pro-v1,arena/019ff859-pro-v1,arena/019ff8b4-pro-v1,arena/019ff8c7-pro-v1,arena/019ff8f2-pro-v1,arena/019ffce9-pro-v1,arena/019ffd78-pro-v1,arena/019ffe92-pro-v1,arena/019ffece-pro-v1,arena/019fffd5-pro-v1,arena/01a0064f-pro-v1,arena/01a00f9e-pro-v1,chore/platform-rebuild-baseline,feat/admin-social-management,feat/red-engineering-roadmap-20260820,feature/uc2000-ve-sms-browser-audit,fix/restore-websocket-registrations,revert-37-arena/019ffd78-pro-v1"
RED_Ultimate_V1-main/RED_Ultimate/docs/diagnostics/live-snapshots-2026-08-23/ASTERISK_DINSTAR_CONFIG_SANITIZED_2026-08-23.txt,30,"arena/019fe8fa-pro-v1,arena/019fe9e3-pro-v1,arena/019ff019-pro-v1,arena/019ff06b-pro-v1,arena/019ff085-pro-v1,arena/019ff0c7-pro-v1,arena/019ff146-pro-v1,arena/019ff178-pro-v1,arena/019ff1f9-pro-v1,arena/019ff215-pro-v1,arena/019ff237-pro-v1,arena/019ff422-pro-v1,arena/019ff82d-pro-v1,arena/019ff859-pro-v1,arena/019ff8b4-pro-v1,arena/019ff8c7-pro-v1,arena/019ff8f2-pro-v1,arena/019ffce9-pro-v1,arena/019ffd78-pro-v1,arena/019ffe92-pro-v1,arena/019ffece-pro-v1,arena/019fffd5-pro-v1,arena/01a0064f-pro-v1,arena/01a00f9e-pro-v1,chore/platform-rebuild-baseline,feat/admin-social-management,feat/red-engineering-roadmap-20260820,feature/uc2000-ve-sms-browser-audit,fix/restore-websocket-registrations,revert-37-arena/019ffd78-pro-v1"
RED_Ultimate_V1-main/RED_Ultimate/docs/diagnostics/live-snapshots-2026-08-23/ASTERISK_DINSTAR_ERRORS_2026-08-23.txt,30,"arena/019fe8fa-pro-v1,arena/019fe9e3-pro-v1,arena/019ff019-pro-v1,arena/019ff06b-pro-v1,arena/019ff085-pro-v1,arena/019ff0c7-pro-v1,arena/019ff146-pro-v1,arena/019ff178-pro-v1,arena/019ff1f9-pro-v1,arena/019ff215-pro-v1,arena/019ff237-pro-v1,arena/019ff422-pro-v1,arena/019ff82d-pro-v1,arena/019ff859-pro-v1,arena/019ff8b4-pro-v1,arena/019ff8c7-pro-v1,arena/019ff8f2-pro-v1,arena/019ffce9-pro-v1,arena/019ffd78-pro-v1,arena/019ffe92-pro-v1,arena/019ffece-pro-v1,arena/019fffd5-pro-v1,arena/01a0064f-pro-v1,arena/01a00f9e-pro-v1,chore/platform-rebuild-baseline,feat/admin-social-management,feat/red-engineering-roadmap-20260820,feature/uc2000-ve-sms-browser-audit,fix/restore-websocket-registrations,revert-37-arena/019ffd78-pro-v1"
RED_Ultimate_V1-main/RED_Ultimate/docs/diagnostics/live-snapshots-2026-08-23/ASTERISK_DINSTAR_ROUTING_SANITIZED_2026-08-23.txt,30,"arena/019fe8fa-pro-v1,arena/019fe9e3-pro-v1,arena/019ff019-pro-v1,arena/019ff06b-pro-v1,arena/019ff085-pro-v1,arena/019ff0c7-pro-v1,arena/019ff146-pro-v1,arena/019ff178-pro-v1,arena/019ff1f9-pro-v1,arena/019ff215-pro-v1,arena/019ff237-pro-v1,arena/019ff422-pro-v1,arena/019ff82d-pro-v1,arena/019ff859-pro-v1,arena/019ff8b4-pro-v1,arena/019ff8c7-pro-v1,arena/019ff8f2-pro-v1,arena/019ffce9-pro-v1,arena/019ffd78-pro-v1,arena/019ffe92-pro-v1,arena/019ffece-pro-v1,arena/019fffd5-pro-v1,arena/01a0064f-pro-v1,arena/01a00f9e-pro-v1,chore/platform-rebuild-baseline,feat/admin-social-management,feat/red-engineering-roadmap-20260820,feature/uc2000-ve-sms-browser-audit,fix/restore-websocket-registrations,revert-37-arena/019ffd78-pro-v1"
RED_Ultimate_V1-main/RED_Ultimate/docs/diagnostics/live-snapshots-2026-08-23/ASTERISK_SIP_CONTACTS_POST_3_ISOLATION_2026-08-23.txt,30,"arena/019fe8fa-pro-v1,arena/019fe9e3-pro-v1,arena/019ff019-pro-v1,arena/019ff06b-pro-v1,arena/019ff085-pro-v1,arena/019ff0c7-pro-v1,arena/019ff146-pro-v1,arena/019ff178-pro-v1,arena/019ff1f9-pro-v1,arena/019ff215-pro-v1,arena/019ff237-pro-v1,arena/019ff422-pro-v1,arena/019ff82d-pro-v1,arena/019ff859-pro-v1,arena/019ff8b4-pro-v1,arena/019ff8c7-pro-v1,arena/019ff8f2-pro-v1,arena/019ffce9-pro-v1,arena/019ffd78-pro-v1,arena/019ffe92-pro-v1,arena/019ffece-pro-v1,arena/019fffd5-pro-v1,arena/01a0064f-pro-v1,arena/01a00f9e-pro-v1,chore/platform-rebuild-baseline,feat/admin-social-management,feat/red-engineering-roadmap-20260820,feature/uc2000-ve-sms-browser-audit,fix/restore-websocket-registrations,revert-37-arena/019ffd78-pro-v1"
RED_Ultimate_V1-main/RED_Ultimate/docs/diagnostics/live-snapshots-2026-08-23/ASTERISK_SIP_CONTACTS_POST_REGISTRATION_ACL_2026-08-23.txt,30,"arena/019fe8fa-pro-v1,arena/019fe9e3-pro-v1,arena/019ff019-pro-v1,arena/019ff06b-pro-v1,arena/019ff085-pro-v1,arena/019ff0c7-pro-v1,arena/019ff146-pro-v1,arena/019ff178-pro-v1,arena/019ff1f9-pro-v1,arena/019ff215-pro-v1,arena/019ff237-pro-v1,arena/019ff422-pro-v1,arena/019ff82d-pro-v1,arena/019ff859-pro-v1,arena/019ff8b4-pro-v1,arena/019ff8c7-pro-v1,arena/019ff8f2-pro-v1,arena/019ffce9-pro-v1,arena/019ffd78-pro-v1,arena/019ffe92-pro-v1,arena/019ffece-pro-v1,arena/019fffd5-pro-v1,arena/01a0064f-pro-v1,arena/01a00f9e-pro-v1,chore/platform-rebuild-baseline,feat/admin-social-management,feat/red-engineering-roadmap-20260820,feature/uc2000-ve-sms-browser-audit,fix/restore-websocket-registrations,revert-37-arena/019ffd78-pro-v1"
RED_Ultimate_V1-main/RED_Ultimate/docs/diagnostics/live-snapshots-2026-08-23/ASTERISK_SIP_CONTACTS_POST_REGISTRATION_ACL_RECHECK_2026-08-23.txt,30,"arena/019fe8fa-pro-v1,arena/019fe9e3-pro-v1,arena/019ff019-pro-v1,arena/019ff06b-pro-v1,arena/019ff085-pro-v1,arena/019ff0c7-pro-v1,arena/019ff146-pro-v1,arena/019ff178-pro-v1,arena/019ff1f9-pro-v1,arena/019ff215-pro-v1,arena/019ff237-pro-v1,arena/019ff422-pro-v1,arena/019ff82d-pro-v1,arena/019ff859-pro-v1,arena/019ff8b4-pro-v1,arena/019ff8c7-pro-v1,arena/019ff8f2-pro-v1,arena/019ffce9-pro-v1,arena/019ffd78-pro-v1,arena/019ffe92-pro-v1,arena/019ffece-pro-v1,arena/019fffd5-pro-v1,arena/01a0064f-pro-v1,arena/01a00f9e-pro-v1,chore/platform-rebuild-baseline,feat/admin-social-management,feat/red-engineering-roadmap-20260820,feature/uc2000-ve-sms-browser-audit,fix/restore-websocket-registrations,revert-37-arena/019ffd78-pro-v1"
RED_Ultimate_V1-main/RED_Ultimate/docs/diagnostics/live-snapshots-2026-08-23/ASTERISK_SIP_ENDPOINT_0_POST_REGISTRATION_ACL_2026-08-23.txt,30,"arena/019fe8fa-pro-v1,arena/019fe9e3-pro-v1,arena/019ff019-pro-v1,arena/019ff06b-pro-v1,arena/019ff085-pro-v1,arena/019ff0c7-pro-v1,arena/019ff146-pro-v1,arena/019ff178-pro-v1,arena/019ff1f9-pro-v1,arena/019ff215-pro-v1,arena/019ff237-pro-v1,arena/019ff422-pro-v1,arena/019ff82d-pro-v1,arena/019ff859-pro-v1,arena/019ff8b4-pro-v1,arena/019ff8c7-pro-v1,arena/019ff8f2-pro-v1,arena/019ffce9-pro-v1,arena/019ffd78-pro-v1,arena/019ffe92-pro-v1,arena/019ffece-pro-v1,arena/019fffd5-pro-v1,arena/01a0064f-pro-v1,arena/01a00f9e-pro-v1,chore/platform-rebuild-baseline,feat/admin-social-management,feat/red-engineering-roadmap-20260820,feature/uc2000-ve-sms-browser-audit,fix/restore-websocket-registrations,revert-37-arena/019ffd78-pro-v1"
RED_Ultimate_V1-main/RED_Ultimate/docs/diagnostics/live-snapshots-2026-08-23/ASTERISK_SIP_STATUS_2026-08-23.txt,30,"arena/019fe8fa-pro-v1,arena/019fe9e3-pro-v1,arena/019ff019-pro-v1,arena/019ff06b-pro-v1,arena/019ff085-pro-v1,arena/019ff0c7-pro-v1,arena/019ff146-pro-v1,arena/019ff178-pro-v1,arena/019ff1f9-pro-v1,arena/019ff215-pro-v1,arena/019ff237-pro-v1,arena/019ff422-pro-v1,arena/019ff82d-pro-v1,arena/019ff859-pro-v1,arena/019ff8b4-pro-v1,arena/019ff8c7-pro-v1,arena/019ff8f2-pro-v1,arena/019ffce9-pro-v1,arena/019ffd78-pro-v1,arena/019ffe92-pro-v1,arena/019ffece-pro-v1,arena/019fffd5-pro-v1,arena/01a0064f-pro-v1,arena/01a00f9e-pro-v1,chore/platform-rebuild-baseline,feat/admin-social-management,feat/red-engineering-roadmap-20260820,feature/uc2000-ve-sms-browser-audit,fix/restore-websocket-registrations,revert-37-arena/019ffd78-pro-v1"
RED_Ultimate_V1-main/RED_Ultimate/docs/diagnostics/live-snapshots-2026-08-23/ASTERISK_STARTUP_POST_REGISTRATION_ACL_2026-08-23.txt,30,"arena/019fe8fa-pro-v1,arena/019fe9e3-pro-v1,arena/019ff019-pro-v1,arena/019ff06b-pro-v1,arena/019ff085-pro-v1,arena/019ff0c7-pro-v1,arena/019ff146-pro-v1,arena/019ff178-pro-v1,arena/019ff1f9-pro-v1,arena/019ff215-pro-v1,arena/019ff237-pro-v1,arena/019ff422-pro-v1,arena/019ff82d-pro-v1,arena/019ff859-pro-v1,arena/019ff8b4-pro-v1,arena/019ff8c7-pro-v1,arena/019ff8f2-pro-v1,arena/019ffce9-pro-v1,arena/019ffd78-pro-v1,arena/019ffe92-pro-v1,arena/019ffece-pro-v1,arena/019fffd5-pro-v1,arena/01a0064f-pro-v1,arena/01a00f9e-pro-v1,chore/platform-rebuild-baseline,feat/admin-social-management,feat/red-engineering-roadmap-20260820,feature/uc2000-ve-sms-browser-audit,fix/restore-websocket-registrations,revert-37-arena/019ffd78-pro-v1"
RED_Ultimate_V1-main/RED_Ultimate/docs/diagnostics/live-snapshots-2026-08-23/DINSTAR_API_DEEP_ANALYSIS.md,30,"arena/019fe8fa-pro-v1,arena/019fe9e3-pro-v1,arena/019ff019-pro-v1,arena/019ff06b-pro-v1,arena/019ff085-pro-v1,arena/019ff0c7-pro-v1,arena/019ff146-pro-v1,arena/019ff178-pro-v1,arena/019ff1f9-pro-v1,arena/019ff215-pro-v1,arena/019ff237-pro-v1,arena/019ff422-pro-v1,arena/019ff82d-pro-v1,arena/019ff859-pro-v1,arena/019ff8b4-pro-v1,arena/019ff8c7-pro-v1,arena/019ff8f2-pro-v1,arena/019ffce9-pro-v1,arena/019ffd78-pro-v1,arena/019ffe92-pro-v1,arena/019ffece-pro-v1,arena/019fffd5-pro-v1,arena/01a0064f-pro-v1,arena/01a00f9e-pro-v1,chore/platform-rebuild-baseline,feat/admin-social-management,feat/red-engineering-roadmap-20260820,feature/uc2000-ve-sms-browser-audit,fix/restore-websocket-registrations,revert-37-arena/019ffd78-pro-v1"
RED_Ultimate_V1-main/RED_Ultimate/docs/diagnostics/live-snapshots-2026-08-23/DINSTAR_BACKUP_RESTORE_FORM_2026-08-23.html,30,"arena/019fe8fa-pro-v1,arena/019fe9e3-pro-v1,arena/019ff019-pro-v1,arena/019ff06b-pro-v1,arena/019ff085-pro-v1,arena/019ff0c7-pro-v1,arena/019ff146-pro-v1,arena/019ff178-pro-v1,arena/019ff1f9-pro-v1,arena/019ff215-pro-v1,arena/019ff237-pro-v1,arena/019ff422-pro-v1,arena/019ff82d-pro-v1,arena/019ff859-pro-v1,arena/019ff8b4-pro-v1,arena/019ff8c7-pro-v1,arena/019ff8f2-pro-v1,arena/019ffce9-pro-v1,arena/019ffd78-pro-v1,arena/019ffe92-pro-v1,arena/019ffece-pro-v1,arena/019fffd5-pro-v1,arena/01a0064f-pro-v1,arena/01a00f9e-pro-v1,chore/platform-rebuild-baseline,feat/admin-social-management,feat/red-engineering-roadmap-20260820,feature/uc2000-ve-sms-browser-audit,fix/restore-websocket-registrations,revert-37-arena/019ffd78-pro-v1"
RED_Ultimate_V1-main/RED_Ultimate/docs/diagnostics/live-snapshots-2026-08-23/DINSTAR_BALANCE_LEARNING_FORM_2026-08-23.html,30,"arena/019fe8fa-pro-v1,arena/019fe9e3-pro-v1,arena/019ff019-pro-v1,arena/019ff06b-pro-v1,arena/019ff085-pro-v1,arena/019ff0c7-pro-v1,arena/019ff146-pro-v1,arena/019ff178-pro-v1,arena/019ff1f9-pro-v1,arena/019ff215-pro-v1,arena/019ff237-pro-v1,arena/019ff422-pro-v1,arena/019ff82d-pro-v1,arena/019ff859-pro-v1,arena/019ff8b4-pro-v1,arena/019ff8c7-pro-v1,arena/019ff8f2-pro-v1,arena/019ffce9-pro-v1,arena/019ffd78-pro-v1,arena/019ffe92-pro-v1,arena/019ffece-pro-v1,arena/019fffd5-pro-v1,arena/01a0064f-pro-v1,arena/01a00f9e-pro-v1,chore/platform-rebuild-baseline,feat/admin-social-management,feat/red-engineering-roadmap-20260820,feature/uc2000-ve-sms-browser-audit,fix/restore-websocket-registrations,revert-37-arena/019ffd78-pro-v1"
RED_Ultimate_V1-main/RED_Ultimate/docs/diagnostics/live-snapshots-2026-08-23/DINSTAR_CONFIG_BACKUP_BEFORE_NUMBER_LEARNING_2026-08-23.cfg,30,"arena/019fe8fa-pro-v1,arena/019fe9e3-pro-v1,arena/019ff019-pro-v1,arena/019ff06b-pro-v1,arena/019ff085-pro-v1,arena/019ff0c7-pro-v1,arena/019ff146-pro-v1,arena/019ff178-pro-v1,arena/019ff1f9-pro-v1,arena/019ff215-pro-v1,arena/019ff237-pro-v1,arena/019ff422-pro-v1,arena/019ff82d-pro-v1,arena/019ff859-pro-v1,arena/019ff8b4-pro-v1,arena/019ff8c7-pro-v1,arena/019ff8f2-pro-v1,arena/019ffce9-pro-v1,arena/019ffd78-pro-v1,arena/019ffe92-pro-v1,arena/019ffece-pro-v1,arena/019fffd5-pro-v1,arena/01a0064f-pro-v1,arena/01a00f9e-pro-v1,chore/platform-rebuild-baseline,feat/admin-social-management,feat/red-engineering-roadmap-20260820,feature/uc2000-ve-sms-browser-audit,fix/restore-websocket-registrations,revert-37-arena/019ffd78-pro-v1"
RED_Ultimate_V1-main/RED_Ultimate/docs/diagnostics/live-snapshots-2026-08-23/DINSTAR_EXTERNAL_RESEARCH_SOURCES_2026-08-23.md,30,"arena/019fe8fa-pro-v1,arena/019fe9e3-pro-v1,arena/019ff019-pro-v1,arena/019ff06b-pro-v1,arena/019ff085-pro-v1,arena/019ff0c7-pro-v1,arena/019ff146-pro-v1,arena/019ff178-pro-v1,arena/019ff1f9-pro-v1,arena/019ff215-pro-v1,arena/019ff237-pro-v1,arena/019ff422-pro-v1,arena/019ff82d-pro-v1,arena/019ff859-pro-v1,arena/019ff8b4-pro-v1,arena/019ff8c7-pro-v1,arena/019ff8f2-pro-v1,arena/019ffce9-pro-v1,arena/019ffd78-pro-v1,arena/019ffe92-pro-v1,arena/019ffece-pro-v1,arena/019fffd5-pro-v1,arena/01a0064f-pro-v1,arena/01a00f9e-pro-v1,chore/platform-rebuild-baseline,feat/admin-social-management,feat/red-engineering-roadmap-20260820,feature/uc2000-ve-sms-browser-audit,fix/restore-websocket-registrations,revert-37-arena/019ffd78-pro-v1"
RED_Ultimate_V1-main/RED_Ultimate/docs/diagnostics/live-snapshots-2026-08-23/DINSTAR_HUMAN_BEHAVIOR_BASIC_FORM_2026-08-23.html,30,"arena/019fe8fa-pro-v1,arena/019fe9e3-pro-v1,arena/019ff019-pro-v1,arena/019ff06b-pro-v1,arena/019ff085-pro-v1,arena/019ff0c7-pro-v1,arena/019ff146-pro-v1,arena/019ff178-pro-v1,arena/019ff1f9-pro-v1,arena/019ff215-pro-v1,arena/019ff237-pro-v1,arena/019ff422-pro-v1,arena/019ff82d-pro-v1,arena/019ff859-pro-v1,arena/019ff8b4-pro-v1,arena/019ff8c7-pro-v1,arena/019ff8f2-pro-v1,arena/019ffce9-pro-v1,arena/019ffd78-pro-v1,arena/019ffe92-pro-v1,arena/019ffece-pro-v1,arena/019fffd5-pro-v1,arena/01a0064f-pro-v1,arena/01a00f9e-pro-v1,chore/platform-rebuild-baseline,feat/admin-social-management,feat/red-engineering-roadmap-20260820,feature/uc2000-ve-sms-browser-audit,fix/restore-websocket-registrations,revert-37-arena/019ffd78-pro-v1"
RED_Ultimate_V1-main/RED_Ultimate/docs/diagnostics/live-snapshots-2026-08-23/DINSTAR_MOBILE_SYSTEM_INFO_2026-08-23.html,30,"arena/019fe8fa-pro-v1,arena/019fe9e3-pro-v1,arena/019ff019-pro-v1,arena/019ff06b-pro-v1,arena/019ff085-pro-v1,arena/019ff0c7-pro-v1,arena/019ff146-pro-v1,arena/019ff178-pro-v1,arena/019ff1f9-pro-v1,arena/019ff215-pro-v1,arena/019ff237-pro-v1,arena/019ff422-pro-v1,arena/019ff82d-pro-v1,arena/019ff859-pro-v1,arena/019ff8b4-pro-v1,arena/019ff8c7-pro-v1,arena/019ff8f2-pro-v1,arena/019ffce9-pro-v1,arena/019ffd78-pro-v1,arena/019ffe92-pro-v1,arena/019ffece-pro-v1,arena/019fffd5-pro-v1,arena/01a0064f-pro-v1,arena/01a00f9e-pro-v1,chore/platform-rebuild-baseline,feat/admin-social-management,feat/red-engineering-roadmap-20260820,feature/uc2000-ve-sms-browser-audit,fix/restore-websocket-registrations,revert-37-arena/019ffd78-pro-v1"
RED_Ultimate_V1-main/RED_Ultimate/docs/diagnostics/live-snapshots-2026-08-23/DINSTAR_MODULE_LOG_2026-08-23.html,30,"arena/019fe8fa-pro-v1,arena/019fe9e3-pro-v1,arena/019ff019-pro-v1,arena/019ff06b-pro-v1,arena/019ff085-pro-v1,arena/019ff0c7-pro-v1,arena/019ff146-pro-v1,arena/019ff178-pro-v1,arena/019ff1f9-pro-v1,arena/019ff215-pro-v1,arena/019ff237-pro-v1,arena/019ff422-pro-v1,arena/019ff82d-pro-v1,arena/019ff859-pro-v1,arena/019ff8b4-pro-v1,arena/019ff8c7-pro-v1,arena/019ff8f2-pro-v1,arena/019ffce9-pro-v1,arena/019ffd78-pro-v1,arena/019ffe92-pro-v1,arena/019ffece-pro-v1,arena/019fffd5-pro-v1,arena/01a0064f-pro-v1,arena/01a00f9e-pro-v1,chore/platform-rebuild-baseline,feat/admin-social-management,feat/red-engineering-roadmap-20260820,feature/uc2000-ve-sms-browser-audit,fix/restore-websocket-registrations,revert-37-arena/019ffd78-pro-v1"
RED_Ultimate_V1-main/RED_Ultimate/docs/diagnostics/live-snapshots-2026-08-23/DINSTAR_PHONE_NUMBER_CONFIG_FORM_2026-08-23.html,30,"arena/019fe8fa-pro-v1,arena/019fe9e3-pro-v1,arena/019ff019-pro-v1,arena/019ff06b-pro-v1,arena/019ff085-pro-v1,arena/019ff0c7-pro-v1,arena/019ff146-pro-v1,arena/019ff178-pro-v1,arena/019ff1f9-pro-v1,arena/019ff215-pro-v1,arena/019ff237-pro-v1,arena/019ff422-pro-v1,arena/019ff82d-pro-v1,arena/019ff859-pro-v1,arena/019ff8b4-pro-v1,arena/019ff8c7-pro-v1,arena/019ff8f2-pro-v1,arena/019ffce9-pro-v1,arena/019ffd78-pro-v1,arena/019ffe92-pro-v1,arena/019ffece-pro-v1,arena/019fffd5-pro-v1,arena/01a0064f-pro-v1,arena/01a00f9e-pro-v1,chore/platform-rebuild-baseline,feat/admin-social-management,feat/red-engineering-roadmap-20260820,feature/uc2000-ve-sms-browser-audit,fix/restore-websocket-registrations,revert-37-arena/019ffd78-pro-v1"
RED_Ultimate_V1-main/RED_Ultimate/docs/diagnostics/live-snapshots-2026-08-23/DINSTAR_PHONE_NUMBER_LEARNING_ADD_FORM_2026-08-23.html,30,"arena/019fe8fa-pro-v1,arena/019fe9e3-pro-v1,arena/019ff019-pro-v1,arena/019ff06b-pro-v1,arena/019ff085-pro-v1,arena/019ff0c7-pro-v1,arena/019ff146-pro-v1,arena/019ff178-pro-v1,arena/019ff1f9-pro-v1,arena/019ff215-pro-v1,arena/019ff237-pro-v1,arena/019ff422-pro-v1,arena/019ff82d-pro-v1,arena/019ff859-pro-v1,arena/019ff8b4-pro-v1,arena/019ff8c7-pro-v1,arena/019ff8f2-pro-v1,arena/019ffce9-pro-v1,arena/019ffd78-pro-v1,arena/019ffe92-pro-v1,arena/019ffece-pro-v1,arena/019fffd5-pro-v1,arena/01a0064f-pro-v1,arena/01a00f9e-pro-v1,chore/platform-rebuild-baseline,feat/admin-social-management,feat/red-engineering-roadmap-20260820,feature/uc2000-ve-sms-browser-audit,fix/restore-websocket-registrations,revert-37-arena/019ffd78-pro-v1"
RED_Ultimate_V1-main/RED_Ultimate/docs/diagnostics/live-snapshots-2026-08-23/DINSTAR_PHONE_NUMBER_LEARNING_CURRENT_2026-08-23.html,30,"arena/019fe8fa-pro-v1,arena/019fe9e3-pro-v1,arena/019ff019-pro-v1,arena/019ff06b-pro-v1,arena/019ff085-pro-v1,arena/019ff0c7-pro-v1,arena/019ff146-pro-v1,arena/019ff178-pro-v1,arena/019ff1f9-pro-v1,arena/019ff215-pro-v1,arena/019ff237-pro-v1,arena/019ff422-pro-v1,arena/019ff82d-pro-v1,arena/019ff859-pro-v1,arena/019ff8b4-pro-v1,arena/019ff8c7-pro-v1,arena/019ff8f2-pro-v1,arena/019ffce9-pro-v1,arena/019ffd78-pro-v1,arena/019ffe92-pro-v1,arena/019ffece-pro-v1,arena/019fffd5-pro-v1,arena/01a0064f-pro-v1,arena/01a00f9e-pro-v1,chore/platform-rebuild-baseline,feat/admin-social-management,feat/red-engineering-roadmap-20260820,feature/uc2000-ve-sms-browser-audit,fix/restore-websocket-registrations,revert-37-arena/019ffd78-pro-v1"
RED_Ultimate_V1-main/RED_Ultimate/docs/diagnostics/live-snapshots-2026-08-23/DINSTAR_PHONE_NUMBER_LEARNING_FORM_2026-08-23.html,30,"arena/019fe8fa-pro-v1,arena/019fe9e3-pro-v1,arena/019ff019-pro-v1,arena/019ff06b-pro-v1,arena/019ff085-pro-v1,arena/019ff0c7-pro-v1,arena/019ff146-pro-v1,arena/019ff178-pro-v1,arena/019ff1f9-pro-v1,arena/019ff215-pro-v1,arena/019ff237-pro-v1,arena/019ff422-pro-v1,arena/019ff82d-pro-v1,arena/019ff859-pro-v1,arena/019ff8b4-pro-v1,arena/019ff8c7-pro-v1,arena/019ff8f2-pro-v1,arena/019ffce9-pro-v1,arena/019ffd78-pro-v1,arena/019ffe92-pro-v1,arena/019ffece-pro-v1,arena/019fffd5-pro-v1,arena/01a0064f-pro-v1,arena/01a00f9e-pro-v1,chore/platform-rebuild-baseline,feat/admin-social-management,feat/red-engineering-roadmap-20260820,feature/uc2000-ve-sms-browser-audit,fix/restore-websocket-registrations,revert-37-arena/019ffd78-pro-v1"
RED_Ultimate_V1-main/RED_Ultimate/docs/diagnostics/live-snapshots-2026-08-23/DINSTAR_PHONE_NUMBER_MATCHING_TEST_FORM_2026-08-23.html,30,"arena/019fe8fa-pro-v1,arena/019fe9e3-pro-v1,arena/019ff019-pro-v1,arena/019ff06b-pro-v1,arena/019ff085-pro-v1,arena/019ff0c7-pro-v1,arena/019ff146-pro-v1,arena/019ff178-pro-v1,arena/019ff1f9-pro-v1,arena/019ff215-pro-v1,arena/019ff237-pro-v1,arena/019ff422-pro-v1,arena/019ff82d-pro-v1,arena/019ff859-pro-v1,arena/019ff8b4-pro-v1,arena/019ff8c7-pro-v1,arena/019ff8f2-pro-v1,arena/019ffce9-pro-v1,arena/019ffd78-pro-v1,arena/019ffe92-pro-v1,arena/019ffece-pro-v1,arena/019fffd5-pro-v1,arena/01a0064f-pro-v1,arena/01a00f9e-pro-v1,chore/platform-rebuild-baseline,feat/admin-social-management,feat/red-engineering-roadmap-20260820,feature/uc2000-ve-sms-browser-audit,fix/restore-websocket-registrations,revert-37-arena/019ffd78-pro-v1"
RED_Ultimate_V1-main/RED_Ultimate/docs/diagnostics/live-snapshots-2026-08-23/DINSTAR_PORT_DIAGNOSTICS_SANITIZED_2026-08-23.json,30,"arena/019fe8fa-pro-v1,arena/019fe9e3-pro-v1,arena/019ff019-pro-v1,arena/019ff06b-pro-v1,arena/019ff085-pro-v1,arena/019ff0c7-pro-v1,arena/019ff146-pro-v1,arena/019ff178-pro-v1,arena/019ff1f9-pro-v1,arena/019ff215-pro-v1,arena/019ff237-pro-v1,arena/019ff422-pro-v1,arena/019ff82d-pro-v1,arena/019ff859-pro-v1,arena/019ff8b4-pro-v1,arena/019ff8c7-pro-v1,arena/019ff8f2-pro-v1,arena/019ffce9-pro-v1,arena/019ffd78-pro-v1,arena/019ffe92-pro-v1,arena/019ffece-pro-v1,arena/019fffd5-pro-v1,arena/01a0064f-pro-v1,arena/01a00f9e-pro-v1,chore/platform-rebuild-baseline,feat/admin-social-management,feat/red-engineering-roadmap-20260820,feature/uc2000-ve-sms-browser-audit,fix/restore-websocket-registrations,revert-37-arena/019ffd78-pro-v1"
RED_Ultimate_V1-main/RED_Ultimate/docs/diagnostics/live-snapshots-2026-08-23/DINSTAR_PORT_INVENTORY_2026-08-23.json,30,"arena/019fe8fa-pro-v1,arena/019fe9e3-pro-v1,arena/019ff019-pro-v1,arena/019ff06b-pro-v1,arena/019ff085-pro-v1,arena/019ff0c7-pro-v1,arena/019ff146-pro-v1,arena/019ff178-pro-v1,arena/019ff1f9-pro-v1,arena/019ff215-pro-v1,arena/019ff237-pro-v1,arena/019ff422-pro-v1,arena/019ff82d-pro-v1,arena/019ff859-pro-v1,arena/019ff8b4-pro-v1,arena/019ff8c7-pro-v1,arena/019ff8f2-pro-v1,arena/019ffce9-pro-v1,arena/019ffd78-pro-v1,arena/019ffe92-pro-v1,arena/019ffece-pro-v1,arena/019fffd5-pro-v1,arena/01a0064f-pro-v1,arena/01a00f9e-pro-v1,chore/platform-rebuild-baseline,feat/admin-social-management,feat/red-engineering-roadmap-20260820,feature/uc2000-ve-sms-browser-audit,fix/restore-websocket-registrations,revert-37-arena/019ffd78-pro-v1"
RED_Ultimate_V1-main/RED_Ultimate/docs/diagnostics/live-snapshots-2026-08-23/DINSTAR_SERVICE_CONFIG_2026-08-23.html,30,"arena/019fe8fa-pro-v1,arena/019fe9e3-pro-v1,arena/019ff019-pro-v1,arena/019ff06b-pro-v1,arena/019ff085-pro-v1,arena/019ff0c7-pro-v1,arena/019ff146-pro-v1,arena/019ff178-pro-v1,arena/019ff1f9-pro-v1,arena/019ff215-pro-v1,arena/019ff237-pro-v1,arena/019ff422-pro-v1,arena/019ff82d-pro-v1,arena/019ff859-pro-v1,arena/019ff8b4-pro-v1,arena/019ff8c7-pro-v1,arena/019ff8f2-pro-v1,arena/019ffce9-pro-v1,arena/019ffd78-pro-v1,arena/019ffe92-pro-v1,arena/019ffece-pro-v1,arena/019fffd5-pro-v1,arena/01a0064f-pro-v1,arena/01a00f9e-pro-v1,chore/platform-rebuild-baseline,feat/admin-social-management,feat/red-engineering-roadmap-20260820,feature/uc2000-ve-sms-browser-audit,fix/restore-websocket-registrations,revert-37-arena/019ffd78-pro-v1"
RED_Ultimate_V1-main/RED_Ultimate/docs/diagnostics/live-snapshots-2026-08-23/DINSTAR_SIM_LIVE_INFO_2026-08-23.html,30,"arena/019fe8fa-pro-v1,arena/019fe9e3-pro-v1,arena/019ff019-pro-v1,arena/019ff06b-pro-v1,arena/019ff085-pro-v1,arena/019ff0c7-pro-v1,arena/019ff146-pro-v1,arena/019ff178-pro-v1,arena/019ff1f9-pro-v1,arena/019ff215-pro-v1,arena/019ff237-pro-v1,arena/019ff422-pro-v1,arena/019ff82d-pro-v1,arena/019ff859-pro-v1,arena/019ff8b4-pro-v1,arena/019ff8c7-pro-v1,arena/019ff8f2-pro-v1,arena/019ffce9-pro-v1,arena/019ffd78-pro-v1,arena/019ffe92-pro-v1,arena/019ffece-pro-v1,arena/019fffd5-pro-v1,arena/01a0064f-pro-v1,arena/01a00f9e-pro-v1,chore/platform-rebuild-baseline,feat/admin-social-management,feat/red-engineering-roadmap-20260820,feature/uc2000-ve-sms-browser-audit,fix/restore-websocket-registrations,revert-37-arena/019ffd78-pro-v1"
RED_Ultimate_V1-main/RED_Ultimate/docs/diagnostics/live-snapshots-2026-08-23/DINSTAR_SIM_RESTRICTIONS_2026-08-23.html,30,"arena/019fe8fa-pro-v1,arena/019fe9e3-pro-v1,arena/019ff019-pro-v1,arena/019ff06b-pro-v1,arena/019ff085-pro-v1,arena/019ff0c7-pro-v1,arena/019ff146-pro-v1,arena/019ff178-pro-v1,arena/019ff1f9-pro-v1,arena/019ff215-pro-v1,arena/019ff237-pro-v1,arena/019ff422-pro-v1,arena/019ff82d-pro-v1,arena/019ff859-pro-v1,arena/019ff8b4-pro-v1,arena/019ff8c7-pro-v1,arena/019ff8f2-pro-v1,arena/019ffce9-pro-v1,arena/019ffd78-pro-v1,arena/019ffe92-pro-v1,arena/019ffece-pro-v1,arena/019fffd5-pro-v1,arena/01a0064f-pro-v1,arena/01a00f9e-pro-v1,chore/platform-rebuild-baseline,feat/admin-social-management,feat/red-engineering-roadmap-20260820,feature/uc2000-ve-sms-browser-audit,fix/restore-websocket-registrations,revert-37-arena/019ffd78-pro-v1"
RED_Ultimate_V1-main/RED_Ultimate/docs/diagnostics/live-snapshots-2026-08-23/DINSTAR_SIP_CONFIG_2026-08-23.html,30,"arena/019fe8fa-pro-v1,arena/019fe9e3-pro-v1,arena/019ff019-pro-v1,arena/019ff06b-pro-v1,arena/019ff085-pro-v1,arena/019ff0c7-pro-v1,arena/019ff146-pro-v1,arena/019ff178-pro-v1,arena/019ff1f9-pro-v1,arena/019ff215-pro-v1,arena/019ff237-pro-v1,arena/019ff422-pro-v1,arena/019ff82d-pro-v1,arena/019ff859-pro-v1,arena/019ff8b4-pro-v1,arena/019ff8c7-pro-v1,arena/019ff8f2-pro-v1,arena/019ffce9-pro-v1,arena/019ffd78-pro-v1,arena/019ffe92-pro-v1,arena/019ffece-pro-v1,arena/019fffd5-pro-v1,arena/01a0064f-pro-v1,arena/01a00f9e-pro-v1,chore/platform-rebuild-baseline,feat/admin-social-management,feat/red-engineering-roadmap-20260820,feature/uc2000-ve-sms-browser-audit,fix/restore-websocket-registrations,revert-37-arena/019ffd78-pro-v1"
RED_Ultimate_V1-main/RED_Ultimate/docs/diagnostics/live-snapshots-2026-08-23/DINSTAR_SMS_CONFIG_FORM_2026-08-23.html,30,"arena/019fe8fa-pro-v1,arena/019fe9e3-pro-v1,arena/019ff019-pro-v1,arena/019ff06b-pro-v1,arena/019ff085-pro-v1,arena/019ff0c7-pro-v1,arena/019ff146-pro-v1,arena/019ff178-pro-v1,arena/019ff1f9-pro-v1,arena/019ff215-pro-v1,arena/019ff237-pro-v1,arena/019ff422-pro-v1,arena/019ff82d-pro-v1,arena/019ff859-pro-v1,arena/019ff8b4-pro-v1,arena/019ff8c7-pro-v1,arena/019ff8f2-pro-v1,arena/019ffce9-pro-v1,arena/019ffd78-pro-v1,arena/019ffe92-pro-v1,arena/019ffece-pro-v1,arena/019fffd5-pro-v1,arena/01a0064f-pro-v1,arena/01a00f9e-pro-v1,chore/platform-rebuild-baseline,feat/admin-social-management,feat/red-engineering-roadmap-20260820,feature/uc2000-ve-sms-browser-audit,fix/restore-websocket-registrations,revert-37-arena/019ffd78-pro-v1"
RED_Ultimate_V1-main/RED_Ultimate/docs/diagnostics/live-snapshots-2026-08-23/DINSTAR_SMS_INBOX_2026-08-23.html,30,"arena/019fe8fa-pro-v1,arena/019fe9e3-pro-v1,arena/019ff019-pro-v1,arena/019ff06b-pro-v1,arena/019ff085-pro-v1,arena/019ff0c7-pro-v1,arena/019ff146-pro-v1,arena/019ff178-pro-v1,arena/019ff1f9-pro-v1,arena/019ff215-pro-v1,arena/019ff237-pro-v1,arena/019ff422-pro-v1,arena/019ff82d-pro-v1,arena/019ff859-pro-v1,arena/019ff8b4-pro-v1,arena/019ff8c7-pro-v1,arena/019ff8f2-pro-v1,arena/019ffce9-pro-v1,arena/019ffd78-pro-v1,arena/019ffe92-pro-v1,arena/019ffece-pro-v1,arena/019fffd5-pro-v1,arena/01a0064f-pro-v1,arena/01a00f9e-pro-v1,chore/platform-rebuild-baseline,feat/admin-social-management,feat/red-engineering-roadmap-20260820,feature/uc2000-ve-sms-browser-audit,fix/restore-websocket-registrations,revert-37-arena/019ffd78-pro-v1"
RED_Ultimate_V1-main/RED_Ultimate/docs/diagnostics/live-snapshots-2026-08-23/DINSTAR_SMS_RECEIVED_2026-08-23.html,30,"arena/019fe8fa-pro-v1,arena/019fe9e3-pro-v1,arena/019ff019-pro-v1,arena/019ff06b-pro-v1,arena/019ff085-pro-v1,arena/019ff0c7-pro-v1,arena/019ff146-pro-v1,arena/019ff178-pro-v1,arena/019ff1f9-pro-v1,arena/019ff215-pro-v1,arena/019ff237-pro-v1,arena/019ff422-pro-v1,arena/019ff82d-pro-v1,arena/019ff859-pro-v1,arena/019ff8b4-pro-v1,arena/019ff8c7-pro-v1,arena/019ff8f2-pro-v1,arena/019ffce9-pro-v1,arena/019ffd78-pro-v1,arena/019ffe92-pro-v1,arena/019ffece-pro-v1,arena/019fffd5-pro-v1,arena/01a0064f-pro-v1,arena/01a00f9e-pro-v1,chore/platform-rebuild-baseline,feat/admin-social-management,feat/red-engineering-roadmap-20260820,feature/uc2000-ve-sms-browser-audit,fix/restore-websocket-registrations,revert-37-arena/019ffd78-pro-v1"
RED_Ultimate_V1-main/RED_Ultimate/docs/diagnostics/live-snapshots-2026-08-23/DINSTAR_SMS_SENT_2026-08-23.html,30,"arena/019fe8fa-pro-v1,arena/019fe9e3-pro-v1,arena/019ff019-pro-v1,arena/019ff06b-pro-v1,arena/019ff085-pro-v1,arena/019ff0c7-pro-v1,arena/019ff146-pro-v1,arena/019ff178-pro-v1,arena/019ff1f9-pro-v1,arena/019ff215-pro-v1,arena/019ff237-pro-v1,arena/019ff422-pro-v1,arena/019ff82d-pro-v1,arena/019ff859-pro-v1,arena/019ff8b4-pro-v1,arena/019ff8c7-pro-v1,arena/019ff8f2-pro-v1,arena/019ffce9-pro-v1,arena/019ffd78-pro-v1,arena/019ffe92-pro-v1,arena/019ffece-pro-v1,arena/019fffd5-pro-v1,arena/01a0064f-pro-v1,arena/01a00f9e-pro-v1,chore/platform-rebuild-baseline,feat/admin-social-management,feat/red-engineering-roadmap-20260820,feature/uc2000-ve-sms-browser-audit,fix/restore-websocket-registrations,revert-37-arena/019ffd78-pro-v1"
RED_Ultimate_V1-main/RED_Ultimate/docs/diagnostics/live-snapshots-2026-08-23/DINSTAR_SYSTEM_LOG_2026-08-23.html,30,"arena/019fe8fa-pro-v1,arena/019fe9e3-pro-v1,arena/019ff019-pro-v1,arena/019ff06b-pro-v1,arena/019ff085-pro-v1,arena/019ff0c7-pro-v1,arena/019ff146-pro-v1,arena/019ff178-pro-v1,arena/019ff1f9-pro-v1,arena/019ff215-pro-v1,arena/019ff237-pro-v1,arena/019ff422-pro-v1,arena/019ff82d-pro-v1,arena/019ff859-pro-v1,arena/019ff8b4-pro-v1,arena/019ff8c7-pro-v1,arena/019ff8f2-pro-v1,arena/019ffce9-pro-v1,arena/019ffd78-pro-v1,arena/019ffe92-pro-v1,arena/019ffece-pro-v1,arena/019fffd5-pro-v1,arena/01a0064f-pro-v1,arena/01a00f9e-pro-v1,chore/platform-rebuild-baseline,feat/admin-social-management,feat/red-engineering-roadmap-20260820,feature/uc2000-ve-sms-browser-audit,fix/restore-websocket-registrations,revert-37-arena/019ffd78-pro-v1"
RED_Ultimate_V1-main/RED_Ultimate/docs/diagnostics/live-snapshots-2026-08-23/DINSTAR_ULTIMATE_DEVELOPMENT_PLAN.md,30,"arena/019fe8fa-pro-v1,arena/019fe9e3-pro-v1,arena/019ff019-pro-v1,arena/019ff06b-pro-v1,arena/019ff085-pro-v1,arena/019ff0c7-pro-v1,arena/019ff146-pro-v1,arena/019ff178-pro-v1,arena/019ff1f9-pro-v1,arena/019ff215-pro-v1,arena/019ff237-pro-v1,arena/019ff422-pro-v1,arena/019ff82d-pro-v1,arena/019ff859-pro-v1,arena/019ff8b4-pro-v1,arena/019ff8c7-pro-v1,arena/019ff8f2-pro-v1,arena/019ffce9-pro-v1,arena/019ffd78-pro-v1,arena/019ffe92-pro-v1,arena/019ffece-pro-v1,arena/019fffd5-pro-v1,arena/01a0064f-pro-v1,arena/01a00f9e-pro-v1,chore/platform-rebuild-baseline,feat/admin-social-management,feat/red-engineering-roadmap-20260820,feature/uc2000-ve-sms-browser-audit,fix/restore-websocket-registrations,revert-37-arena/019ffd78-pro-v1"
RED_Ultimate_V1-main/RED_Ultimate/docs/diagnostics/live-snapshots-2026-08-23/DINSTAR_WIRELESS_BASIC_CONFIG_FORM_2026-08-23.html,30,"arena/019fe8fa-pro-v1,arena/019fe9e3-pro-v1,arena/019ff019-pro-v1,arena/019ff06b-pro-v1,arena/019ff085-pro-v1,arena/019ff0c7-pro-v1,arena/019ff146-pro-v1,arena/019ff178-pro-v1,arena/019ff1f9-pro-v1,arena/019ff215-pro-v1,arena/019ff237-pro-v1,arena/019ff422-pro-v1,arena/019ff82d-pro-v1,arena/019ff859-pro-v1,arena/019ff8b4-pro-v1,arena/019ff8c7-pro-v1,arena/019ff8f2-pro-v1,arena/019ffce9-pro-v1,arena/019ffd78-pro-v1,arena/019ffe92-pro-v1,arena/019ffece-pro-v1,arena/019fffd5-pro-v1,arena/01a0064f-pro-v1,arena/01a00f9e-pro-v1,chore/platform-rebuild-baseline,feat/admin-social-management,feat/red-engineering-roadmap-20260820,feature/uc2000-ve-sms-browser-audit,fix/restore-websocket-registrations,revert-37-arena/019ffd78-pro-v1"
RED_Ultimate_V1-main/RED_Ultimate/docs/diagnostics/local-integration-check-2026-08-21.md,30,"arena/019fe8fa-pro-v1,arena/019fe9e3-pro-v1,arena/019ff019-pro-v1,arena/019ff06b-pro-v1,arena/019ff085-pro-v1,arena/019ff0c7-pro-v1,arena/019ff146-pro-v1,arena/019ff178-pro-v1,arena/019ff1f9-pro-v1,arena/019ff215-pro-v1,arena/019ff237-pro-v1,arena/019ff422-pro-v1,arena/019ff82d-pro-v1,arena/019ff859-pro-v1,arena/019ff8b4-pro-v1,arena/019ff8c7-pro-v1,arena/019ff8f2-pro-v1,arena/019ffce9-pro-v1,arena/019ffd78-pro-v1,arena/019ffe92-pro-v1,arena/019ffece-pro-v1,arena/019fffd5-pro-v1,arena/01a0064f-pro-v1,arena/01a00f9e-pro-v1,chore/platform-rebuild-baseline,feat/admin-social-management,feat/red-engineering-roadmap-20260820,feature/uc2000-ve-sms-browser-audit,fix/restore-websocket-registrations,revert-37-arena/019ffd78-pro-v1"
RED_Ultimate_V1-main/RED_Ultimate/docs/diagnostics/red-dashboard-diff-classification-2026-08-21.md,30,"arena/019fe8fa-pro-v1,arena/019fe9e3-pro-v1,arena/019ff019-pro-v1,arena/019ff06b-pro-v1,arena/019ff085-pro-v1,arena/019ff0c7-pro-v1,arena/019ff146-pro-v1,arena/019ff178-pro-v1,arena/019ff1f9-pro-v1,arena/019ff215-pro-v1,arena/019ff237-pro-v1,arena/019ff422-pro-v1,arena/019ff82d-pro-v1,arena/019ff859-pro-v1,arena/019ff8b4-pro-v1,arena/019ff8c7-pro-v1,arena/019ff8f2-pro-v1,arena/019ffce9-pro-v1,arena/019ffd78-pro-v1,arena/019ffe92-pro-v1,arena/019ffece-pro-v1,arena/019fffd5-pro-v1,arena/01a0064f-pro-v1,arena/01a00f9e-pro-v1,chore/platform-rebuild-baseline,feat/admin-social-management,feat/red-engineering-roadmap-20260820,feature/uc2000-ve-sms-browser-audit,fix/restore-websocket-registrations,revert-37-arena/019ffd78-pro-v1"
RED_Ultimate_V1-main/RED_Ultimate/docs/diagnostics/red-dashboard-local-diff.patch,30,"arena/019fe8fa-pro-v1,arena/019fe9e3-pro-v1,arena/019ff019-pro-v1,arena/019ff06b-pro-v1,arena/019ff085-pro-v1,arena/019ff0c7-pro-v1,arena/019ff146-pro-v1,arena/019ff178-pro-v1,arena/019ff1f9-pro-v1,arena/019ff215-pro-v1,arena/019ff237-pro-v1,arena/019ff422-pro-v1,arena/019ff82d-pro-v1,arena/019ff859-pro-v1,arena/019ff8b4-pro-v1,arena/019ff8c7-pro-v1,arena/019ff8f2-pro-v1,arena/019ffce9-pro-v1,arena/019ffd78-pro-v1,arena/019ffe92-pro-v1,arena/019ffece-pro-v1,arena/019fffd5-pro-v1,arena/01a0064f-pro-v1,arena/01a00f9e-pro-v1,chore/platform-rebuild-baseline,feat/admin-social-management,feat/red-engineering-roadmap-20260820,feature/uc2000-ve-sms-browser-audit,fix/restore-websocket-registrations,revert-37-arena/019ffd78-pro-v1"
RED_Ultimate_V1-main/RED_Ultimate/docs/diagnostics/signal-cache-inventory.txt,30,"arena/019fe8fa-pro-v1,arena/019fe9e3-pro-v1,arena/019ff019-pro-v1,arena/019ff06b-pro-v1,arena/019ff085-pro-v1,arena/019ff0c7-pro-v1,arena/019ff146-pro-v1,arena/019ff178-pro-v1,arena/019ff1f9-pro-v1,arena/019ff215-pro-v1,arena/019ff237-pro-v1,arena/019ff422-pro-v1,arena/019ff82d-pro-v1,arena/019ff859-pro-v1,arena/019ff8b4-pro-v1,arena/019ff8c7-pro-v1,arena/019ff8f2-pro-v1,arena/019ffce9-pro-v1,arena/019ffd78-pro-v1,arena/019ffe92-pro-v1,arena/019ffece-pro-v1,arena/019fffd5-pro-v1,arena/01a0064f-pro-v1,arena/01a00f9e-pro-v1,chore/platform-rebuild-baseline,feat/admin-social-management,feat/red-engineering-roadmap-20260820,feature/uc2000-ve-sms-browser-audit,fix/restore-websocket-registrations,revert-37-arena/019ffd78-pro-v1"
RED_Ultimate_V1-main/RED_Ultimate/docs/diagnostics/telephony-scope-inventory-2026-08-21.txt,30,"arena/019fe8fa-pro-v1,arena/019fe9e3-pro-v1,arena/019ff019-pro-v1,arena/019ff06b-pro-v1,arena/019ff085-pro-v1,arena/019ff0c7-pro-v1,arena/019ff146-pro-v1,arena/019ff178-pro-v1,arena/019ff1f9-pro-v1,arena/019ff215-pro-v1,arena/019ff237-pro-v1,arena/019ff422-pro-v1,arena/019ff82d-pro-v1,arena/019ff859-pro-v1,arena/019ff8b4-pro-v1,arena/019ff8c7-pro-v1,arena/019ff8f2-pro-v1,arena/019ffce9-pro-v1,arena/019ffd78-pro-v1,arena/019ffe92-pro-v1,arena/019ffece-pro-v1,arena/019fffd5-pro-v1,arena/01a0064f-pro-v1,arena/01a00f9e-pro-v1,chore/platform-rebuild-baseline,feat/admin-social-management,feat/red-engineering-roadmap-20260820,feature/uc2000-ve-sms-browser-audit,fix/restore-websocket-registrations,revert-37-arena/019ffd78-pro-v1"
RED_Ultimate_V1-main/RED_Ultimate/docs/diagnostics/working-tree-inventory.txt,30,"arena/019fe8fa-pro-v1,arena/019fe9e3-pro-v1,arena/019ff019-pro-v1,arena/019ff06b-pro-v1,arena/019ff085-pro-v1,arena/019ff0c7-pro-v1,arena/019ff146-pro-v1,arena/019ff178-pro-v1,arena/019ff1f9-pro-v1,arena/019ff215-pro-v1,arena/019ff237-pro-v1,arena/019ff422-pro-v1,arena/019ff82d-pro-v1,arena/019ff859-pro-v1,arena/019ff8b4-pro-v1,arena/019ff8c7-pro-v1,arena/019ff8f2-pro-v1,arena/019ffce9-pro-v1,arena/019ffd78-pro-v1,arena/019ffe92-pro-v1,arena/019ffece-pro-v1,arena/019fffd5-pro-v1,arena/01a0064f-pro-v1,arena/01a00f9e-pro-v1,chore/platform-rebuild-baseline,feat/admin-social-management,feat/red-engineering-roadmap-20260820,feature/uc2000-ve-sms-browser-audit,fix/restore-websocket-registrations,revert-37-arena/019ffd78-pro-v1"
RED_Ultimate_V1-main/RED_Ultimate/docs/final_not_received_analysis_20260820.txt,30,"arena/019fe8fa-pro-v1,arena/019fe9e3-pro-v1,arena/019ff019-pro-v1,arena/019ff06b-pro-v1,arena/019ff085-pro-v1,arena/019ff0c7-pro-v1,arena/019ff146-pro-v1,arena/019ff178-pro-v1,arena/019ff1f9-pro-v1,arena/019ff215-pro-v1,arena/019ff237-pro-v1,arena/019ff422-pro-v1,arena/019ff82d-pro-v1,arena/019ff859-pro-v1,arena/019ff8b4-pro-v1,arena/019ff8c7-pro-v1,arena/019ff8f2-pro-v1,arena/019ffce9-pro-v1,arena/019ffd78-pro-v1,arena/019ffe92-pro-v1,arena/019ffece-pro-v1,arena/019fffd5-pro-v1,arena/01a0064f-pro-v1,arena/01a00f9e-pro-v1,chore/platform-rebuild-baseline,feat/admin-social-management,feat/red-engineering-roadmap-20260820,feature/uc2000-ve-sms-browser-audit,fix/restore-websocket-registrations,revert-37-arena/019ffd78-pro-v1"
RED_Ultimate_V1-main/RED_Ultimate/docs/final_not_received_backend_20260820.txt,30,"arena/019fe8fa-pro-v1,arena/019fe9e3-pro-v1,arena/019ff019-pro-v1,arena/019ff06b-pro-v1,arena/019ff085-pro-v1,arena/019ff0c7-pro-v1,arena/019ff146-pro-v1,arena/019ff178-pro-v1,arena/019ff1f9-pro-v1,arena/019ff215-pro-v1,arena/019ff237-pro-v1,arena/019ff422-pro-v1,arena/019ff82d-pro-v1,arena/019ff859-pro-v1,arena/019ff8b4-pro-v1,arena/019ff8c7-pro-v1,arena/019ff8f2-pro-v1,arena/019ffce9-pro-v1,arena/019ffd78-pro-v1,arena/019ffe92-pro-v1,arena/019ffece-pro-v1,arena/019fffd5-pro-v1,arena/01a0064f-pro-v1,arena/01a00f9e-pro-v1,chore/platform-rebuild-baseline,feat/admin-social-management,feat/red-engineering-roadmap-20260820,feature/uc2000-ve-sms-browser-audit,fix/restore-websocket-registrations,revert-37-arena/019ffd78-pro-v1"
RED_Ultimate_V1-main/RED_Ultimate/docs/final_not_received_samsung_20260820.txt,30,"arena/019fe8fa-pro-v1,arena/019fe9e3-pro-v1,arena/019ff019-pro-v1,arena/019ff06b-pro-v1,arena/019ff085-pro-v1,arena/019ff0c7-pro-v1,arena/019ff146-pro-v1,arena/019ff178-pro-v1,arena/019ff1f9-pro-v1,arena/019ff215-pro-v1,arena/019ff237-pro-v1,arena/019ff422-pro-v1,arena/019ff82d-pro-v1,arena/019ff859-pro-v1,arena/019ff8b4-pro-v1,arena/019ff8c7-pro-v1,arena/019ff8f2-pro-v1,arena/019ffce9-pro-v1,arena/019ffd78-pro-v1,arena/019ffe92-pro-v1,arena/019ffece-pro-v1,arena/019fffd5-pro-v1,arena/01a0064f-pro-v1,arena/01a00f9e-pro-v1,chore/platform-rebuild-baseline,feat/admin-social-management,feat/red-engineering-roadmap-20260820,feature/uc2000-ve-sms-browser-audit,fix/restore-websocket-registrations,revert-37-arena/019ffd78-pro-v1"
RED_Ultimate_V1-main/RED_Ultimate/docs/initial_project_audit_20260820.md,30,"arena/019fe8fa-pro-v1,arena/019fe9e3-pro-v1,arena/019ff019-pro-v1,arena/019ff06b-pro-v1,arena/019ff085-pro-v1,arena/019ff0c7-pro-v1,arena/019ff146-pro-v1,arena/019ff178-pro-v1,arena/019ff1f9-pro-v1,arena/019ff215-pro-v1,arena/019ff237-pro-v1,arena/019ff422-pro-v1,arena/019ff82d-pro-v1,arena/019ff859-pro-v1,arena/019ff8b4-pro-v1,arena/019ff8c7-pro-v1,arena/019ff8f2-pro-v1,arena/019ffce9-pro-v1,arena/019ffd78-pro-v1,arena/019ffe92-pro-v1,arena/019ffece-pro-v1,arena/019fffd5-pro-v1,arena/01a0064f-pro-v1,arena/01a00f9e-pro-v1,chore/platform-rebuild-baseline,feat/admin-social-management,feat/red-engineering-roadmap-20260820,feature/uc2000-ve-sms-browser-audit,fix/restore-websocket-registrations,revert-37-arena/019ffd78-pro-v1"
RED_Ultimate_V1-main/RED_Ultimate/docs/latest_call_after_confirmation_20260820.txt,30,"arena/019fe8fa-pro-v1,arena/019fe9e3-pro-v1,arena/019ff019-pro-v1,arena/019ff06b-pro-v1,arena/019ff085-pro-v1,arena/019ff0c7-pro-v1,arena/019ff146-pro-v1,arena/019ff178-pro-v1,arena/019ff1f9-pro-v1,arena/019ff215-pro-v1,arena/019ff237-pro-v1,arena/019ff422-pro-v1,arena/019ff82d-pro-v1,arena/019ff859-pro-v1,arena/019ff8b4-pro-v1,arena/019ff8c7-pro-v1,arena/019ff8f2-pro-v1,arena/019ffce9-pro-v1,arena/019ffd78-pro-v1,arena/019ffe92-pro-v1,arena/019ffece-pro-v1,arena/019fffd5-pro-v1,arena/01a0064f-pro-v1,arena/01a00f9e-pro-v1,chore/platform-rebuild-baseline,feat/admin-social-management,feat/red-engineering-roadmap-20260820,feature/uc2000-ve-sms-browser-audit,fix/restore-websocket-registrations,revert-37-arena/019ffd78-pro-v1"
RED_Ultimate_V1-main/RED_Ultimate/docs/modern_realtime_technology_references_20260820.md,30,"arena/019fe8fa-pro-v1,arena/019fe9e3-pro-v1,arena/019ff019-pro-v1,arena/019ff06b-pro-v1,arena/019ff085-pro-v1,arena/019ff0c7-pro-v1,arena/019ff146-pro-v1,arena/019ff178-pro-v1,arena/019ff1f9-pro-v1,arena/019ff215-pro-v1,arena/019ff237-pro-v1,arena/019ff422-pro-v1,arena/019ff82d-pro-v1,arena/019ff859-pro-v1,arena/019ff8b4-pro-v1,arena/019ff8c7-pro-v1,arena/019ff8f2-pro-v1,arena/019ffce9-pro-v1,arena/019ffd78-pro-v1,arena/019ffe92-pro-v1,arena/019ffece-pro-v1,arena/019fffd5-pro-v1,arena/01a0064f-pro-v1,arena/01a00f9e-pro-v1,chore/platform-rebuild-baseline,feat/admin-social-management,feat/red-engineering-roadmap-20260820,feature/uc2000-ve-sms-browser-audit,fix/restore-websocket-registrations,revert-37-arena/019ffd78-pro-v1"
RED_Ultimate_V1-main/RED_Ultimate/docs/motorola_samsung_backend_log_20260820.txt,30,"arena/019fe8fa-pro-v1,arena/019fe9e3-pro-v1,arena/019ff019-pro-v1,arena/019ff06b-pro-v1,arena/019ff085-pro-v1,arena/019ff0c7-pro-v1,arena/019ff146-pro-v1,arena/019ff178-pro-v1,arena/019ff1f9-pro-v1,arena/019ff215-pro-v1,arena/019ff237-pro-v1,arena/019ff422-pro-v1,arena/019ff82d-pro-v1,arena/019ff859-pro-v1,arena/019ff8b4-pro-v1,arena/019ff8c7-pro-v1,arena/019ff8f2-pro-v1,arena/019ffce9-pro-v1,arena/019ffd78-pro-v1,arena/019ffe92-pro-v1,arena/019ffece-pro-v1,arena/019fffd5-pro-v1,arena/01a0064f-pro-v1,arena/01a00f9e-pro-v1,chore/platform-rebuild-baseline,feat/admin-social-management,feat/red-engineering-roadmap-20260820,feature/uc2000-ve-sms-browser-audit,fix/restore-websocket-registrations,revert-37-arena/019ffd78-pro-v1"
RED_Ultimate_V1-main/RED_Ultimate/docs/motorola_samsung_delivery_result_20260820.txt,30,"arena/019fe8fa-pro-v1,arena/019fe9e3-pro-v1,arena/019ff019-pro-v1,arena/019ff06b-pro-v1,arena/019ff085-pro-v1,arena/019ff0c7-pro-v1,arena/019ff146-pro-v1,arena/019ff178-pro-v1,arena/019ff1f9-pro-v1,arena/019ff215-pro-v1,arena/019ff237-pro-v1,arena/019ff422-pro-v1,arena/019ff82d-pro-v1,arena/019ff859-pro-v1,arena/019ff8b4-pro-v1,arena/019ff8c7-pro-v1,arena/019ff8f2-pro-v1,arena/019ffce9-pro-v1,arena/019ffd78-pro-v1,arena/019ffe92-pro-v1,arena/019ffece-pro-v1,arena/019fffd5-pro-v1,arena/01a0064f-pro-v1,arena/01a00f9e-pro-v1,chore/platform-rebuild-baseline,feat/admin-social-management,feat/red-engineering-roadmap-20260820,feature/uc2000-ve-sms-browser-audit,fix/restore-websocket-registrations,revert-37-arena/019ffd78-pro-v1"
RED_Ultimate_V1-main/RED_Ultimate/docs/motorola_samsung_samsung_log_20260820.txt,30,"arena/019fe8fa-pro-v1,arena/019fe9e3-pro-v1,arena/019ff019-pro-v1,arena/019ff06b-pro-v1,arena/019ff085-pro-v1,arena/019ff0c7-pro-v1,arena/019ff146-pro-v1,arena/019ff178-pro-v1,arena/019ff1f9-pro-v1,arena/019ff215-pro-v1,arena/019ff237-pro-v1,arena/019ff422-pro-v1,arena/019ff82d-pro-v1,arena/019ff859-pro-v1,arena/019ff8b4-pro-v1,arena/019ff8c7-pro-v1,arena/019ff8f2-pro-v1,arena/019ffce9-pro-v1,arena/019ffd78-pro-v1,arena/019ffe92-pro-v1,arena/019ffece-pro-v1,arena/019fffd5-pro-v1,arena/01a0064f-pro-v1,arena/01a00f9e-pro-v1,chore/platform-rebuild-baseline,feat/admin-social-management,feat/red-engineering-roadmap-20260820,feature/uc2000-ve-sms-browser-audit,fix/restore-websocket-registrations,revert-37-arena/019ffd78-pro-v1"
RED_Ultimate_V1-main/RED_Ultimate/docs/motorola_younes_crash_context_20260820.txt,30,"arena/019fe8fa-pro-v1,arena/019fe9e3-pro-v1,arena/019ff019-pro-v1,arena/019ff06b-pro-v1,arena/019ff085-pro-v1,arena/019ff0c7-pro-v1,arena/019ff146-pro-v1,arena/019ff178-pro-v1,arena/019ff1f9-pro-v1,arena/019ff215-pro-v1,arena/019ff237-pro-v1,arena/019ff422-pro-v1,arena/019ff82d-pro-v1,arena/019ff859-pro-v1,arena/019ff8b4-pro-v1,arena/019ff8c7-pro-v1,arena/019ff8f2-pro-v1,arena/019ffce9-pro-v1,arena/019ffd78-pro-v1,arena/019ffe92-pro-v1,arena/019ffece-pro-v1,arena/019fffd5-pro-v1,arena/01a0064f-pro-v1,arena/01a00f9e-pro-v1,chore/platform-rebuild-baseline,feat/admin-social-management,feat/red-engineering-roadmap-20260820,feature/uc2000-ve-sms-browser-audit,fix/restore-websocket-registrations,revert-37-arena/019ffd78-pro-v1"
RED_Ultimate_V1-main/RED_Ultimate/docs/operations/STAGING_BACKUP_ROLLBACK_RUNBOOK_AR.md,30,"arena/019fe8fa-pro-v1,arena/019fe9e3-pro-v1,arena/019ff019-pro-v1,arena/019ff06b-pro-v1,arena/019ff085-pro-v1,arena/019ff0c7-pro-v1,arena/019ff146-pro-v1,arena/019ff178-pro-v1,arena/019ff1f9-pro-v1,arena/019ff215-pro-v1,arena/019ff237-pro-v1,arena/019ff422-pro-v1,arena/019ff82d-pro-v1,arena/019ff859-pro-v1,arena/019ff8b4-pro-v1,arena/019ff8c7-pro-v1,arena/019ff8f2-pro-v1,arena/019ffce9-pro-v1,arena/019ffd78-pro-v1,arena/019ffe92-pro-v1,arena/019ffece-pro-v1,arena/019fffd5-pro-v1,arena/01a0064f-pro-v1,arena/01a00f9e-pro-v1,chore/platform-rebuild-baseline,feat/admin-social-management,feat/red-engineering-roadmap-20260820,feature/uc2000-ve-sms-browser-audit,fix/restore-websocket-registrations,revert-37-arena/019ffd78-pro-v1"
RED_Ultimate_V1-main/RED_Ultimate/docs/positional_call_signal_audit_20260820.txt,30,"arena/019fe8fa-pro-v1,arena/019fe9e3-pro-v1,arena/019ff019-pro-v1,arena/019ff06b-pro-v1,arena/019ff085-pro-v1,arena/019ff0c7-pro-v1,arena/019ff146-pro-v1,arena/019ff178-pro-v1,arena/019ff1f9-pro-v1,arena/019ff215-pro-v1,arena/019ff237-pro-v1,arena/019ff422-pro-v1,arena/019ff82d-pro-v1,arena/019ff859-pro-v1,arena/019ff8b4-pro-v1,arena/019ff8c7-pro-v1,arena/019ff8f2-pro-v1,arena/019ffce9-pro-v1,arena/019ffd78-pro-v1,arena/019ffe92-pro-v1,arena/019ffece-pro-v1,arena/019fffd5-pro-v1,arena/01a0064f-pro-v1,arena/01a00f9e-pro-v1,chore/platform-rebuild-baseline,feat/admin-social-management,feat/red-engineering-roadmap-20260820,feature/uc2000-ve-sms-browser-audit,fix/restore-websocket-registrations,revert-37-arena/019ffd78-pro-v1"
RED_Ultimate_V1-main/RED_Ultimate/docs/postfix_backend_log_20260820.txt,30,"arena/019fe8fa-pro-v1,arena/019fe9e3-pro-v1,arena/019ff019-pro-v1,arena/019ff06b-pro-v1,arena/019ff085-pro-v1,arena/019ff0c7-pro-v1,arena/019ff146-pro-v1,arena/019ff178-pro-v1,arena/019ff1f9-pro-v1,arena/019ff215-pro-v1,arena/019ff237-pro-v1,arena/019ff422-pro-v1,arena/019ff82d-pro-v1,arena/019ff859-pro-v1,arena/019ff8b4-pro-v1,arena/019ff8c7-pro-v1,arena/019ff8f2-pro-v1,arena/019ffce9-pro-v1,arena/019ffd78-pro-v1,arena/019ffe92-pro-v1,arena/019ffece-pro-v1,arena/019fffd5-pro-v1,arena/01a0064f-pro-v1,arena/01a00f9e-pro-v1,chore/platform-rebuild-baseline,feat/admin-social-management,feat/red-engineering-roadmap-20260820,feature/uc2000-ve-sms-browser-audit,fix/restore-websocket-registrations,revert-37-arena/019ffd78-pro-v1"
RED_Ultimate_V1-main/RED_Ultimate/docs/postfix_measurement_report_20260820.txt,30,"arena/019fe8fa-pro-v1,arena/019fe9e3-pro-v1,arena/019ff019-pro-v1,arena/019ff06b-pro-v1,arena/019ff085-pro-v1,arena/019ff0c7-pro-v1,arena/019ff146-pro-v1,arena/019ff178-pro-v1,arena/019ff1f9-pro-v1,arena/019ff215-pro-v1,arena/019ff237-pro-v1,arena/019ff422-pro-v1,arena/019ff82d-pro-v1,arena/019ff859-pro-v1,arena/019ff8b4-pro-v1,arena/019ff8c7-pro-v1,arena/019ff8f2-pro-v1,arena/019ffce9-pro-v1,arena/019ffd78-pro-v1,arena/019ffe92-pro-v1,arena/019ffece-pro-v1,arena/019fffd5-pro-v1,arena/01a0064f-pro-v1,arena/01a00f9e-pro-v1,chore/platform-rebuild-baseline,feat/admin-social-management,feat/red-engineering-roadmap-20260820,feature/uc2000-ve-sms-browser-audit,fix/restore-websocket-registrations,revert-37-arena/019ffd78-pro-v1"
RED_Ultimate_V1-main/RED_Ultimate/docs/postfix_samsung_log_20260820.txt,30,"arena/019fe8fa-pro-v1,arena/019fe9e3-pro-v1,arena/019ff019-pro-v1,arena/019ff06b-pro-v1,arena/019ff085-pro-v1,arena/019ff0c7-pro-v1,arena/019ff146-pro-v1,arena/019ff178-pro-v1,arena/019ff1f9-pro-v1,arena/019ff215-pro-v1,arena/019ff237-pro-v1,arena/019ff422-pro-v1,arena/019ff82d-pro-v1,arena/019ff859-pro-v1,arena/019ff8b4-pro-v1,arena/019ff8c7-pro-v1,arena/019ff8f2-pro-v1,arena/019ffce9-pro-v1,arena/019ffd78-pro-v1,arena/019ffe92-pro-v1,arena/019ffece-pro-v1,arena/019fffd5-pro-v1,arena/01a0064f-pro-v1,arena/01a00f9e-pro-v1,chore/platform-rebuild-baseline,feat/admin-social-management,feat/red-engineering-roadmap-20260820,feature/uc2000-ve-sms-browser-audit,fix/restore-websocket-registrations,revert-37-arena/019ffd78-pro-v1"
RED_Ultimate_V1-main/RED_Ultimate/docs/recovered/AUTH_APPROVAL_API.md,30,"arena/019fe8fa-pro-v1,arena/019fe9e3-pro-v1,arena/019ff019-pro-v1,arena/019ff06b-pro-v1,arena/019ff085-pro-v1,arena/019ff0c7-pro-v1,arena/019ff146-pro-v1,arena/019ff178-pro-v1,arena/019ff1f9-pro-v1,arena/019ff215-pro-v1,arena/019ff237-pro-v1,arena/019ff422-pro-v1,arena/019ff82d-pro-v1,arena/019ff859-pro-v1,arena/019ff8b4-pro-v1,arena/019ff8c7-pro-v1,arena/019ff8f2-pro-v1,arena/019ffce9-pro-v1,arena/019ffd78-pro-v1,arena/019ffe92-pro-v1,arena/019ffece-pro-v1,arena/019fffd5-pro-v1,arena/01a0064f-pro-v1,arena/01a00f9e-pro-v1,chore/platform-rebuild-baseline,feat/admin-social-management,feat/red-engineering-roadmap-20260820,feature/uc2000-ve-sms-browser-audit,fix/restore-websocket-registrations,revert-37-arena/019ffd78-pro-v1"
RED_Ultimate_V1-main/RED_Ultimate/fix_bytes.ps1,30,"arena/019fe8fa-pro-v1,arena/019fe9e3-pro-v1,arena/019ff019-pro-v1,arena/019ff06b-pro-v1,arena/019ff085-pro-v1,arena/019ff0c7-pro-v1,arena/019ff146-pro-v1,arena/019ff178-pro-v1,arena/019ff1f9-pro-v1,arena/019ff215-pro-v1,arena/019ff237-pro-v1,arena/019ff422-pro-v1,arena/019ff82d-pro-v1,arena/019ff859-pro-v1,arena/019ff8b4-pro-v1,arena/019ff8c7-pro-v1,arena/019ff8f2-pro-v1,arena/019ffce9-pro-v1,arena/019ffd78-pro-v1,arena/019ffe92-pro-v1,arena/019ffece-pro-v1,arena/019fffd5-pro-v1,arena/01a0064f-pro-v1,arena/01a00f9e-pro-v1,chore/platform-rebuild-baseline,feat/admin-social-management,feat/red-engineering-roadmap-20260820,feature/uc2000-ve-sms-browser-audit,fix/restore-websocket-registrations,revert-37-arena/019ffd78-pro-v1"
RED_Ultimate_V1-main/RED_Ultimate/fix_parens.ps1,30,"arena/019fe8fa-pro-v1,arena/019fe9e3-pro-v1,arena/019ff019-pro-v1,arena/019ff06b-pro-v1,arena/019ff085-pro-v1,arena/019ff0c7-pro-v1,arena/019ff146-pro-v1,arena/019ff178-pro-v1,arena/019ff1f9-pro-v1,arena/019ff215-pro-v1,arena/019ff237-pro-v1,arena/019ff422-pro-v1,arena/019ff82d-pro-v1,arena/019ff859-pro-v1,arena/019ff8b4-pro-v1,arena/019ff8c7-pro-v1,arena/019ff8f2-pro-v1,arena/019ffce9-pro-v1,arena/019ffd78-pro-v1,arena/019ffe92-pro-v1,arena/019ffece-pro-v1,arena/019fffd5-pro-v1,arena/01a0064f-pro-v1,arena/01a00f9e-pro-v1,chore/platform-rebuild-baseline,feat/admin-social-management,feat/red-engineering-roadmap-20260820,feature/uc2000-ve-sms-browser-audit,fix/restore-websocket-registrations,revert-37-arena/019ffd78-pro-v1"
RED_Ultimate_V1-main/RED_Ultimate/gradle/verification-metadata.xml.disabled,30,"arena/019fe8fa-pro-v1,arena/019fe9e3-pro-v1,arena/019ff019-pro-v1,arena/019ff06b-pro-v1,arena/019ff085-pro-v1,arena/019ff0c7-pro-v1,arena/019ff146-pro-v1,arena/019ff178-pro-v1,arena/019ff1f9-pro-v1,arena/019ff215-pro-v1,arena/019ff237-pro-v1,arena/019ff422-pro-v1,arena/019ff82d-pro-v1,arena/019ff859-pro-v1,arena/019ff8b4-pro-v1,arena/019ff8c7-pro-v1,arena/019ff8f2-pro-v1,arena/019ffce9-pro-v1,arena/019ffd78-pro-v1,arena/019ffe92-pro-v1,arena/019ffece-pro-v1,arena/019fffd5-pro-v1,arena/01a0064f-pro-v1,arena/01a00f9e-pro-v1,chore/platform-rebuild-baseline,feat/admin-social-management,feat/red-engineering-roadmap-20260820,feature/uc2000-ve-sms-browser-audit,fix/restore-websocket-registrations,revert-37-arena/019ffd78-pro-v1"
RED_Ultimate_V1-main/RED_Ultimate/infrastructure/init-certs.sh,30,"arena/019fe8fa-pro-v1,arena/019fe9e3-pro-v1,arena/019ff019-pro-v1,arena/019ff06b-pro-v1,arena/019ff085-pro-v1,arena/019ff0c7-pro-v1,arena/019ff146-pro-v1,arena/019ff178-pro-v1,arena/019ff1f9-pro-v1,arena/019ff215-pro-v1,arena/019ff237-pro-v1,arena/019ff422-pro-v1,arena/019ff82d-pro-v1,arena/019ff859-pro-v1,arena/019ff8b4-pro-v1,arena/019ff8c7-pro-v1,arena/019ff8f2-pro-v1,arena/019ffce9-pro-v1,arena/019ffd78-pro-v1,arena/019ffe92-pro-v1,arena/019ffece-pro-v1,arena/019fffd5-pro-v1,arena/01a0064f-pro-v1,arena/01a00f9e-pro-v1,chore/platform-rebuild-baseline,feat/admin-social-management,feat/red-engineering-roadmap-20260820,feature/uc2000-ve-sms-browser-audit,fix/restore-websocket-registrations,revert-37-arena/019ffd78-pro-v1"
RED_Ultimate_V1-main/RED_Ultimate/integration_patches/red-app-call-changes.patch,30,"arena/019fe8fa-pro-v1,arena/019fe9e3-pro-v1,arena/019ff019-pro-v1,arena/019ff06b-pro-v1,arena/019ff085-pro-v1,arena/019ff0c7-pro-v1,arena/019ff146-pro-v1,arena/019ff178-pro-v1,arena/019ff1f9-pro-v1,arena/019ff215-pro-v1,arena/019ff237-pro-v1,arena/019ff422-pro-v1,arena/019ff82d-pro-v1,arena/019ff859-pro-v1,arena/019ff8b4-pro-v1,arena/019ff8c7-pro-v1,arena/019ff8f2-pro-v1,arena/019ffce9-pro-v1,arena/019ffd78-pro-v1,arena/019ffe92-pro-v1,arena/019ffece-pro-v1,arena/019fffd5-pro-v1,arena/01a0064f-pro-v1,arena/01a00f9e-pro-v1,chore/platform-rebuild-baseline,feat/admin-social-management,feat/red-engineering-roadmap-20260820,feature/uc2000-ve-sms-browser-audit,fix/restore-websocket-registrations,revert-37-arena/019ffd78-pro-v1"
RED_Ultimate_V1-main/RED_Ultimate/logcat.txt,30,"arena/019fe8fa-pro-v1,arena/019fe9e3-pro-v1,arena/019ff019-pro-v1,arena/019ff06b-pro-v1,arena/019ff085-pro-v1,arena/019ff0c7-pro-v1,arena/019ff146-pro-v1,arena/019ff178-pro-v1,arena/019ff1f9-pro-v1,arena/019ff215-pro-v1,arena/019ff237-pro-v1,arena/019ff422-pro-v1,arena/019ff82d-pro-v1,arena/019ff859-pro-v1,arena/019ff8b4-pro-v1,arena/019ff8c7-pro-v1,arena/019ff8f2-pro-v1,arena/019ffce9-pro-v1,arena/019ffd78-pro-v1,arena/019ffe92-pro-v1,arena/019ffece-pro-v1,arena/019fffd5-pro-v1,arena/01a0064f-pro-v1,arena/01a00f9e-pro-v1,chore/platform-rebuild-baseline,feat/admin-social-management,feat/red-engineering-roadmap-20260820,feature/uc2000-ve-sms-browser-audit,fix/restore-websocket-registrations,revert-37-arena/019ffd78-pro-v1"
RED_Ultimate_V1-main/RED_Ultimate/pstn-asterisk/dongle.conf,30,"arena/019fe8fa-pro-v1,arena/019fe9e3-pro-v1,arena/019ff019-pro-v1,arena/019ff06b-pro-v1,arena/019ff085-pro-v1,arena/019ff0c7-pro-v1,arena/019ff146-pro-v1,arena/019ff178-pro-v1,arena/019ff1f9-pro-v1,arena/019ff215-pro-v1,arena/019ff237-pro-v1,arena/019ff422-pro-v1,arena/019ff82d-pro-v1,arena/019ff859-pro-v1,arena/019ff8b4-pro-v1,arena/019ff8c7-pro-v1,arena/019ff8f2-pro-v1,arena/019ffce9-pro-v1,arena/019ffd78-pro-v1,arena/019ffe92-pro-v1,arena/019ffece-pro-v1,arena/019fffd5-pro-v1,arena/01a0064f-pro-v1,arena/01a00f9e-pro-v1,chore/platform-rebuild-baseline,feat/admin-social-management,feat/red-engineering-roadmap-20260820,feature/uc2000-ve-sms-browser-audit,fix/restore-websocket-registrations,revert-37-arena/019ffd78-pro-v1"
RED_Ultimate_V1-main/RED_Ultimate/pstn-asterisk/http.conf,30,"arena/019fe8fa-pro-v1,arena/019fe9e3-pro-v1,arena/019ff019-pro-v1,arena/019ff06b-pro-v1,arena/019ff085-pro-v1,arena/019ff0c7-pro-v1,arena/019ff146-pro-v1,arena/019ff178-pro-v1,arena/019ff1f9-pro-v1,arena/019ff215-pro-v1,arena/019ff237-pro-v1,arena/019ff422-pro-v1,arena/019ff82d-pro-v1,arena/019ff859-pro-v1,arena/019ff8b4-pro-v1,arena/019ff8c7-pro-v1,arena/019ff8f2-pro-v1,arena/019ffce9-pro-v1,arena/019ffd78-pro-v1,arena/019ffe92-pro-v1,arena/019ffece-pro-v1,arena/019fffd5-pro-v1,arena/01a0064f-pro-v1,arena/01a00f9e-pro-v1,chore/platform-rebuild-baseline,feat/admin-social-management,feat/red-engineering-roadmap-20260820,feature/uc2000-ve-sms-browser-audit,fix/restore-websocket-registrations,revert-37-arena/019ffd78-pro-v1"
RED_Ultimate_V1-main/RED_Ultimate/pstn-asterisk/indications.conf,30,"arena/019fe8fa-pro-v1,arena/019fe9e3-pro-v1,arena/019ff019-pro-v1,arena/019ff06b-pro-v1,arena/019ff085-pro-v1,arena/019ff0c7-pro-v1,arena/019ff146-pro-v1,arena/019ff178-pro-v1,arena/019ff1f9-pro-v1,arena/019ff215-pro-v1,arena/019ff237-pro-v1,arena/019ff422-pro-v1,arena/019ff82d-pro-v1,arena/019ff859-pro-v1,arena/019ff8b4-pro-v1,arena/019ff8c7-pro-v1,arena/019ff8f2-pro-v1,arena/019ffce9-pro-v1,arena/019ffd78-pro-v1,arena/019ffe92-pro-v1,arena/019ffece-pro-v1,arena/019fffd5-pro-v1,arena/01a0064f-pro-v1,arena/01a00f9e-pro-v1,chore/platform-rebuild-baseline,feat/admin-social-management,feat/red-engineering-roadmap-20260820,feature/uc2000-ve-sms-browser-audit,fix/restore-websocket-registrations,revert-37-arena/019ffd78-pro-v1"
RED_Ultimate_V1-main/RED_Ultimate/pstn-asterisk/modules.conf,30,"arena/019fe8fa-pro-v1,arena/019fe9e3-pro-v1,arena/019ff019-pro-v1,arena/019ff06b-pro-v1,arena/019ff085-pro-v1,arena/019ff0c7-pro-v1,arena/019ff146-pro-v1,arena/019ff178-pro-v1,arena/019ff1f9-pro-v1,arena/019ff215-pro-v1,arena/019ff237-pro-v1,arena/019ff422-pro-v1,arena/019ff82d-pro-v1,arena/019ff859-pro-v1,arena/019ff8b4-pro-v1,arena/019ff8c7-pro-v1,arena/019ff8f2-pro-v1,arena/019ffce9-pro-v1,arena/019ffd78-pro-v1,arena/019ffe92-pro-v1,arena/019ffece-pro-v1,arena/019fffd5-pro-v1,arena/01a0064f-pro-v1,arena/01a00f9e-pro-v1,chore/platform-rebuild-baseline,feat/admin-social-management,feat/red-engineering-roadmap-20260820,feature/uc2000-ve-sms-browser-audit,fix/restore-websocket-registrations,revert-37-arena/019ffd78-pro-v1"
RED_Ultimate_V1-main/RED_Ultimate/pstn-asterisk/pjsip.conf,30,"arena/019fe8fa-pro-v1,arena/019fe9e3-pro-v1,arena/019ff019-pro-v1,arena/019ff06b-pro-v1,arena/019ff085-pro-v1,arena/019ff0c7-pro-v1,arena/019ff146-pro-v1,arena/019ff178-pro-v1,arena/019ff1f9-pro-v1,arena/019ff215-pro-v1,arena/019ff237-pro-v1,arena/019ff422-pro-v1,arena/019ff82d-pro-v1,arena/019ff859-pro-v1,arena/019ff8b4-pro-v1,arena/019ff8c7-pro-v1,arena/019ff8f2-pro-v1,arena/019ffce9-pro-v1,arena/019ffd78-pro-v1,arena/019ffe92-pro-v1,arena/019ffece-pro-v1,arena/019fffd5-pro-v1,arena/01a0064f-pro-v1,arena/01a00f9e-pro-v1,chore/platform-rebuild-baseline,feat/admin-social-management,feat/red-engineering-roadmap-20260820,feature/uc2000-ve-sms-browser-audit,fix/restore-websocket-registrations,revert-37-arena/019ffd78-pro-v1"
RED_Ultimate_V1-main/RED_Ultimate/pstn-asterisk/pstn-incoming.sh,30,"arena/019fe8fa-pro-v1,arena/019fe9e3-pro-v1,arena/019ff019-pro-v1,arena/019ff06b-pro-v1,arena/019ff085-pro-v1,arena/019ff0c7-pro-v1,arena/019ff146-pro-v1,arena/019ff178-pro-v1,arena/019ff1f9-pro-v1,arena/019ff215-pro-v1,arena/019ff237-pro-v1,arena/019ff422-pro-v1,arena/019ff82d-pro-v1,arena/019ff859-pro-v1,arena/019ff8b4-pro-v1,arena/019ff8c7-pro-v1,arena/019ff8f2-pro-v1,arena/019ffce9-pro-v1,arena/019ffd78-pro-v1,arena/019ffe92-pro-v1,arena/019ffece-pro-v1,arena/019fffd5-pro-v1,arena/01a0064f-pro-v1,arena/01a00f9e-pro-v1,chore/platform-rebuild-baseline,feat/admin-social-management,feat/red-engineering-roadmap-20260820,feature/uc2000-ve-sms-browser-audit,fix/restore-websocket-registrations,revert-37-arena/019ffd78-pro-v1"
RED_Ultimate_V1-main/RED_Ultimate/pstn-asterisk/rtp.conf,30,"arena/019fe8fa-pro-v1,arena/019fe9e3-pro-v1,arena/019ff019-pro-v1,arena/019ff06b-pro-v1,arena/019ff085-pro-v1,arena/019ff0c7-pro-v1,arena/019ff146-pro-v1,arena/019ff178-pro-v1,arena/019ff1f9-pro-v1,arena/019ff215-pro-v1,arena/019ff237-pro-v1,arena/019ff422-pro-v1,arena/019ff82d-pro-v1,arena/019ff859-pro-v1,arena/019ff8b4-pro-v1,arena/019ff8c7-pro-v1,arena/019ff8f2-pro-v1,arena/019ffce9-pro-v1,arena/019ffd78-pro-v1,arena/019ffe92-pro-v1,arena/019ffece-pro-v1,arena/019fffd5-pro-v1,arena/01a0064f-pro-v1,arena/01a00f9e-pro-v1,chore/platform-rebuild-baseline,feat/admin-social-management,feat/red-engineering-roadmap-20260820,feature/uc2000-ve-sms-browser-audit,fix/restore-websocket-registrations,revert-37-arena/019ffd78-pro-v1"
RED_Ultimate_V1-main/RED_Ultimate/recovered.txt,30,"arena/019fe8fa-pro-v1,arena/019fe9e3-pro-v1,arena/019ff019-pro-v1,arena/019ff06b-pro-v1,arena/019ff085-pro-v1,arena/019ff0c7-pro-v1,arena/019ff146-pro-v1,arena/019ff178-pro-v1,arena/019ff1f9-pro-v1,arena/019ff215-pro-v1,arena/019ff237-pro-v1,arena/019ff422-pro-v1,arena/019ff82d-pro-v1,arena/019ff859-pro-v1,arena/019ff8b4-pro-v1,arena/019ff8c7-pro-v1,arena/019ff8f2-pro-v1,arena/019ffce9-pro-v1,arena/019ffd78-pro-v1,arena/019ffe92-pro-v1,arena/019ffece-pro-v1,arena/019fffd5-pro-v1,arena/01a0064f-pro-v1,arena/01a00f9e-pro-v1,chore/platform-rebuild-baseline,feat/admin-social-management,feat/red-engineering-roadmap-20260820,feature/uc2000-ve-sms-browser-audit,fix/restore-websocket-registrations,revert-37-arena/019ffd78-pro-v1"
RED_Ultimate_V1-main/RED_Ultimate/red-app/keystore.properties,30,"arena/019fe8fa-pro-v1,arena/019fe9e3-pro-v1,arena/019ff019-pro-v1,arena/019ff06b-pro-v1,arena/019ff085-pro-v1,arena/019ff0c7-pro-v1,arena/019ff146-pro-v1,arena/019ff178-pro-v1,arena/019ff1f9-pro-v1,arena/019ff215-pro-v1,arena/019ff237-pro-v1,arena/019ff422-pro-v1,arena/019ff82d-pro-v1,arena/019ff859-pro-v1,arena/019ff8b4-pro-v1,arena/019ff8c7-pro-v1,arena/019ff8f2-pro-v1,arena/019ffce9-pro-v1,arena/019ffd78-pro-v1,arena/019ffe92-pro-v1,arena/019ffece-pro-v1,arena/019fffd5-pro-v1,arena/01a0064f-pro-v1,arena/01a00f9e-pro-v1,chore/platform-rebuild-baseline,feat/admin-social-management,feat/red-engineering-roadmap-20260820,feature/uc2000-ve-sms-browser-audit,fix/restore-websocket-registrations,revert-37-arena/019ffd78-pro-v1"
RED_Ultimate_V1-main/RED_Ultimate/red-app/src/androidTest/java/com/red/sovereign/calls/GroupCallServiceTest.kt,30,"arena/019fe8fa-pro-v1,arena/019fe9e3-pro-v1,arena/019ff019-pro-v1,arena/019ff06b-pro-v1,arena/019ff085-pro-v1,arena/019ff0c7-pro-v1,arena/019ff146-pro-v1,arena/019ff178-pro-v1,arena/019ff1f9-pro-v1,arena/019ff215-pro-v1,arena/019ff237-pro-v1,arena/019ff422-pro-v1,arena/019ff82d-pro-v1,arena/019ff859-pro-v1,arena/019ff8b4-pro-v1,arena/019ff8c7-pro-v1,arena/019ff8f2-pro-v1,arena/019ffce9-pro-v1,arena/019ffd78-pro-v1,arena/019ffe92-pro-v1,arena/019ffece-pro-v1,arena/019fffd5-pro-v1,arena/01a0064f-pro-v1,arena/01a00f9e-pro-v1,chore/platform-rebuild-baseline,feat/admin-social-management,feat/red-engineering-roadmap-20260820,feature/uc2000-ve-sms-browser-audit,fix/restore-websocket-registrations,revert-37-arena/019ffd78-pro-v1"
RED_Ultimate_V1-main/RED_Ultimate/red-app/src/androidTest/java/com/red/sovereign/calls/IncomingCallActivityTest.kt,30,"arena/019fe8fa-pro-v1,arena/019fe9e3-pro-v1,arena/019ff019-pro-v1,arena/019ff06b-pro-v1,arena/019ff085-pro-v1,arena/019ff0c7-pro-v1,arena/019ff146-pro-v1,arena/019ff178-pro-v1,arena/019ff1f9-pro-v1,arena/019ff215-pro-v1,arena/019ff237-pro-v1,arena/019ff422-pro-v1,arena/019ff82d-pro-v1,arena/019ff859-pro-v1,arena/019ff8b4-pro-v1,arena/019ff8c7-pro-v1,arena/019ff8f2-pro-v1,arena/019ffce9-pro-v1,arena/019ffd78-pro-v1,arena/019ffe92-pro-v1,arena/019ffece-pro-v1,arena/019fffd5-pro-v1,arena/01a0064f-pro-v1,arena/01a00f9e-pro-v1,chore/platform-rebuild-baseline,feat/admin-social-management,feat/red-engineering-roadmap-20260820,feature/uc2000-ve-sms-browser-audit,fix/restore-websocket-registrations,revert-37-arena/019ffd78-pro-v1"
RED_Ultimate_V1-main/RED_Ultimate/red-app/src/androidTest/java/com/red/sovereign/core/RedConnectionServiceTest.kt,30,"arena/019fe8fa-pro-v1,arena/019fe9e3-pro-v1,arena/019ff019-pro-v1,arena/019ff06b-pro-v1,arena/019ff085-pro-v1,arena/019ff0c7-pro-v1,arena/019ff146-pro-v1,arena/019ff178-pro-v1,arena/019ff1f9-pro-v1,arena/019ff215-pro-v1,arena/019ff237-pro-v1,arena/019ff422-pro-v1,arena/019ff82d-pro-v1,arena/019ff859-pro-v1,arena/019ff8b4-pro-v1,arena/019ff8c7-pro-v1,arena/019ff8f2-pro-v1,arena/019ffce9-pro-v1,arena/019ffd78-pro-v1,arena/019ffe92-pro-v1,arena/019ffece-pro-v1,arena/019fffd5-pro-v1,arena/01a0064f-pro-v1,arena/01a00f9e-pro-v1,chore/platform-rebuild-baseline,feat/admin-social-management,feat/red-engineering-roadmap-20260820,feature/uc2000-ve-sms-browser-audit,fix/restore-websocket-registrations,revert-37-arena/019ffd78-pro-v1"
RED_Ultimate_V1-main/RED_Ultimate/red-app/src/main/assets/fonts/LICENSE_OFL.txt,30,"arena/019fe8fa-pro-v1,arena/019fe9e3-pro-v1,arena/019ff019-pro-v1,arena/019ff06b-pro-v1,arena/019ff085-pro-v1,arena/019ff0c7-pro-v1,arena/019ff146-pro-v1,arena/019ff178-pro-v1,arena/019ff1f9-pro-v1,arena/019ff215-pro-v1,arena/019ff237-pro-v1,arena/019ff422-pro-v1,arena/019ff82d-pro-v1,arena/019ff859-pro-v1,arena/019ff8b4-pro-v1,arena/019ff8c7-pro-v1,arena/019ff8f2-pro-v1,arena/019ffce9-pro-v1,arena/019ffd78-pro-v1,arena/019ffe92-pro-v1,arena/019ffece-pro-v1,arena/019fffd5-pro-v1,arena/01a0064f-pro-v1,arena/01a00f9e-pro-v1,chore/platform-rebuild-baseline,feat/admin-social-management,feat/red-engineering-roadmap-20260820,feature/uc2000-ve-sms-browser-audit,fix/restore-websocket-registrations,revert-37-arena/019ffd78-pro-v1"
RED_Ultimate_V1-main/RED_Ultimate/red-app/src/main/java/com/red/sovereign/_archive/CallRecordingsScreen.kt,30,"arena/019fe8fa-pro-v1,arena/019fe9e3-pro-v1,arena/019ff019-pro-v1,arena/019ff06b-pro-v1,arena/019ff085-pro-v1,arena/019ff0c7-pro-v1,arena/019ff146-pro-v1,arena/019ff178-pro-v1,arena/019ff1f9-pro-v1,arena/019ff215-pro-v1,arena/019ff237-pro-v1,arena/019ff422-pro-v1,arena/019ff82d-pro-v1,arena/019ff859-pro-v1,arena/019ff8b4-pro-v1,arena/019ff8c7-pro-v1,arena/019ff8f2-pro-v1,arena/019ffce9-pro-v1,arena/019ffd78-pro-v1,arena/019ffe92-pro-v1,arena/019ffece-pro-v1,arena/019fffd5-pro-v1,arena/01a0064f-pro-v1,arena/01a00f9e-pro-v1,chore/platform-rebuild-baseline,feat/admin-social-management,feat/red-engineering-roadmap-20260820,feature/uc2000-ve-sms-browser-audit,fix/restore-websocket-registrations,revert-37-arena/019ffd78-pro-v1"
RED_Ultimate_V1-main/RED_Ultimate/red-app/src/main/java/com/red/sovereign/_archive/CallStatsScreen.kt,30,"arena/019fe8fa-pro-v1,arena/019fe9e3-pro-v1,arena/019ff019-pro-v1,arena/019ff06b-pro-v1,arena/019ff085-pro-v1,arena/019ff0c7-pro-v1,arena/019ff146-pro-v1,arena/019ff178-pro-v1,arena/019ff1f9-pro-v1,arena/019ff215-pro-v1,arena/019ff237-pro-v1,arena/019ff422-pro-v1,arena/019ff82d-pro-v1,arena/019ff859-pro-v1,arena/019ff8b4-pro-v1,arena/019ff8c7-pro-v1,arena/019ff8f2-pro-v1,arena/019ffce9-pro-v1,arena/019ffd78-pro-v1,arena/019ffe92-pro-v1,arena/019ffece-pro-v1,arena/019fffd5-pro-v1,arena/01a0064f-pro-v1,arena/01a00f9e-pro-v1,chore/platform-rebuild-baseline,feat/admin-social-management,feat/red-engineering-roadmap-20260820,feature/uc2000-ve-sms-browser-audit,fix/restore-websocket-registrations,revert-37-arena/019ffd78-pro-v1"
RED_Ultimate_V1-main/RED_Ultimate/red-app/src/main/java/com/red/sovereign/_archive/ConferenceScreen.kt,30,"arena/019fe8fa-pro-v1,arena/019fe9e3-pro-v1,arena/019ff019-pro-v1,arena/019ff06b-pro-v1,arena/019ff085-pro-v1,arena/019ff0c7-pro-v1,arena/019ff146-pro-v1,arena/019ff178-pro-v1,arena/019ff1f9-pro-v1,arena/019ff215-pro-v1,arena/019ff237-pro-v1,arena/019ff422-pro-v1,arena/019ff82d-pro-v1,arena/019ff859-pro-v1,arena/019ff8b4-pro-v1,arena/019ff8c7-pro-v1,arena/019ff8f2-pro-v1,arena/019ffce9-pro-v1,arena/019ffd78-pro-v1,arena/019ffe92-pro-v1,arena/019ffece-pro-v1,arena/019fffd5-pro-v1,arena/01a0064f-pro-v1,arena/01a00f9e-pro-v1,chore/platform-rebuild-baseline,feat/admin-social-management,feat/red-engineering-roadmap-20260820,feature/uc2000-ve-sms-browser-audit,fix/restore-websocket-registrations,revert-37-arena/019ffd78-pro-v1"
RED_Ultimate_V1-main/RED_Ultimate/red-app/src/main/java/com/red/sovereign/_archive/LiveStreamScreen.kt,30,"arena/019fe8fa-pro-v1,arena/019fe9e3-pro-v1,arena/019ff019-pro-v1,arena/019ff06b-pro-v1,arena/019ff085-pro-v1,arena/019ff0c7-pro-v1,arena/019ff146-pro-v1,arena/019ff178-pro-v1,arena/019ff1f9-pro-v1,arena/019ff215-pro-v1,arena/019ff237-pro-v1,arena/019ff422-pro-v1,arena/019ff82d-pro-v1,arena/019ff859-pro-v1,arena/019ff8b4-pro-v1,arena/019ff8c7-pro-v1,arena/019ff8f2-pro-v1,arena/019ffce9-pro-v1,arena/019ffd78-pro-v1,arena/019ffe92-pro-v1,arena/019ffece-pro-v1,arena/019fffd5-pro-v1,arena/01a0064f-pro-v1,arena/01a00f9e-pro-v1,chore/platform-rebuild-baseline,feat/admin-social-management,feat/red-engineering-roadmap-20260820,feature/uc2000-ve-sms-browser-audit,fix/restore-websocket-registrations,revert-37-arena/019ffd78-pro-v1"
RED_Ultimate_V1-main/RED_Ultimate/red-app/src/main/java/com/red/sovereign/_archive/ScheduledCallsScreen.kt,30,"arena/019fe8fa-pro-v1,arena/019fe9e3-pro-v1,arena/019ff019-pro-v1,arena/019ff06b-pro-v1,arena/019ff085-pro-v1,arena/019ff0c7-pro-v1,arena/019ff146-pro-v1,arena/019ff178-pro-v1,arena/019ff1f9-pro-v1,arena/019ff215-pro-v1,arena/019ff237-pro-v1,arena/019ff422-pro-v1,arena/019ff82d-pro-v1,arena/019ff859-pro-v1,arena/019ff8b4-pro-v1,arena/019ff8c7-pro-v1,arena/019ff8f2-pro-v1,arena/019ffce9-pro-v1,arena/019ffd78-pro-v1,arena/019ffe92-pro-v1,arena/019ffece-pro-v1,arena/019fffd5-pro-v1,arena/01a0064f-pro-v1,arena/01a00f9e-pro-v1,chore/platform-rebuild-baseline,feat/admin-social-management,feat/red-engineering-roadmap-20260820,feature/uc2000-ve-sms-browser-audit,fix/restore-websocket-registrations,revert-37-arena/019ffd78-pro-v1"
RED_Ultimate_V1-main/RED_Ultimate/red-app/src/main/java/com/red/sovereign/auth/CallForwardApi.kt,30,"arena/019fe8fa-pro-v1,arena/019fe9e3-pro-v1,arena/019ff019-pro-v1,arena/019ff06b-pro-v1,arena/019ff085-pro-v1,arena/019ff0c7-pro-v1,arena/019ff146-pro-v1,arena/019ff178-pro-v1,arena/019ff1f9-pro-v1,arena/019ff215-pro-v1,arena/019ff237-pro-v1,arena/019ff422-pro-v1,arena/019ff82d-pro-v1,arena/019ff859-pro-v1,arena/019ff8b4-pro-v1,arena/019ff8c7-pro-v1,arena/019ff8f2-pro-v1,arena/019ffce9-pro-v1,arena/019ffd78-pro-v1,arena/019ffe92-pro-v1,arena/019ffece-pro-v1,arena/019fffd5-pro-v1,arena/01a0064f-pro-v1,arena/01a00f9e-pro-v1,chore/platform-rebuild-baseline,feat/admin-social-management,feat/red-engineering-roadmap-20260820,feature/uc2000-ve-sms-browser-audit,fix/restore-websocket-registrations,revert-37-arena/019ffd78-pro-v1"
RED_Ultimate_V1-main/RED_Ultimate/red-app/src/main/java/com/red/sovereign/auth/DinstarPortApi.kt,30,"arena/019fe8fa-pro-v1,arena/019fe9e3-pro-v1,arena/019ff019-pro-v1,arena/019ff06b-pro-v1,arena/019ff085-pro-v1,arena/019ff0c7-pro-v1,arena/019ff146-pro-v1,arena/019ff178-pro-v1,arena/019ff1f9-pro-v1,arena/019ff215-pro-v1,arena/019ff237-pro-v1,arena/019ff422-pro-v1,arena/019ff82d-pro-v1,arena/019ff859-pro-v1,arena/019ff8b4-pro-v1,arena/019ff8c7-pro-v1,arena/019ff8f2-pro-v1,arena/019ffce9-pro-v1,arena/019ffd78-pro-v1,arena/019ffe92-pro-v1,arena/019ffece-pro-v1,arena/019fffd5-pro-v1,arena/01a0064f-pro-v1,arena/01a00f9e-pro-v1,chore/platform-rebuild-baseline,feat/admin-social-management,feat/red-engineering-roadmap-20260820,feature/uc2000-ve-sms-browser-audit,fix/restore-websocket-registrations,revert-37-arena/019ffd78-pro-v1"
RED_Ultimate_V1-main/RED_Ultimate/red-app/src/main/java/com/red/sovereign/calls/AdaptiveCallQuality.kt,30,"arena/019fe8fa-pro-v1,arena/019fe9e3-pro-v1,arena/019ff019-pro-v1,arena/019ff06b-pro-v1,arena/019ff085-pro-v1,arena/019ff0c7-pro-v1,arena/019ff146-pro-v1,arena/019ff178-pro-v1,arena/019ff1f9-pro-v1,arena/019ff215-pro-v1,arena/019ff237-pro-v1,arena/019ff422-pro-v1,arena/019ff82d-pro-v1,arena/019ff859-pro-v1,arena/019ff8b4-pro-v1,arena/019ff8c7-pro-v1,arena/019ff8f2-pro-v1,arena/019ffce9-pro-v1,arena/019ffd78-pro-v1,arena/019ffe92-pro-v1,arena/019ffece-pro-v1,arena/019fffd5-pro-v1,arena/01a0064f-pro-v1,arena/01a00f9e-pro-v1,chore/platform-rebuild-baseline,feat/admin-social-management,feat/red-engineering-roadmap-20260820,feature/uc2000-ve-sms-browser-audit,fix/restore-websocket-registrations,revert-37-arena/019ffd78-pro-v1"
RED_Ultimate_V1-main/RED_Ultimate/red-app/src/main/java/com/red/sovereign/calls/CallActions.kt,30,"arena/019fe8fa-pro-v1,arena/019fe9e3-pro-v1,arena/019ff019-pro-v1,arena/019ff06b-pro-v1,arena/019ff085-pro-v1,arena/019ff0c7-pro-v1,arena/019ff146-pro-v1,arena/019ff178-pro-v1,arena/019ff1f9-pro-v1,arena/019ff215-pro-v1,arena/019ff237-pro-v1,arena/019ff422-pro-v1,arena/019ff82d-pro-v1,arena/019ff859-pro-v1,arena/019ff8b4-pro-v1,arena/019ff8c7-pro-v1,arena/019ff8f2-pro-v1,arena/019ffce9-pro-v1,arena/019ffd78-pro-v1,arena/019ffe92-pro-v1,arena/019ffece-pro-v1,arena/019fffd5-pro-v1,arena/01a0064f-pro-v1,arena/01a00f9e-pro-v1,chore/platform-rebuild-baseline,feat/admin-social-management,feat/red-engineering-roadmap-20260820,feature/uc2000-ve-sms-browser-audit,fix/restore-websocket-registrations,revert-37-arena/019ffd78-pro-v1"
RED_Ultimate_V1-main/RED_Ultimate/red-app/src/main/java/com/red/sovereign/calls/CallCleanupGuard.kt,30,"arena/019fe8fa-pro-v1,arena/019fe9e3-pro-v1,arena/019ff019-pro-v1,arena/019ff06b-pro-v1,arena/019ff085-pro-v1,arena/019ff0c7-pro-v1,arena/019ff146-pro-v1,arena/019ff178-pro-v1,arena/019ff1f9-pro-v1,arena/019ff215-pro-v1,arena/019ff237-pro-v1,arena/019ff422-pro-v1,arena/019ff82d-pro-v1,arena/019ff859-pro-v1,arena/019ff8b4-pro-v1,arena/019ff8c7-pro-v1,arena/019ff8f2-pro-v1,arena/019ffce9-pro-v1,arena/019ffd78-pro-v1,arena/019ffe92-pro-v1,arena/019ffece-pro-v1,arena/019fffd5-pro-v1,arena/01a0064f-pro-v1,arena/01a00f9e-pro-v1,chore/platform-rebuild-baseline,feat/admin-social-management,feat/red-engineering-roadmap-20260820,feature/uc2000-ve-sms-browser-audit,fix/restore-websocket-registrations,revert-37-arena/019ffd78-pro-v1"
RED_Ultimate_V1-main/RED_Ultimate/red-app/src/main/java/com/red/sovereign/calls/CallDeliveryEngine.kt,30,"arena/019fe8fa-pro-v1,arena/019fe9e3-pro-v1,arena/019ff019-pro-v1,arena/019ff06b-pro-v1,arena/019ff085-pro-v1,arena/019ff0c7-pro-v1,arena/019ff146-pro-v1,arena/019ff178-pro-v1,arena/019ff1f9-pro-v1,arena/019ff215-pro-v1,arena/019ff237-pro-v1,arena/019ff422-pro-v1,arena/019ff82d-pro-v1,arena/019ff859-pro-v1,arena/019ff8b4-pro-v1,arena/019ff8c7-pro-v1,arena/019ff8f2-pro-v1,arena/019ffce9-pro-v1,arena/019ffd78-pro-v1,arena/019ffe92-pro-v1,arena/019ffece-pro-v1,arena/019fffd5-pro-v1,arena/01a0064f-pro-v1,arena/01a00f9e-pro-v1,chore/platform-rebuild-baseline,feat/admin-social-management,feat/red-engineering-roadmap-20260820,feature/uc2000-ve-sms-browser-audit,fix/restore-websocket-registrations,revert-37-arena/019ffd78-pro-v1"
RED_Ultimate_V1-main/RED_Ultimate/red-app/src/main/java/com/red/sovereign/calls/CallEndUiReturnPolicy.kt,30,"arena/019fe8fa-pro-v1,arena/019fe9e3-pro-v1,arena/019ff019-pro-v1,arena/019ff06b-pro-v1,arena/019ff085-pro-v1,arena/019ff0c7-pro-v1,arena/019ff146-pro-v1,arena/019ff178-pro-v1,arena/019ff1f9-pro-v1,arena/019ff215-pro-v1,arena/019ff237-pro-v1,arena/019ff422-pro-v1,arena/019ff82d-pro-v1,arena/019ff859-pro-v1,arena/019ff8b4-pro-v1,arena/019ff8c7-pro-v1,arena/019ff8f2-pro-v1,arena/019ffce9-pro-v1,arena/019ffd78-pro-v1,arena/019ffe92-pro-v1,arena/019ffece-pro-v1,arena/019fffd5-pro-v1,arena/01a0064f-pro-v1,arena/01a00f9e-pro-v1,chore/platform-rebuild-baseline,feat/admin-social-management,feat/red-engineering-roadmap-20260820,feature/uc2000-ve-sms-browser-audit,fix/restore-websocket-registrations,revert-37-arena/019ffd78-pro-v1"
RED_Ultimate_V1-main/RED_Ultimate/red-app/src/main/java/com/red/sovereign/calls/CallPresenceMonitor.kt,30,"arena/019fe8fa-pro-v1,arena/019fe9e3-pro-v1,arena/019ff019-pro-v1,arena/019ff06b-pro-v1,arena/019ff085-pro-v1,arena/019ff0c7-pro-v1,arena/019ff146-pro-v1,arena/019ff178-pro-v1,arena/019ff1f9-pro-v1,arena/019ff215-pro-v1,arena/019ff237-pro-v1,arena/019ff422-pro-v1,arena/019ff82d-pro-v1,arena/019ff859-pro-v1,arena/019ff8b4-pro-v1,arena/019ff8c7-pro-v1,arena/019ff8f2-pro-v1,arena/019ffce9-pro-v1,arena/019ffd78-pro-v1,arena/019ffe92-pro-v1,arena/019ffece-pro-v1,arena/019fffd5-pro-v1,arena/01a0064f-pro-v1,arena/01a00f9e-pro-v1,chore/platform-rebuild-baseline,feat/admin-social-management,feat/red-engineering-roadmap-20260820,feature/uc2000-ve-sms-browser-audit,fix/restore-websocket-registrations,revert-37-arena/019ffd78-pro-v1"
RED_Ultimate_V1-main/RED_Ultimate/red-app/src/main/java/com/red/sovereign/calls/CallRuntime.kt,30,"arena/019fe8fa-pro-v1,arena/019fe9e3-pro-v1,arena/019ff019-pro-v1,arena/019ff06b-pro-v1,arena/019ff085-pro-v1,arena/019ff0c7-pro-v1,arena/019ff146-pro-v1,arena/019ff178-pro-v1,arena/019ff1f9-pro-v1,arena/019ff215-pro-v1,arena/019ff237-pro-v1,arena/019ff422-pro-v1,arena/019ff82d-pro-v1,arena/019ff859-pro-v1,arena/019ff8b4-pro-v1,arena/019ff8c7-pro-v1,arena/019ff8f2-pro-v1,arena/019ffce9-pro-v1,arena/019ffd78-pro-v1,arena/019ffe92-pro-v1,arena/019ffece-pro-v1,arena/019fffd5-pro-v1,arena/01a0064f-pro-v1,arena/01a00f9e-pro-v1,chore/platform-rebuild-baseline,feat/admin-social-management,feat/red-engineering-roadmap-20260820,feature/uc2000-ve-sms-browser-audit,fix/restore-websocket-registrations,revert-37-arena/019ffd78-pro-v1"
RED_Ultimate_V1-main/RED_Ultimate/red-app/src/main/java/com/red/sovereign/calls/CallSignal.kt,30,"arena/019fe8fa-pro-v1,arena/019fe9e3-pro-v1,arena/019ff019-pro-v1,arena/019ff06b-pro-v1,arena/019ff085-pro-v1,arena/019ff0c7-pro-v1,arena/019ff146-pro-v1,arena/019ff178-pro-v1,arena/019ff1f9-pro-v1,arena/019ff215-pro-v1,arena/019ff237-pro-v1,arena/019ff422-pro-v1,arena/019ff82d-pro-v1,arena/019ff859-pro-v1,arena/019ff8b4-pro-v1,arena/019ff8c7-pro-v1,arena/019ff8f2-pro-v1,arena/019ffce9-pro-v1,arena/019ffd78-pro-v1,arena/019ffe92-pro-v1,arena/019ffece-pro-v1,arena/019fffd5-pro-v1,arena/01a0064f-pro-v1,arena/01a00f9e-pro-v1,chore/platform-rebuild-baseline,feat/admin-social-management,feat/red-engineering-roadmap-20260820,feature/uc2000-ve-sms-browser-audit,fix/restore-websocket-registrations,revert-37-arena/019ffd78-pro-v1"
RED_Ultimate_V1-main/RED_Ultimate/red-app/src/main/java/com/red/sovereign/calls/CallSystemSurfacePolicy.kt,30,"arena/019fe8fa-pro-v1,arena/019fe9e3-pro-v1,arena/019ff019-pro-v1,arena/019ff06b-pro-v1,arena/019ff085-pro-v1,arena/019ff0c7-pro-v1,arena/019ff146-pro-v1,arena/019ff178-pro-v1,arena/019ff1f9-pro-v1,arena/019ff215-pro-v1,arena/019ff237-pro-v1,arena/019ff422-pro-v1,arena/019ff82d-pro-v1,arena/019ff859-pro-v1,arena/019ff8b4-pro-v1,arena/019ff8c7-pro-v1,arena/019ff8f2-pro-v1,arena/019ffce9-pro-v1,arena/019ffd78-pro-v1,arena/019ffe92-pro-v1,arena/019ffece-pro-v1,arena/019fffd5-pro-v1,arena/01a0064f-pro-v1,arena/01a00f9e-pro-v1,chore/platform-rebuild-baseline,feat/admin-social-management,feat/red-engineering-roadmap-20260820,feature/uc2000-ve-sms-browser-audit,fix/restore-websocket-registrations,revert-37-arena/019ffd78-pro-v1"
RED_Ultimate_V1-main/RED_Ultimate/red-app/src/main/java/com/red/sovereign/calls/CallType.kt,30,"arena/019fe8fa-pro-v1,arena/019fe9e3-pro-v1,arena/019ff019-pro-v1,arena/019ff06b-pro-v1,arena/019ff085-pro-v1,arena/019ff0c7-pro-v1,arena/019ff146-pro-v1,arena/019ff178-pro-v1,arena/019ff1f9-pro-v1,arena/019ff215-pro-v1,arena/019ff237-pro-v1,arena/019ff422-pro-v1,arena/019ff82d-pro-v1,arena/019ff859-pro-v1,arena/019ff8b4-pro-v1,arena/019ff8c7-pro-v1,arena/019ff8f2-pro-v1,arena/019ffce9-pro-v1,arena/019ffd78-pro-v1,arena/019ffe92-pro-v1,arena/019ffece-pro-v1,arena/019fffd5-pro-v1,arena/01a0064f-pro-v1,arena/01a00f9e-pro-v1,chore/platform-rebuild-baseline,feat/admin-social-management,feat/red-engineering-roadmap-20260820,feature/uc2000-ve-sms-browser-audit,fix/restore-websocket-registrations,revert-37-arena/019ffd78-pro-v1"
RED_Ultimate_V1-main/RED_Ultimate/red-app/src/main/java/com/red/sovereign/calls/ChatCallBar.kt,30,"arena/019fe8fa-pro-v1,arena/019fe9e3-pro-v1,arena/019ff019-pro-v1,arena/019ff06b-pro-v1,arena/019ff085-pro-v1,arena/019ff0c7-pro-v1,arena/019ff146-pro-v1,arena/019ff178-pro-v1,arena/019ff1f9-pro-v1,arena/019ff215-pro-v1,arena/019ff237-pro-v1,arena/019ff422-pro-v1,arena/019ff82d-pro-v1,arena/019ff859-pro-v1,arena/019ff8b4-pro-v1,arena/019ff8c7-pro-v1,arena/019ff8f2-pro-v1,arena/019ffce9-pro-v1,arena/019ffd78-pro-v1,arena/019ffe92-pro-v1,arena/019ffece-pro-v1,arena/019fffd5-pro-v1,arena/01a0064f-pro-v1,arena/01a00f9e-pro-v1,chore/platform-rebuild-baseline,feat/admin-social-management,feat/red-engineering-roadmap-20260820,feature/uc2000-ve-sms-browser-audit,fix/restore-websocket-registrations,revert-37-arena/019ffd78-pro-v1"
RED_Ultimate_V1-main/RED_Ultimate/red-app/src/main/java/com/red/sovereign/calls/CreateConferenceScreen.kt,30,"arena/019fe8fa-pro-v1,arena/019fe9e3-pro-v1,arena/019ff019-pro-v1,arena/019ff06b-pro-v1,arena/019ff085-pro-v1,arena/019ff0c7-pro-v1,arena/019ff146-pro-v1,arena/019ff178-pro-v1,arena/019ff1f9-pro-v1,arena/019ff215-pro-v1,arena/019ff237-pro-v1,arena/019ff422-pro-v1,arena/019ff82d-pro-v1,arena/019ff859-pro-v1,arena/019ff8b4-pro-v1,arena/019ff8c7-pro-v1,arena/019ff8f2-pro-v1,arena/019ffce9-pro-v1,arena/019ffd78-pro-v1,arena/019ffe92-pro-v1,arena/019ffece-pro-v1,arena/019fffd5-pro-v1,arena/01a0064f-pro-v1,arena/01a00f9e-pro-v1,chore/platform-rebuild-baseline,feat/admin-social-management,feat/red-engineering-roadmap-20260820,feature/uc2000-ve-sms-browser-audit,fix/restore-websocket-registrations,revert-37-arena/019ffd78-pro-v1"
RED_Ultimate_V1-main/RED_Ultimate/red-app/src/main/java/com/red/sovereign/calls/DialPadScreen.kt,30,"arena/019fe8fa-pro-v1,arena/019fe9e3-pro-v1,arena/019ff019-pro-v1,arena/019ff06b-pro-v1,arena/019ff085-pro-v1,arena/019ff0c7-pro-v1,arena/019ff146-pro-v1,arena/019ff178-pro-v1,arena/019ff1f9-pro-v1,arena/019ff215-pro-v1,arena/019ff237-pro-v1,arena/019ff422-pro-v1,arena/019ff82d-pro-v1,arena/019ff859-pro-v1,arena/019ff8b4-pro-v1,arena/019ff8c7-pro-v1,arena/019ff8f2-pro-v1,arena/019ffce9-pro-v1,arena/019ffd78-pro-v1,arena/019ffe92-pro-v1,arena/019ffece-pro-v1,arena/019fffd5-pro-v1,arena/01a0064f-pro-v1,arena/01a00f9e-pro-v1,chore/platform-rebuild-baseline,feat/admin-social-management,feat/red-engineering-roadmap-20260820,feature/uc2000-ve-sms-browser-audit,fix/restore-websocket-registrations,revert-37-arena/019ffd78-pro-v1"
RED_Ultimate_V1-main/RED_Ultimate/red-app/src/main/java/com/red/sovereign/calls/EmergencyCallManager.kt,30,"arena/019fe8fa-pro-v1,arena/019fe9e3-pro-v1,arena/019ff019-pro-v1,arena/019ff06b-pro-v1,arena/019ff085-pro-v1,arena/019ff0c7-pro-v1,arena/019ff146-pro-v1,arena/019ff178-pro-v1,arena/019ff1f9-pro-v1,arena/019ff215-pro-v1,arena/019ff237-pro-v1,arena/019ff422-pro-v1,arena/019ff82d-pro-v1,arena/019ff859-pro-v1,arena/019ff8b4-pro-v1,arena/019ff8c7-pro-v1,arena/019ff8f2-pro-v1,arena/019ffce9-pro-v1,arena/019ffd78-pro-v1,arena/019ffe92-pro-v1,arena/019ffece-pro-v1,arena/019fffd5-pro-v1,arena/01a0064f-pro-v1,arena/01a00f9e-pro-v1,chore/platform-rebuild-baseline,feat/admin-social-management,feat/red-engineering-roadmap-20260820,feature/uc2000-ve-sms-browser-audit,fix/restore-websocket-registrations,revert-37-arena/019ffd78-pro-v1"
RED_Ultimate_V1-main/RED_Ultimate/red-app/src/main/java/com/red/sovereign/calls/GroupCallOverlay.kt,30,"arena/019fe8fa-pro-v1,arena/019fe9e3-pro-v1,arena/019ff019-pro-v1,arena/019ff06b-pro-v1,arena/019ff085-pro-v1,arena/019ff0c7-pro-v1,arena/019ff146-pro-v1,arena/019ff178-pro-v1,arena/019ff1f9-pro-v1,arena/019ff215-pro-v1,arena/019ff237-pro-v1,arena/019ff422-pro-v1,arena/019ff82d-pro-v1,arena/019ff859-pro-v1,arena/019ff8b4-pro-v1,arena/019ff8c7-pro-v1,arena/019ff8f2-pro-v1,arena/019ffce9-pro-v1,arena/019ffd78-pro-v1,arena/019ffe92-pro-v1,arena/019ffece-pro-v1,arena/019fffd5-pro-v1,arena/01a0064f-pro-v1,arena/01a00f9e-pro-v1,chore/platform-rebuild-baseline,feat/admin-social-management,feat/red-engineering-roadmap-20260820,feature/uc2000-ve-sms-browser-audit,fix/restore-websocket-registrations,revert-37-arena/019ffd78-pro-v1"
RED_Ultimate_V1-main/RED_Ultimate/red-app/src/main/java/com/red/sovereign/calls/GroupCallService.kt,30,"arena/019fe8fa-pro-v1,arena/019fe9e3-pro-v1,arena/019ff019-pro-v1,arena/019ff06b-pro-v1,arena/019ff085-pro-v1,arena/019ff0c7-pro-v1,arena/019ff146-pro-v1,arena/019ff178-pro-v1,arena/019ff1f9-pro-v1,arena/019ff215-pro-v1,arena/019ff237-pro-v1,arena/019ff422-pro-v1,arena/019ff82d-pro-v1,arena/019ff859-pro-v1,arena/019ff8b4-pro-v1,arena/019ff8c7-pro-v1,arena/019ff8f2-pro-v1,arena/019ffce9-pro-v1,arena/019ffd78-pro-v1,arena/019ffe92-pro-v1,arena/019ffece-pro-v1,arena/019fffd5-pro-v1,arena/01a0064f-pro-v1,arena/01a00f9e-pro-v1,chore/platform-rebuild-baseline,feat/admin-social-management,feat/red-engineering-roadmap-20260820,feature/uc2000-ve-sms-browser-audit,fix/restore-websocket-registrations,revert-37-arena/019ffd78-pro-v1"
RED_Ultimate_V1-main/RED_Ultimate/red-app/src/main/java/com/red/sovereign/calls/GroupChatCallCoordinator.kt,30,"arena/019fe8fa-pro-v1,arena/019fe9e3-pro-v1,arena/019ff019-pro-v1,arena/019ff06b-pro-v1,arena/019ff085-pro-v1,arena/019ff0c7-pro-v1,arena/019ff146-pro-v1,arena/019ff178-pro-v1,arena/019ff1f9-pro-v1,arena/019ff215-pro-v1,arena/019ff237-pro-v1,arena/019ff422-pro-v1,arena/019ff82d-pro-v1,arena/019ff859-pro-v1,arena/019ff8b4-pro-v1,arena/019ff8c7-pro-v1,arena/019ff8f2-pro-v1,arena/019ffce9-pro-v1,arena/019ffd78-pro-v1,arena/019ffe92-pro-v1,arena/019ffece-pro-v1,arena/019fffd5-pro-v1,arena/01a0064f-pro-v1,arena/01a00f9e-pro-v1,chore/platform-rebuild-baseline,feat/admin-social-management,feat/red-engineering-roadmap-20260820,feature/uc2000-ve-sms-browser-audit,fix/restore-websocket-registrations,revert-37-arena/019ffd78-pro-v1"
RED_Ultimate_V1-main/RED_Ultimate/red-app/src/main/java/com/red/sovereign/calls/IncomingCallActivity.kt,30,"arena/019fe8fa-pro-v1,arena/019fe9e3-pro-v1,arena/019ff019-pro-v1,arena/019ff06b-pro-v1,arena/019ff085-pro-v1,arena/019ff0c7-pro-v1,arena/019ff146-pro-v1,arena/019ff178-pro-v1,arena/019ff1f9-pro-v1,arena/019ff215-pro-v1,arena/019ff237-pro-v1,arena/019ff422-pro-v1,arena/019ff82d-pro-v1,arena/019ff859-pro-v1,arena/019ff8b4-pro-v1,arena/019ff8c7-pro-v1,arena/019ff8f2-pro-v1,arena/019ffce9-pro-v1,arena/019ffd78-pro-v1,arena/019ffe92-pro-v1,arena/019ffece-pro-v1,arena/019fffd5-pro-v1,arena/01a0064f-pro-v1,arena/01a00f9e-pro-v1,chore/platform-rebuild-baseline,feat/admin-social-management,feat/red-engineering-roadmap-20260820,feature/uc2000-ve-sms-browser-audit,fix/restore-websocket-registrations,revert-37-arena/019ffd78-pro-v1"
RED_Ultimate_V1-main/RED_Ultimate/red-app/src/main/java/com/red/sovereign/calls/IncomingCallUiPolicy.kt,30,"arena/019fe8fa-pro-v1,arena/019fe9e3-pro-v1,arena/019ff019-pro-v1,arena/019ff06b-pro-v1,arena/019ff085-pro-v1,arena/019ff0c7-pro-v1,arena/019ff146-pro-v1,arena/019ff178-pro-v1,arena/019ff1f9-pro-v1,arena/019ff215-pro-v1,arena/019ff237-pro-v1,arena/019ff422-pro-v1,arena/019ff82d-pro-v1,arena/019ff859-pro-v1,arena/019ff8b4-pro-v1,arena/019ff8c7-pro-v1,arena/019ff8f2-pro-v1,arena/019ffce9-pro-v1,arena/019ffd78-pro-v1,arena/019ffe92-pro-v1,arena/019ffece-pro-v1,arena/019fffd5-pro-v1,arena/01a0064f-pro-v1,arena/01a00f9e-pro-v1,chore/platform-rebuild-baseline,feat/admin-social-management,feat/red-engineering-roadmap-20260820,feature/uc2000-ve-sms-browser-audit,fix/restore-websocket-registrations,revert-37-arena/019ffd78-pro-v1"
RED_Ultimate_V1-main/RED_Ultimate/red-app/src/main/java/com/red/sovereign/calls/IncomingPstnCallScreen.kt,30,"arena/019fe8fa-pro-v1,arena/019fe9e3-pro-v1,arena/019ff019-pro-v1,arena/019ff06b-pro-v1,arena/019ff085-pro-v1,arena/019ff0c7-pro-v1,arena/019ff146-pro-v1,arena/019ff178-pro-v1,arena/019ff1f9-pro-v1,arena/019ff215-pro-v1,arena/019ff237-pro-v1,arena/019ff422-pro-v1,arena/019ff82d-pro-v1,arena/019ff859-pro-v1,arena/019ff8b4-pro-v1,arena/019ff8c7-pro-v1,arena/019ff8f2-pro-v1,arena/019ffce9-pro-v1,arena/019ffd78-pro-v1,arena/019ffe92-pro-v1,arena/019ffece-pro-v1,arena/019fffd5-pro-v1,arena/01a0064f-pro-v1,arena/01a00f9e-pro-v1,chore/platform-rebuild-baseline,feat/admin-social-management,feat/red-engineering-roadmap-20260820,feature/uc2000-ve-sms-browser-audit,fix/restore-websocket-registrations,revert-37-arena/019ffd78-pro-v1"
RED_Ultimate_V1-main/RED_Ultimate/red-app/src/main/java/com/red/sovereign/calls/LiveGiftSystem.kt,30,"arena/019fe8fa-pro-v1,arena/019fe9e3-pro-v1,arena/019ff019-pro-v1,arena/019ff06b-pro-v1,arena/019ff085-pro-v1,arena/019ff0c7-pro-v1,arena/019ff146-pro-v1,arena/019ff178-pro-v1,arena/019ff1f9-pro-v1,arena/019ff215-pro-v1,arena/019ff237-pro-v1,arena/019ff422-pro-v1,arena/019ff82d-pro-v1,arena/019ff859-pro-v1,arena/019ff8b4-pro-v1,arena/019ff8c7-pro-v1,arena/019ff8f2-pro-v1,arena/019ffce9-pro-v1,arena/019ffd78-pro-v1,arena/019ffe92-pro-v1,arena/019ffece-pro-v1,arena/019fffd5-pro-v1,arena/01a0064f-pro-v1,arena/01a00f9e-pro-v1,chore/platform-rebuild-baseline,feat/admin-social-management,feat/red-engineering-roadmap-20260820,feature/uc2000-ve-sms-browser-audit,fix/restore-websocket-registrations,revert-37-arena/019ffd78-pro-v1"
RED_Ultimate_V1-main/RED_Ultimate/red-app/src/main/java/com/red/sovereign/calls/NetworkChangeWatcher.kt,30,"arena/019fe8fa-pro-v1,arena/019fe9e3-pro-v1,arena/019ff019-pro-v1,arena/019ff06b-pro-v1,arena/019ff085-pro-v1,arena/019ff0c7-pro-v1,arena/019ff146-pro-v1,arena/019ff178-pro-v1,arena/019ff1f9-pro-v1,arena/019ff215-pro-v1,arena/019ff237-pro-v1,arena/019ff422-pro-v1,arena/019ff82d-pro-v1,arena/019ff859-pro-v1,arena/019ff8b4-pro-v1,arena/019ff8c7-pro-v1,arena/019ff8f2-pro-v1,arena/019ffce9-pro-v1,arena/019ffd78-pro-v1,arena/019ffe92-pro-v1,arena/019ffece-pro-v1,arena/019fffd5-pro-v1,arena/01a0064f-pro-v1,arena/01a00f9e-pro-v1,chore/platform-rebuild-baseline,feat/admin-social-management,feat/red-engineering-roadmap-20260820,feature/uc2000-ve-sms-browser-audit,fix/restore-websocket-registrations,revert-37-arena/019ffd78-pro-v1"
RED_Ultimate_V1-main/RED_Ultimate/red-app/src/main/java/com/red/sovereign/calls/OutgoingOfferStartPolicy.kt,30,"arena/019fe8fa-pro-v1,arena/019fe9e3-pro-v1,arena/019ff019-pro-v1,arena/019ff06b-pro-v1,arena/019ff085-pro-v1,arena/019ff0c7-pro-v1,arena/019ff146-pro-v1,arena/019ff178-pro-v1,arena/019ff1f9-pro-v1,arena/019ff215-pro-v1,arena/019ff237-pro-v1,arena/019ff422-pro-v1,arena/019ff82d-pro-v1,arena/019ff859-pro-v1,arena/019ff8b4-pro-v1,arena/019ff8c7-pro-v1,arena/019ff8f2-pro-v1,arena/019ffce9-pro-v1,arena/019ffd78-pro-v1,arena/019ffe92-pro-v1,arena/019ffece-pro-v1,arena/019fffd5-pro-v1,arena/01a0064f-pro-v1,arena/01a00f9e-pro-v1,chore/platform-rebuild-baseline,feat/admin-social-management,feat/red-engineering-roadmap-20260820,feature/uc2000-ve-sms-browser-audit,fix/restore-websocket-registrations,revert-37-arena/019ffd78-pro-v1"
RED_Ultimate_V1-main/RED_Ultimate/red-app/src/main/java/com/red/sovereign/calls/PendingCallSignalQueue.kt,30,"arena/019fe8fa-pro-v1,arena/019fe9e3-pro-v1,arena/019ff019-pro-v1,arena/019ff06b-pro-v1,arena/019ff085-pro-v1,arena/019ff0c7-pro-v1,arena/019ff146-pro-v1,arena/019ff178-pro-v1,arena/019ff1f9-pro-v1,arena/019ff215-pro-v1,arena/019ff237-pro-v1,arena/019ff422-pro-v1,arena/019ff82d-pro-v1,arena/019ff859-pro-v1,arena/019ff8b4-pro-v1,arena/019ff8c7-pro-v1,arena/019ff8f2-pro-v1,arena/019ffce9-pro-v1,arena/019ffd78-pro-v1,arena/019ffe92-pro-v1,arena/019ffece-pro-v1,arena/019fffd5-pro-v1,arena/01a0064f-pro-v1,arena/01a00f9e-pro-v1,chore/platform-rebuild-baseline,feat/admin-social-management,feat/red-engineering-roadmap-20260820,feature/uc2000-ve-sms-browser-audit,fix/restore-websocket-registrations,revert-37-arena/019ffd78-pro-v1"
RED_Ultimate_V1-main/RED_Ultimate/red-app/src/main/java/com/red/sovereign/calls/PstnActiveCallHost.kt,30,"arena/019fe8fa-pro-v1,arena/019fe9e3-pro-v1,arena/019ff019-pro-v1,arena/019ff06b-pro-v1,arena/019ff085-pro-v1,arena/019ff0c7-pro-v1,arena/019ff146-pro-v1,arena/019ff178-pro-v1,arena/019ff1f9-pro-v1,arena/019ff215-pro-v1,arena/019ff237-pro-v1,arena/019ff422-pro-v1,arena/019ff82d-pro-v1,arena/019ff859-pro-v1,arena/019ff8b4-pro-v1,arena/019ff8c7-pro-v1,arena/019ff8f2-pro-v1,arena/019ffce9-pro-v1,arena/019ffd78-pro-v1,arena/019ffe92-pro-v1,arena/019ffece-pro-v1,arena/019fffd5-pro-v1,arena/01a0064f-pro-v1,arena/01a00f9e-pro-v1,chore/platform-rebuild-baseline,feat/admin-social-management,feat/red-engineering-roadmap-20260820,feature/uc2000-ve-sms-browser-audit,fix/restore-websocket-registrations,revert-37-arena/019ffd78-pro-v1"
RED_Ultimate_V1-main/RED_Ultimate/red-app/src/main/java/com/red/sovereign/calls/PstnCallForegroundService.kt,30,"arena/019fe8fa-pro-v1,arena/019fe9e3-pro-v1,arena/019ff019-pro-v1,arena/019ff06b-pro-v1,arena/019ff085-pro-v1,arena/019ff0c7-pro-v1,arena/019ff146-pro-v1,arena/019ff178-pro-v1,arena/019ff1f9-pro-v1,arena/019ff215-pro-v1,arena/019ff237-pro-v1,arena/019ff422-pro-v1,arena/019ff82d-pro-v1,arena/019ff859-pro-v1,arena/019ff8b4-pro-v1,arena/019ff8c7-pro-v1,arena/019ff8f2-pro-v1,arena/019ffce9-pro-v1,arena/019ffd78-pro-v1,arena/019ffe92-pro-v1,arena/019ffece-pro-v1,arena/019fffd5-pro-v1,arena/01a0064f-pro-v1,arena/01a00f9e-pro-v1,chore/platform-rebuild-baseline,feat/admin-social-management,feat/red-engineering-roadmap-20260820,feature/uc2000-ve-sms-browser-audit,fix/restore-websocket-registrations,revert-37-arena/019ffd78-pro-v1"
RED_Ultimate_V1-main/RED_Ultimate/red-app/src/main/java/com/red/sovereign/calls/PstnCallScreen.kt,30,"arena/019fe8fa-pro-v1,arena/019fe9e3-pro-v1,arena/019ff019-pro-v1,arena/019ff06b-pro-v1,arena/019ff085-pro-v1,arena/019ff0c7-pro-v1,arena/019ff146-pro-v1,arena/019ff178-pro-v1,arena/019ff1f9-pro-v1,arena/019ff215-pro-v1,arena/019ff237-pro-v1,arena/019ff422-pro-v1,arena/019ff82d-pro-v1,arena/019ff859-pro-v1,arena/019ff8b4-pro-v1,arena/019ff8c7-pro-v1,arena/019ff8f2-pro-v1,arena/019ffce9-pro-v1,arena/019ffd78-pro-v1,arena/019ffe92-pro-v1,arena/019ffece-pro-v1,arena/019fffd5-pro-v1,arena/01a0064f-pro-v1,arena/01a00f9e-pro-v1,chore/platform-rebuild-baseline,feat/admin-social-management,feat/red-engineering-roadmap-20260820,feature/uc2000-ve-sms-browser-audit,fix/restore-websocket-registrations,revert-37-arena/019ffd78-pro-v1"
RED_Ultimate_V1-main/RED_Ultimate/red-app/src/main/java/com/red/sovereign/calls/PstnFcmListenerService.kt,30,"arena/019fe8fa-pro-v1,arena/019fe9e3-pro-v1,arena/019ff019-pro-v1,arena/019ff06b-pro-v1,arena/019ff085-pro-v1,arena/019ff0c7-pro-v1,arena/019ff146-pro-v1,arena/019ff178-pro-v1,arena/019ff1f9-pro-v1,arena/019ff215-pro-v1,arena/019ff237-pro-v1,arena/019ff422-pro-v1,arena/019ff82d-pro-v1,arena/019ff859-pro-v1,arena/019ff8b4-pro-v1,arena/019ff8c7-pro-v1,arena/019ff8f2-pro-v1,arena/019ffce9-pro-v1,arena/019ffd78-pro-v1,arena/019ffe92-pro-v1,arena/019ffece-pro-v1,arena/019fffd5-pro-v1,arena/01a0064f-pro-v1,arena/01a00f9e-pro-v1,chore/platform-rebuild-baseline,feat/admin-social-management,feat/red-engineering-roadmap-20260820,feature/uc2000-ve-sms-browser-audit,fix/restore-websocket-registrations,revert-37-arena/019ffd78-pro-v1"
RED_Ultimate_V1-main/RED_Ultimate/red-app/src/main/java/com/red/sovereign/calls/PstnIncomingCallCoordinator.kt,30,"arena/019fe8fa-pro-v1,arena/019fe9e3-pro-v1,arena/019ff019-pro-v1,arena/019ff06b-pro-v1,arena/019ff085-pro-v1,arena/019ff0c7-pro-v1,arena/019ff146-pro-v1,arena/019ff178-pro-v1,arena/019ff1f9-pro-v1,arena/019ff215-pro-v1,arena/019ff237-pro-v1,arena/019ff422-pro-v1,arena/019ff82d-pro-v1,arena/019ff859-pro-v1,arena/019ff8b4-pro-v1,arena/019ff8c7-pro-v1,arena/019ff8f2-pro-v1,arena/019ffce9-pro-v1,arena/019ffd78-pro-v1,arena/019ffe92-pro-v1,arena/019ffece-pro-v1,arena/019fffd5-pro-v1,arena/01a0064f-pro-v1,arena/01a00f9e-pro-v1,chore/platform-rebuild-baseline,feat/admin-social-management,feat/red-engineering-roadmap-20260820,feature/uc2000-ve-sms-browser-audit,fix/restore-websocket-registrations,revert-37-arena/019ffd78-pro-v1"
RED_Ultimate_V1-main/RED_Ultimate/red-app/src/main/java/com/red/sovereign/calls/PstnRingActionReceiver.kt,30,"arena/019fe8fa-pro-v1,arena/019fe9e3-pro-v1,arena/019ff019-pro-v1,arena/019ff06b-pro-v1,arena/019ff085-pro-v1,arena/019ff0c7-pro-v1,arena/019ff146-pro-v1,arena/019ff178-pro-v1,arena/019ff1f9-pro-v1,arena/019ff215-pro-v1,arena/019ff237-pro-v1,arena/019ff422-pro-v1,arena/019ff82d-pro-v1,arena/019ff859-pro-v1,arena/019ff8b4-pro-v1,arena/019ff8c7-pro-v1,arena/019ff8f2-pro-v1,arena/019ffce9-pro-v1,arena/019ffd78-pro-v1,arena/019ffe92-pro-v1,arena/019ffece-pro-v1,arena/019fffd5-pro-v1,arena/01a0064f-pro-v1,arena/01a00f9e-pro-v1,chore/platform-rebuild-baseline,feat/admin-social-management,feat/red-engineering-roadmap-20260820,feature/uc2000-ve-sms-browser-audit,fix/restore-websocket-registrations,revert-37-arena/019ffd78-pro-v1"
RED_Ultimate_V1-main/RED_Ultimate/red-app/src/main/java/com/red/sovereign/calls/PstnRingFallbackNotifier.kt,30,"arena/019fe8fa-pro-v1,arena/019fe9e3-pro-v1,arena/019ff019-pro-v1,arena/019ff06b-pro-v1,arena/019ff085-pro-v1,arena/019ff0c7-pro-v1,arena/019ff146-pro-v1,arena/019ff178-pro-v1,arena/019ff1f9-pro-v1,arena/019ff215-pro-v1,arena/019ff237-pro-v1,arena/019ff422-pro-v1,arena/019ff82d-pro-v1,arena/019ff859-pro-v1,arena/019ff8b4-pro-v1,arena/019ff8c7-pro-v1,arena/019ff8f2-pro-v1,arena/019ffce9-pro-v1,arena/019ffd78-pro-v1,arena/019ffe92-pro-v1,arena/019ffece-pro-v1,arena/019fffd5-pro-v1,arena/01a0064f-pro-v1,arena/01a00f9e-pro-v1,chore/platform-rebuild-baseline,feat/admin-social-management,feat/red-engineering-roadmap-20260820,feature/uc2000-ve-sms-browser-audit,fix/restore-websocket-registrations,revert-37-arena/019ffd78-pro-v1"
RED_Ultimate_V1-main/RED_Ultimate/red-app/src/main/java/com/red/sovereign/calls/PstnWebRtcManager.kt,30,"arena/019fe8fa-pro-v1,arena/019fe9e3-pro-v1,arena/019ff019-pro-v1,arena/019ff06b-pro-v1,arena/019ff085-pro-v1,arena/019ff0c7-pro-v1,arena/019ff146-pro-v1,arena/019ff178-pro-v1,arena/019ff1f9-pro-v1,arena/019ff215-pro-v1,arena/019ff237-pro-v1,arena/019ff422-pro-v1,arena/019ff82d-pro-v1,arena/019ff859-pro-v1,arena/019ff8b4-pro-v1,arena/019ff8c7-pro-v1,arena/019ff8f2-pro-v1,arena/019ffce9-pro-v1,arena/019ffd78-pro-v1,arena/019ffe92-pro-v1,arena/019ffece-pro-v1,arena/019fffd5-pro-v1,arena/01a0064f-pro-v1,arena/01a00f9e-pro-v1,chore/platform-rebuild-baseline,feat/admin-social-management,feat/red-engineering-roadmap-20260820,feature/uc2000-ve-sms-browser-audit,fix/restore-websocket-registrations,revert-37-arena/019ffd78-pro-v1"
RED_Ultimate_V1-main/RED_Ultimate/red-app/src/main/java/com/red/sovereign/calls/ScheduledCalls.kt,30,"arena/019fe8fa-pro-v1,arena/019fe9e3-pro-v1,arena/019ff019-pro-v1,arena/019ff06b-pro-v1,arena/019ff085-pro-v1,arena/019ff0c7-pro-v1,arena/019ff146-pro-v1,arena/019ff178-pro-v1,arena/019ff1f9-pro-v1,arena/019ff215-pro-v1,arena/019ff237-pro-v1,arena/019ff422-pro-v1,arena/019ff82d-pro-v1,arena/019ff859-pro-v1,arena/019ff8b4-pro-v1,arena/019ff8c7-pro-v1,arena/019ff8f2-pro-v1,arena/019ffce9-pro-v1,arena/019ffd78-pro-v1,arena/019ffe92-pro-v1,arena/019ffece-pro-v1,arena/019fffd5-pro-v1,arena/01a0064f-pro-v1,arena/01a00f9e-pro-v1,chore/platform-rebuild-baseline,feat/admin-social-management,feat/red-engineering-roadmap-20260820,feature/uc2000-ve-sms-browser-audit,fix/restore-websocket-registrations,revert-37-arena/019ffd78-pro-v1"
RED_Ultimate_V1-main/RED_Ultimate/red-app/src/main/java/com/red/sovereign/calls/ScreenShareHelper.kt,30,"arena/019fe8fa-pro-v1,arena/019fe9e3-pro-v1,arena/019ff019-pro-v1,arena/019ff06b-pro-v1,arena/019ff085-pro-v1,arena/019ff0c7-pro-v1,arena/019ff146-pro-v1,arena/019ff178-pro-v1,arena/019ff1f9-pro-v1,arena/019ff215-pro-v1,arena/019ff237-pro-v1,arena/019ff422-pro-v1,arena/019ff82d-pro-v1,arena/019ff859-pro-v1,arena/019ff8b4-pro-v1,arena/019ff8c7-pro-v1,arena/019ff8f2-pro-v1,arena/019ffce9-pro-v1,arena/019ffd78-pro-v1,arena/019ffe92-pro-v1,arena/019ffece-pro-v1,arena/019fffd5-pro-v1,arena/01a0064f-pro-v1,arena/01a00f9e-pro-v1,chore/platform-rebuild-baseline,feat/admin-social-management,feat/red-engineering-roadmap-20260820,feature/uc2000-ve-sms-browser-audit,fix/restore-websocket-registrations,revert-37-arena/019ffd78-pro-v1"
RED_Ultimate_V1-main/RED_Ultimate/red-app/src/main/java/com/red/sovereign/calls/SignalingSocketEpoch.kt,30,"arena/019fe8fa-pro-v1,arena/019fe9e3-pro-v1,arena/019ff019-pro-v1,arena/019ff06b-pro-v1,arena/019ff085-pro-v1,arena/019ff0c7-pro-v1,arena/019ff146-pro-v1,arena/019ff178-pro-v1,arena/019ff1f9-pro-v1,arena/019ff215-pro-v1,arena/019ff237-pro-v1,arena/019ff422-pro-v1,arena/019ff82d-pro-v1,arena/019ff859-pro-v1,arena/019ff8b4-pro-v1,arena/019ff8c7-pro-v1,arena/019ff8f2-pro-v1,arena/019ffce9-pro-v1,arena/019ffd78-pro-v1,arena/019ffe92-pro-v1,arena/019ffece-pro-v1,arena/019fffd5-pro-v1,arena/01a0064f-pro-v1,arena/01a00f9e-pro-v1,chore/platform-rebuild-baseline,feat/admin-social-management,feat/red-engineering-roadmap-20260820,feature/uc2000-ve-sms-browser-audit,fix/restore-websocket-registrations,revert-37-arena/019ffd78-pro-v1"
RED_Ultimate_V1-main/RED_Ultimate/red-app/src/main/java/com/red/sovereign/calls/SipDigestAuth.kt,30,"arena/019fe8fa-pro-v1,arena/019fe9e3-pro-v1,arena/019ff019-pro-v1,arena/019ff06b-pro-v1,arena/019ff085-pro-v1,arena/019ff0c7-pro-v1,arena/019ff146-pro-v1,arena/019ff178-pro-v1,arena/019ff1f9-pro-v1,arena/019ff215-pro-v1,arena/019ff237-pro-v1,arena/019ff422-pro-v1,arena/019ff82d-pro-v1,arena/019ff859-pro-v1,arena/019ff8b4-pro-v1,arena/019ff8c7-pro-v1,arena/019ff8f2-pro-v1,arena/019ffce9-pro-v1,arena/019ffd78-pro-v1,arena/019ffe92-pro-v1,arena/019ffece-pro-v1,arena/019fffd5-pro-v1,arena/01a0064f-pro-v1,arena/01a00f9e-pro-v1,chore/platform-rebuild-baseline,feat/admin-social-management,feat/red-engineering-roadmap-20260820,feature/uc2000-ve-sms-browser-audit,fix/restore-websocket-registrations,revert-37-arena/019ffd78-pro-v1"
RED_Ultimate_V1-main/RED_Ultimate/red-app/src/main/java/com/red/sovereign/calls/SmsReceiver.kt,30,"arena/019fe8fa-pro-v1,arena/019fe9e3-pro-v1,arena/019ff019-pro-v1,arena/019ff06b-pro-v1,arena/019ff085-pro-v1,arena/019ff0c7-pro-v1,arena/019ff146-pro-v1,arena/019ff178-pro-v1,arena/019ff1f9-pro-v1,arena/019ff215-pro-v1,arena/019ff237-pro-v1,arena/019ff422-pro-v1,arena/019ff82d-pro-v1,arena/019ff859-pro-v1,arena/019ff8b4-pro-v1,arena/019ff8c7-pro-v1,arena/019ff8f2-pro-v1,arena/019ffce9-pro-v1,arena/019ffd78-pro-v1,arena/019ffe92-pro-v1,arena/019ffece-pro-v1,arena/019fffd5-pro-v1,arena/01a0064f-pro-v1,arena/01a00f9e-pro-v1,chore/platform-rebuild-baseline,feat/admin-social-management,feat/red-engineering-roadmap-20260820,feature/uc2000-ve-sms-browser-audit,fix/restore-websocket-registrations,revert-37-arena/019ffd78-pro-v1"
RED_Ultimate_V1-main/RED_Ultimate/red-app/src/main/java/com/red/sovereign/calls/TelecomDisconnectGuard.kt,30,"arena/019fe8fa-pro-v1,arena/019fe9e3-pro-v1,arena/019ff019-pro-v1,arena/019ff06b-pro-v1,arena/019ff085-pro-v1,arena/019ff0c7-pro-v1,arena/019ff146-pro-v1,arena/019ff178-pro-v1,arena/019ff1f9-pro-v1,arena/019ff215-pro-v1,arena/019ff237-pro-v1,arena/019ff422-pro-v1,arena/019ff82d-pro-v1,arena/019ff859-pro-v1,arena/019ff8b4-pro-v1,arena/019ff8c7-pro-v1,arena/019ff8f2-pro-v1,arena/019ffce9-pro-v1,arena/019ffd78-pro-v1,arena/019ffe92-pro-v1,arena/019ffece-pro-v1,arena/019fffd5-pro-v1,arena/01a0064f-pro-v1,arena/01a00f9e-pro-v1,chore/platform-rebuild-baseline,feat/admin-social-management,feat/red-engineering-roadmap-20260820,feature/uc2000-ve-sms-browser-audit,fix/restore-websocket-registrations,revert-37-arena/019ffd78-pro-v1"
RED_Ultimate_V1-main/RED_Ultimate/red-app/src/main/java/com/red/sovereign/calls/WebRtcSipClient.kt,30,"arena/019fe8fa-pro-v1,arena/019fe9e3-pro-v1,arena/019ff019-pro-v1,arena/019ff06b-pro-v1,arena/019ff085-pro-v1,arena/019ff0c7-pro-v1,arena/019ff146-pro-v1,arena/019ff178-pro-v1,arena/019ff1f9-pro-v1,arena/019ff215-pro-v1,arena/019ff237-pro-v1,arena/019ff422-pro-v1,arena/019ff82d-pro-v1,arena/019ff859-pro-v1,arena/019ff8b4-pro-v1,arena/019ff8c7-pro-v1,arena/019ff8f2-pro-v1,arena/019ffce9-pro-v1,arena/019ffd78-pro-v1,arena/019ffe92-pro-v1,arena/019ffece-pro-v1,arena/019fffd5-pro-v1,arena/01a0064f-pro-v1,arena/01a00f9e-pro-v1,chore/platform-rebuild-baseline,feat/admin-social-management,feat/red-engineering-roadmap-20260820,feature/uc2000-ve-sms-browser-audit,fix/restore-websocket-registrations,revert-37-arena/019ffd78-pro-v1"
RED_Ultimate_V1-main/RED_Ultimate/red-app/src/main/java/com/red/sovereign/calls/ZoomGroupCallOverlay.kt,30,"arena/019fe8fa-pro-v1,arena/019fe9e3-pro-v1,arena/019ff019-pro-v1,arena/019ff06b-pro-v1,arena/019ff085-pro-v1,arena/019ff0c7-pro-v1,arena/019ff146-pro-v1,arena/019ff178-pro-v1,arena/019ff1f9-pro-v1,arena/019ff215-pro-v1,arena/019ff237-pro-v1,arena/019ff422-pro-v1,arena/019ff82d-pro-v1,arena/019ff859-pro-v1,arena/019ff8b4-pro-v1,arena/019ff8c7-pro-v1,arena/019ff8f2-pro-v1,arena/019ffce9-pro-v1,arena/019ffd78-pro-v1,arena/019ffe92-pro-v1,arena/019ffece-pro-v1,arena/019fffd5-pro-v1,arena/01a0064f-pro-v1,arena/01a00f9e-pro-v1,chore/platform-rebuild-baseline,feat/admin-social-management,feat/red-engineering-roadmap-20260820,feature/uc2000-ve-sms-browser-audit,fix/restore-websocket-registrations,revert-37-arena/019ffd78-pro-v1"
RED_Ultimate_V1-main/RED_Ultimate/red-app/src/main/java/com/red/sovereign/calls/ZoomGroupCallService.kt,30,"arena/019fe8fa-pro-v1,arena/019fe9e3-pro-v1,arena/019ff019-pro-v1,arena/019ff06b-pro-v1,arena/019ff085-pro-v1,arena/019ff0c7-pro-v1,arena/019ff146-pro-v1,arena/019ff178-pro-v1,arena/019ff1f9-pro-v1,arena/019ff215-pro-v1,arena/019ff237-pro-v1,arena/019ff422-pro-v1,arena/019ff82d-pro-v1,arena/019ff859-pro-v1,arena/019ff8b4-pro-v1,arena/019ff8c7-pro-v1,arena/019ff8f2-pro-v1,arena/019ffce9-pro-v1,arena/019ffd78-pro-v1,arena/019ffe92-pro-v1,arena/019ffece-pro-v1,arena/019fffd5-pro-v1,arena/01a0064f-pro-v1,arena/01a00f9e-pro-v1,chore/platform-rebuild-baseline,feat/admin-social-management,feat/red-engineering-roadmap-20260820,feature/uc2000-ve-sms-browser-audit,fix/restore-websocket-registrations,revert-37-arena/019ffd78-pro-v1"
RED_Ultimate_V1-main/RED_Ultimate/red-app/src/main/java/com/red/sovereign/core/AppStartupCoordinator.kt,30,"arena/019fe8fa-pro-v1,arena/019fe9e3-pro-v1,arena/019ff019-pro-v1,arena/019ff06b-pro-v1,arena/019ff085-pro-v1,arena/019ff0c7-pro-v1,arena/019ff146-pro-v1,arena/019ff178-pro-v1,arena/019ff1f9-pro-v1,arena/019ff215-pro-v1,arena/019ff237-pro-v1,arena/019ff422-pro-v1,arena/019ff82d-pro-v1,arena/019ff859-pro-v1,arena/019ff8b4-pro-v1,arena/019ff8c7-pro-v1,arena/019ff8f2-pro-v1,arena/019ffce9-pro-v1,arena/019ffd78-pro-v1,arena/019ffe92-pro-v1,arena/019ffece-pro-v1,arena/019fffd5-pro-v1,arena/01a0064f-pro-v1,arena/01a00f9e-pro-v1,chore/platform-rebuild-baseline,feat/admin-social-management,feat/red-engineering-roadmap-20260820,feature/uc2000-ve-sms-browser-audit,fix/restore-websocket-registrations,revert-37-arena/019ffd78-pro-v1"
RED_Ultimate_V1-main/RED_Ultimate/red-app/src/main/java/com/red/sovereign/core/GroupSyncBus.kt,30,"arena/019fe8fa-pro-v1,arena/019fe9e3-pro-v1,arena/019ff019-pro-v1,arena/019ff06b-pro-v1,arena/019ff085-pro-v1,arena/019ff0c7-pro-v1,arena/019ff146-pro-v1,arena/019ff178-pro-v1,arena/019ff1f9-pro-v1,arena/019ff215-pro-v1,arena/019ff237-pro-v1,arena/019ff422-pro-v1,arena/019ff82d-pro-v1,arena/019ff859-pro-v1,arena/019ff8b4-pro-v1,arena/019ff8c7-pro-v1,arena/019ff8f2-pro-v1,arena/019ffce9-pro-v1,arena/019ffd78-pro-v1,arena/019ffe92-pro-v1,arena/019ffece-pro-v1,arena/019fffd5-pro-v1,arena/01a0064f-pro-v1,arena/01a00f9e-pro-v1,chore/platform-rebuild-baseline,feat/admin-social-management,feat/red-engineering-roadmap-20260820,feature/uc2000-ve-sms-browser-audit,fix/restore-websocket-registrations,revert-37-arena/019ffd78-pro-v1"
RED_Ultimate_V1-main/RED_Ultimate/red-app/src/main/java/com/red/sovereign/core/PinsApi.kt,30,"arena/019fe8fa-pro-v1,arena/019fe9e3-pro-v1,arena/019ff019-pro-v1,arena/019ff06b-pro-v1,arena/019ff085-pro-v1,arena/019ff0c7-pro-v1,arena/019ff146-pro-v1,arena/019ff178-pro-v1,arena/019ff1f9-pro-v1,arena/019ff215-pro-v1,arena/019ff237-pro-v1,arena/019ff422-pro-v1,arena/019ff82d-pro-v1,arena/019ff859-pro-v1,arena/019ff8b4-pro-v1,arena/019ff8c7-pro-v1,arena/019ff8f2-pro-v1,arena/019ffce9-pro-v1,arena/019ffd78-pro-v1,arena/019ffe92-pro-v1,arena/019ffece-pro-v1,arena/019fffd5-pro-v1,arena/01a0064f-pro-v1,arena/01a00f9e-pro-v1,chore/platform-rebuild-baseline,feat/admin-social-management,feat/red-engineering-roadmap-20260820,feature/uc2000-ve-sms-browser-audit,fix/restore-websocket-registrations,revert-37-arena/019ffd78-pro-v1"
RED_Ultimate_V1-main/RED_Ultimate/red-app/src/main/java/com/red/sovereign/core/PstnSignalBus.kt,30,"arena/019fe8fa-pro-v1,arena/019fe9e3-pro-v1,arena/019ff019-pro-v1,arena/019ff06b-pro-v1,arena/019ff085-pro-v1,arena/019ff0c7-pro-v1,arena/019ff146-pro-v1,arena/019ff178-pro-v1,arena/019ff1f9-pro-v1,arena/019ff215-pro-v1,arena/019ff237-pro-v1,arena/019ff422-pro-v1,arena/019ff82d-pro-v1,arena/019ff859-pro-v1,arena/019ff8b4-pro-v1,arena/019ff8c7-pro-v1,arena/019ff8f2-pro-v1,arena/019ffce9-pro-v1,arena/019ffd78-pro-v1,arena/019ffe92-pro-v1,arena/019ffece-pro-v1,arena/019fffd5-pro-v1,arena/01a0064f-pro-v1,arena/01a00f9e-pro-v1,chore/platform-rebuild-baseline,feat/admin-social-management,feat/red-engineering-roadmap-20260820,feature/uc2000-ve-sms-browser-audit,fix/restore-websocket-registrations,revert-37-arena/019ffd78-pro-v1"
RED_Ultimate_V1-main/RED_Ultimate/red-app/src/main/java/com/red/sovereign/core/RedSocketGeneration.kt,30,"arena/019fe8fa-pro-v1,arena/019fe9e3-pro-v1,arena/019ff019-pro-v1,arena/019ff06b-pro-v1,arena/019ff085-pro-v1,arena/019ff0c7-pro-v1,arena/019ff146-pro-v1,arena/019ff178-pro-v1,arena/019ff1f9-pro-v1,arena/019ff215-pro-v1,arena/019ff237-pro-v1,arena/019ff422-pro-v1,arena/019ff82d-pro-v1,arena/019ff859-pro-v1,arena/019ff8b4-pro-v1,arena/019ff8c7-pro-v1,arena/019ff8f2-pro-v1,arena/019ffce9-pro-v1,arena/019ffd78-pro-v1,arena/019ffe92-pro-v1,arena/019ffece-pro-v1,arena/019fffd5-pro-v1,arena/01a0064f-pro-v1,arena/01a00f9e-pro-v1,chore/platform-rebuild-baseline,feat/admin-social-management,feat/red-engineering-roadmap-20260820,feature/uc2000-ve-sms-browser-audit,fix/restore-websocket-registrations,revert-37-arena/019ffd78-pro-v1"
RED_Ultimate_V1-main/RED_Ultimate/red-app/src/main/java/com/red/sovereign/core/sync/CallLogSyncWorker.kt,30,"arena/019fe8fa-pro-v1,arena/019fe9e3-pro-v1,arena/019ff019-pro-v1,arena/019ff06b-pro-v1,arena/019ff085-pro-v1,arena/019ff0c7-pro-v1,arena/019ff146-pro-v1,arena/019ff178-pro-v1,arena/019ff1f9-pro-v1,arena/019ff215-pro-v1,arena/019ff237-pro-v1,arena/019ff422-pro-v1,arena/019ff82d-pro-v1,arena/019ff859-pro-v1,arena/019ff8b4-pro-v1,arena/019ff8c7-pro-v1,arena/019ff8f2-pro-v1,arena/019ffce9-pro-v1,arena/019ffd78-pro-v1,arena/019ffe92-pro-v1,arena/019ffece-pro-v1,arena/019fffd5-pro-v1,arena/01a0064f-pro-v1,arena/01a00f9e-pro-v1,chore/platform-rebuild-baseline,feat/admin-social-management,feat/red-engineering-roadmap-20260820,feature/uc2000-ve-sms-browser-audit,fix/restore-websocket-registrations,revert-37-arena/019ffd78-pro-v1"
RED_Ultimate_V1-main/RED_Ultimate/red-app/src/main/java/com/red/sovereign/core/utils/SecureFile.kt,30,"arena/019fe8fa-pro-v1,arena/019fe9e3-pro-v1,arena/019ff019-pro-v1,arena/019ff06b-pro-v1,arena/019ff085-pro-v1,arena/019ff0c7-pro-v1,arena/019ff146-pro-v1,arena/019ff178-pro-v1,arena/019ff1f9-pro-v1,arena/019ff215-pro-v1,arena/019ff237-pro-v1,arena/019ff422-pro-v1,arena/019ff82d-pro-v1,arena/019ff859-pro-v1,arena/019ff8b4-pro-v1,arena/019ff8c7-pro-v1,arena/019ff8f2-pro-v1,arena/019ffce9-pro-v1,arena/019ffd78-pro-v1,arena/019ffe92-pro-v1,arena/019ffece-pro-v1,arena/019fffd5-pro-v1,arena/01a0064f-pro-v1,arena/01a00f9e-pro-v1,chore/platform-rebuild-baseline,feat/admin-social-management,feat/red-engineering-roadmap-20260820,feature/uc2000-ve-sms-browser-audit,fix/restore-websocket-registrations,revert-37-arena/019ffd78-pro-v1"
RED_Ultimate_V1-main/RED_Ultimate/red-app/src/main/java/com/red/sovereign/features/admin/AdminDashboardScreen.kt,30,"arena/019fe8fa-pro-v1,arena/019fe9e3-pro-v1,arena/019ff019-pro-v1,arena/019ff06b-pro-v1,arena/019ff085-pro-v1,arena/019ff0c7-pro-v1,arena/019ff146-pro-v1,arena/019ff178-pro-v1,arena/019ff1f9-pro-v1,arena/019ff215-pro-v1,arena/019ff237-pro-v1,arena/019ff422-pro-v1,arena/019ff82d-pro-v1,arena/019ff859-pro-v1,arena/019ff8b4-pro-v1,arena/019ff8c7-pro-v1,arena/019ff8f2-pro-v1,arena/019ffce9-pro-v1,arena/019ffd78-pro-v1,arena/019ffe92-pro-v1,arena/019ffece-pro-v1,arena/019fffd5-pro-v1,arena/01a0064f-pro-v1,arena/01a00f9e-pro-v1,chore/platform-rebuild-baseline,feat/admin-social-management,feat/red-engineering-roadmap-20260820,feature/uc2000-ve-sms-browser-audit,fix/restore-websocket-registrations,revert-37-arena/019ffd78-pro-v1"
RED_Ultimate_V1-main/RED_Ultimate/red-app/src/main/java/com/red/sovereign/features/admin/AdminViewModel.kt,30,"arena/019fe8fa-pro-v1,arena/019fe9e3-pro-v1,arena/019ff019-pro-v1,arena/019ff06b-pro-v1,arena/019ff085-pro-v1,arena/019ff0c7-pro-v1,arena/019ff146-pro-v1,arena/019ff178-pro-v1,arena/019ff1f9-pro-v1,arena/019ff215-pro-v1,arena/019ff237-pro-v1,arena/019ff422-pro-v1,arena/019ff82d-pro-v1,arena/019ff859-pro-v1,arena/019ff8b4-pro-v1,arena/019ff8c7-pro-v1,arena/019ff8f2-pro-v1,arena/019ffce9-pro-v1,arena/019ffd78-pro-v1,arena/019ffe92-pro-v1,arena/019ffece-pro-v1,arena/019fffd5-pro-v1,arena/01a0064f-pro-v1,arena/01a00f9e-pro-v1,chore/platform-rebuild-baseline,feat/admin-social-management,feat/red-engineering-roadmap-20260820,feature/uc2000-ve-sms-browser-audit,fix/restore-websocket-registrations,revert-37-arena/019ffd78-pro-v1"
RED_Ultimate_V1-main/RED_Ultimate/red-app/src/main/java/com/red/sovereign/features/chat/LuxuryChatBubble.kt,30,"arena/019fe8fa-pro-v1,arena/019fe9e3-pro-v1,arena/019ff019-pro-v1,arena/019ff06b-pro-v1,arena/019ff085-pro-v1,arena/019ff0c7-pro-v1,arena/019ff146-pro-v1,arena/019ff178-pro-v1,arena/019ff1f9-pro-v1,arena/019ff215-pro-v1,arena/019ff237-pro-v1,arena/019ff422-pro-v1,arena/019ff82d-pro-v1,arena/019ff859-pro-v1,arena/019ff8b4-pro-v1,arena/019ff8c7-pro-v1,arena/019ff8f2-pro-v1,arena/019ffce9-pro-v1,arena/019ffd78-pro-v1,arena/019ffe92-pro-v1,arena/019ffece-pro-v1,arena/019fffd5-pro-v1,arena/01a0064f-pro-v1,arena/01a00f9e-pro-v1,chore/platform-rebuild-baseline,feat/admin-social-management,feat/red-engineering-roadmap-20260820,feature/uc2000-ve-sms-browser-audit,fix/restore-websocket-registrations,revert-37-arena/019ffd78-pro-v1"
RED_Ultimate_V1-main/RED_Ultimate/red-app/src/main/java/com/red/sovereign/features/chat/SovereignChatInputBar.kt,30,"arena/019fe8fa-pro-v1,arena/019fe9e3-pro-v1,arena/019ff019-pro-v1,arena/019ff06b-pro-v1,arena/019ff085-pro-v1,arena/019ff0c7-pro-v1,arena/019ff146-pro-v1,arena/019ff178-pro-v1,arena/019ff1f9-pro-v1,arena/019ff215-pro-v1,arena/019ff237-pro-v1,arena/019ff422-pro-v1,arena/019ff82d-pro-v1,arena/019ff859-pro-v1,arena/019ff8b4-pro-v1,arena/019ff8c7-pro-v1,arena/019ff8f2-pro-v1,arena/019ffce9-pro-v1,arena/019ffd78-pro-v1,arena/019ffe92-pro-v1,arena/019ffece-pro-v1,arena/019fffd5-pro-v1,arena/01a0064f-pro-v1,arena/01a00f9e-pro-v1,chore/platform-rebuild-baseline,feat/admin-social-management,feat/red-engineering-roadmap-20260820,feature/uc2000-ve-sms-browser-audit,fix/restore-websocket-registrations,revert-37-arena/019ffd78-pro-v1"
RED_Ultimate_V1-main/RED_Ultimate/red-app/src/main/java/com/red/sovereign/features/dinstar/DinstarAdminScreen.kt,30,"arena/019fe8fa-pro-v1,arena/019fe9e3-pro-v1,arena/019ff019-pro-v1,arena/019ff06b-pro-v1,arena/019ff085-pro-v1,arena/019ff0c7-pro-v1,arena/019ff146-pro-v1,arena/019ff178-pro-v1,arena/019ff1f9-pro-v1,arena/019ff215-pro-v1,arena/019ff237-pro-v1,arena/019ff422-pro-v1,arena/019ff82d-pro-v1,arena/019ff859-pro-v1,arena/019ff8b4-pro-v1,arena/019ff8c7-pro-v1,arena/019ff8f2-pro-v1,arena/019ffce9-pro-v1,arena/019ffd78-pro-v1,arena/019ffe92-pro-v1,arena/019ffece-pro-v1,arena/019fffd5-pro-v1,arena/01a0064f-pro-v1,arena/01a00f9e-pro-v1,chore/platform-rebuild-baseline,feat/admin-social-management,feat/red-engineering-roadmap-20260820,feature/uc2000-ve-sms-browser-audit,fix/restore-websocket-registrations,revert-37-arena/019ffd78-pro-v1"
RED_Ultimate_V1-main/RED_Ultimate/red-app/src/main/java/com/red/sovereign/features/dinstar/DinstarSmsScreen.kt,30,"arena/019fe8fa-pro-v1,arena/019fe9e3-pro-v1,arena/019ff019-pro-v1,arena/019ff06b-pro-v1,arena/019ff085-pro-v1,arena/019ff0c7-pro-v1,arena/019ff146-pro-v1,arena/019ff178-pro-v1,arena/019ff1f9-pro-v1,arena/019ff215-pro-v1,arena/019ff237-pro-v1,arena/019ff422-pro-v1,arena/019ff82d-pro-v1,arena/019ff859-pro-v1,arena/019ff8b4-pro-v1,arena/019ff8c7-pro-v1,arena/019ff8f2-pro-v1,arena/019ffce9-pro-v1,arena/019ffd78-pro-v1,arena/019ffe92-pro-v1,arena/019ffece-pro-v1,arena/019fffd5-pro-v1,arena/01a0064f-pro-v1,arena/01a00f9e-pro-v1,chore/platform-rebuild-baseline,feat/admin-social-management,feat/red-engineering-roadmap-20260820,feature/uc2000-ve-sms-browser-audit,fix/restore-websocket-registrations,revert-37-arena/019ffd78-pro-v1"
RED_Ultimate_V1-main/RED_Ultimate/red-app/src/main/java/com/red/sovereign/features/media/AdvancedShareSheet.kt,30,"arena/019fe8fa-pro-v1,arena/019fe9e3-pro-v1,arena/019ff019-pro-v1,arena/019ff06b-pro-v1,arena/019ff085-pro-v1,arena/019ff0c7-pro-v1,arena/019ff146-pro-v1,arena/019ff178-pro-v1,arena/019ff1f9-pro-v1,arena/019ff215-pro-v1,arena/019ff237-pro-v1,arena/019ff422-pro-v1,arena/019ff82d-pro-v1,arena/019ff859-pro-v1,arena/019ff8b4-pro-v1,arena/019ff8c7-pro-v1,arena/019ff8f2-pro-v1,arena/019ffce9-pro-v1,arena/019ffd78-pro-v1,arena/019ffe92-pro-v1,arena/019ffece-pro-v1,arena/019fffd5-pro-v1,arena/01a0064f-pro-v1,arena/01a00f9e-pro-v1,chore/platform-rebuild-baseline,feat/admin-social-management,feat/red-engineering-roadmap-20260820,feature/uc2000-ve-sms-browser-audit,fix/restore-websocket-registrations,revert-37-arena/019ffd78-pro-v1"
RED_Ultimate_V1-main/RED_Ultimate/red-app/src/main/java/com/red/sovereign/features/media/AudioPlayerScreen.kt,30,"arena/019fe8fa-pro-v1,arena/019fe9e3-pro-v1,arena/019ff019-pro-v1,arena/019ff06b-pro-v1,arena/019ff085-pro-v1,arena/019ff0c7-pro-v1,arena/019ff146-pro-v1,arena/019ff178-pro-v1,arena/019ff1f9-pro-v1,arena/019ff215-pro-v1,arena/019ff237-pro-v1,arena/019ff422-pro-v1,arena/019ff82d-pro-v1,arena/019ff859-pro-v1,arena/019ff8b4-pro-v1,arena/019ff8c7-pro-v1,arena/019ff8f2-pro-v1,arena/019ffce9-pro-v1,arena/019ffd78-pro-v1,arena/019ffe92-pro-v1,arena/019ffece-pro-v1,arena/019fffd5-pro-v1,arena/01a0064f-pro-v1,arena/01a00f9e-pro-v1,chore/platform-rebuild-baseline,feat/admin-social-management,feat/red-engineering-roadmap-20260820,feature/uc2000-ve-sms-browser-audit,fix/restore-websocket-registrations,revert-37-arena/019ffd78-pro-v1"
RED_Ultimate_V1-main/RED_Ultimate/red-app/src/main/java/com/red/sovereign/features/media/ChatAttachmentBubble.kt,30,"arena/019fe8fa-pro-v1,arena/019fe9e3-pro-v1,arena/019ff019-pro-v1,arena/019ff06b-pro-v1,arena/019ff085-pro-v1,arena/019ff0c7-pro-v1,arena/019ff146-pro-v1,arena/019ff178-pro-v1,arena/019ff1f9-pro-v1,arena/019ff215-pro-v1,arena/019ff237-pro-v1,arena/019ff422-pro-v1,arena/019ff82d-pro-v1,arena/019ff859-pro-v1,arena/019ff8b4-pro-v1,arena/019ff8c7-pro-v1,arena/019ff8f2-pro-v1,arena/019ffce9-pro-v1,arena/019ffd78-pro-v1,arena/019ffe92-pro-v1,arena/019ffece-pro-v1,arena/019fffd5-pro-v1,arena/01a0064f-pro-v1,arena/01a00f9e-pro-v1,chore/platform-rebuild-baseline,feat/admin-social-management,feat/red-engineering-roadmap-20260820,feature/uc2000-ve-sms-browser-audit,fix/restore-websocket-registrations,revert-37-arena/019ffd78-pro-v1"
RED_Ultimate_V1-main/RED_Ultimate/red-app/src/main/java/com/red/sovereign/features/media/DocumentViewerScreen.kt,30,"arena/019fe8fa-pro-v1,arena/019fe9e3-pro-v1,arena/019ff019-pro-v1,arena/019ff06b-pro-v1,arena/019ff085-pro-v1,arena/019ff0c7-pro-v1,arena/019ff146-pro-v1,arena/019ff178-pro-v1,arena/019ff1f9-pro-v1,arena/019ff215-pro-v1,arena/019ff237-pro-v1,arena/019ff422-pro-v1,arena/019ff82d-pro-v1,arena/019ff859-pro-v1,arena/019ff8b4-pro-v1,arena/019ff8c7-pro-v1,arena/019ff8f2-pro-v1,arena/019ffce9-pro-v1,arena/019ffd78-pro-v1,arena/019ffe92-pro-v1,arena/019ffece-pro-v1,arena/019fffd5-pro-v1,arena/01a0064f-pro-v1,arena/01a00f9e-pro-v1,chore/platform-rebuild-baseline,feat/admin-social-management,feat/red-engineering-roadmap-20260820,feature/uc2000-ve-sms-browser-audit,fix/restore-websocket-registrations,revert-37-arena/019ffd78-pro-v1"
RED_Ultimate_V1-main/RED_Ultimate/red-app/src/main/java/com/red/sovereign/features/media/FileMetadataExtractor.kt,30,"arena/019fe8fa-pro-v1,arena/019fe9e3-pro-v1,arena/019ff019-pro-v1,arena/019ff06b-pro-v1,arena/019ff085-pro-v1,arena/019ff0c7-pro-v1,arena/019ff146-pro-v1,arena/019ff178-pro-v1,arena/019ff1f9-pro-v1,arena/019ff215-pro-v1,arena/019ff237-pro-v1,arena/019ff422-pro-v1,arena/019ff82d-pro-v1,arena/019ff859-pro-v1,arena/019ff8b4-pro-v1,arena/019ff8c7-pro-v1,arena/019ff8f2-pro-v1,arena/019ffce9-pro-v1,arena/019ffd78-pro-v1,arena/019ffe92-pro-v1,arena/019ffece-pro-v1,arena/019fffd5-pro-v1,arena/01a0064f-pro-v1,arena/01a00f9e-pro-v1,chore/platform-rebuild-baseline,feat/admin-social-management,feat/red-engineering-roadmap-20260820,feature/uc2000-ve-sms-browser-audit,fix/restore-websocket-registrations,revert-37-arena/019ffd78-pro-v1"
RED_Ultimate_V1-main/RED_Ultimate/red-app/src/main/java/com/red/sovereign/features/media/FileViewerScreen.kt,30,"arena/019fe8fa-pro-v1,arena/019fe9e3-pro-v1,arena/019ff019-pro-v1,arena/019ff06b-pro-v1,arena/019ff085-pro-v1,arena/019ff0c7-pro-v1,arena/019ff146-pro-v1,arena/019ff178-pro-v1,arena/019ff1f9-pro-v1,arena/019ff215-pro-v1,arena/019ff237-pro-v1,arena/019ff422-pro-v1,arena/019ff82d-pro-v1,arena/019ff859-pro-v1,arena/019ff8b4-pro-v1,arena/019ff8c7-pro-v1,arena/019ff8f2-pro-v1,arena/019ffce9-pro-v1,arena/019ffd78-pro-v1,arena/019ffe92-pro-v1,arena/019ffece-pro-v1,arena/019fffd5-pro-v1,arena/01a0064f-pro-v1,arena/01a00f9e-pro-v1,chore/platform-rebuild-baseline,feat/admin-social-management,feat/red-engineering-roadmap-20260820,feature/uc2000-ve-sms-browser-audit,fix/restore-websocket-registrations,revert-37-arena/019ffd78-pro-v1"
RED_Ultimate_V1-main/RED_Ultimate/red-app/src/main/java/com/red/sovereign/features/media/MediaGalleryScreen.kt,30,"arena/019fe8fa-pro-v1,arena/019fe9e3-pro-v1,arena/019ff019-pro-v1,arena/019ff06b-pro-v1,arena/019ff085-pro-v1,arena/019ff0c7-pro-v1,arena/019ff146-pro-v1,arena/019ff178-pro-v1,arena/019ff1f9-pro-v1,arena/019ff215-pro-v1,arena/019ff237-pro-v1,arena/019ff422-pro-v1,arena/019ff82d-pro-v1,arena/019ff859-pro-v1,arena/019ff8b4-pro-v1,arena/019ff8c7-pro-v1,arena/019ff8f2-pro-v1,arena/019ffce9-pro-v1,arena/019ffd78-pro-v1,arena/019ffe92-pro-v1,arena/019ffece-pro-v1,arena/019fffd5-pro-v1,arena/01a0064f-pro-v1,arena/01a00f9e-pro-v1,chore/platform-rebuild-baseline,feat/admin-social-management,feat/red-engineering-roadmap-20260820,feature/uc2000-ve-sms-browser-audit,fix/restore-websocket-registrations,revert-37-arena/019ffd78-pro-v1"
RED_Ultimate_V1-main/RED_Ultimate/red-app/src/main/java/com/red/sovereign/features/media/MediaIntegration.kt,30,"arena/019fe8fa-pro-v1,arena/019fe9e3-pro-v1,arena/019ff019-pro-v1,arena/019ff06b-pro-v1,arena/019ff085-pro-v1,arena/019ff0c7-pro-v1,arena/019ff146-pro-v1,arena/019ff178-pro-v1,arena/019ff1f9-pro-v1,arena/019ff215-pro-v1,arena/019ff237-pro-v1,arena/019ff422-pro-v1,arena/019ff82d-pro-v1,arena/019ff859-pro-v1,arena/019ff8b4-pro-v1,arena/019ff8c7-pro-v1,arena/019ff8f2-pro-v1,arena/019ffce9-pro-v1,arena/019ffd78-pro-v1,arena/019ffe92-pro-v1,arena/019ffece-pro-v1,arena/019fffd5-pro-v1,arena/01a0064f-pro-v1,arena/01a00f9e-pro-v1,chore/platform-rebuild-baseline,feat/admin-social-management,feat/red-engineering-roadmap-20260820,feature/uc2000-ve-sms-browser-audit,fix/restore-websocket-registrations,revert-37-arena/019ffd78-pro-v1"
RED_Ultimate_V1-main/RED_Ultimate/red-app/src/main/java/com/red/sovereign/features/media/MediaViewers.kt,30,"arena/019fe8fa-pro-v1,arena/019fe9e3-pro-v1,arena/019ff019-pro-v1,arena/019ff06b-pro-v1,arena/019ff085-pro-v1,arena/019ff0c7-pro-v1,arena/019ff146-pro-v1,arena/019ff178-pro-v1,arena/019ff1f9-pro-v1,arena/019ff215-pro-v1,arena/019ff237-pro-v1,arena/019ff422-pro-v1,arena/019ff82d-pro-v1,arena/019ff859-pro-v1,arena/019ff8b4-pro-v1,arena/019ff8c7-pro-v1,arena/019ff8f2-pro-v1,arena/019ffce9-pro-v1,arena/019ffd78-pro-v1,arena/019ffe92-pro-v1,arena/019ffece-pro-v1,arena/019fffd5-pro-v1,arena/01a0064f-pro-v1,arena/01a00f9e-pro-v1,chore/platform-rebuild-baseline,feat/admin-social-management,feat/red-engineering-roadmap-20260820,feature/uc2000-ve-sms-browser-audit,fix/restore-websocket-registrations,revert-37-arena/019ffd78-pro-v1"
RED_Ultimate_V1-main/RED_Ultimate/red-app/src/main/java/com/red/sovereign/features/media/SharedMediaUtils.kt,30,"arena/019fe8fa-pro-v1,arena/019fe9e3-pro-v1,arena/019ff019-pro-v1,arena/019ff06b-pro-v1,arena/019ff085-pro-v1,arena/019ff0c7-pro-v1,arena/019ff146-pro-v1,arena/019ff178-pro-v1,arena/019ff1f9-pro-v1,arena/019ff215-pro-v1,arena/019ff237-pro-v1,arena/019ff422-pro-v1,arena/019ff82d-pro-v1,arena/019ff859-pro-v1,arena/019ff8b4-pro-v1,arena/019ff8c7-pro-v1,arena/019ff8f2-pro-v1,arena/019ffce9-pro-v1,arena/019ffd78-pro-v1,arena/019ffe92-pro-v1,arena/019ffece-pro-v1,arena/019fffd5-pro-v1,arena/01a0064f-pro-v1,arena/01a00f9e-pro-v1,chore/platform-rebuild-baseline,feat/admin-social-management,feat/red-engineering-roadmap-20260820,feature/uc2000-ve-sms-browser-audit,fix/restore-websocket-registrations,revert-37-arena/019ffd78-pro-v1"
RED_Ultimate_V1-main/RED_Ultimate/red-app/src/main/java/com/red/sovereign/features/media/VideoPlayerScreen.kt,30,"arena/019fe8fa-pro-v1,arena/019fe9e3-pro-v1,arena/019ff019-pro-v1,arena/019ff06b-pro-v1,arena/019ff085-pro-v1,arena/019ff0c7-pro-v1,arena/019ff146-pro-v1,arena/019ff178-pro-v1,arena/019ff1f9-pro-v1,arena/019ff215-pro-v1,arena/019ff237-pro-v1,arena/019ff422-pro-v1,arena/019ff82d-pro-v1,arena/019ff859-pro-v1,arena/019ff8b4-pro-v1,arena/019ff8c7-pro-v1,arena/019ff8f2-pro-v1,arena/019ffce9-pro-v1,arena/019ffd78-pro-v1,arena/019ffe92-pro-v1,arena/019ffece-pro-v1,arena/019fffd5-pro-v1,arena/01a0064f-pro-v1,arena/01a00f9e-pro-v1,chore/platform-rebuild-baseline,feat/admin-social-management,feat/red-engineering-roadmap-20260820,feature/uc2000-ve-sms-browser-audit,fix/restore-websocket-registrations,revert-37-arena/019ffd78-pro-v1"
RED_Ultimate_V1-main/RED_Ultimate/red-app/src/main/java/com/red/sovereign/features/pstn/DialPadScreen.kt,30,"arena/019fe8fa-pro-v1,arena/019fe9e3-pro-v1,arena/019ff019-pro-v1,arena/019ff06b-pro-v1,arena/019ff085-pro-v1,arena/019ff0c7-pro-v1,arena/019ff146-pro-v1,arena/019ff178-pro-v1,arena/019ff1f9-pro-v1,arena/019ff215-pro-v1,arena/019ff237-pro-v1,arena/019ff422-pro-v1,arena/019ff82d-pro-v1,arena/019ff859-pro-v1,arena/019ff8b4-pro-v1,arena/019ff8c7-pro-v1,arena/019ff8f2-pro-v1,arena/019ffce9-pro-v1,arena/019ffd78-pro-v1,arena/019ffe92-pro-v1,arena/019ffece-pro-v1,arena/019fffd5-pro-v1,arena/01a0064f-pro-v1,arena/01a00f9e-pro-v1,chore/platform-rebuild-baseline,feat/admin-social-management,feat/red-engineering-roadmap-20260820,feature/uc2000-ve-sms-browser-audit,fix/restore-websocket-registrations,revert-37-arena/019ffd78-pro-v1"
RED_Ultimate_V1-main/RED_Ultimate/red-app/src/main/java/com/red/sovereign/features/pstn/IncomingPstnCallScreen.kt,30,"arena/019fe8fa-pro-v1,arena/019fe9e3-pro-v1,arena/019ff019-pro-v1,arena/019ff06b-pro-v1,arena/019ff085-pro-v1,arena/019ff0c7-pro-v1,arena/019ff146-pro-v1,arena/019ff178-pro-v1,arena/019ff1f9-pro-v1,arena/019ff215-pro-v1,arena/019ff237-pro-v1,arena/019ff422-pro-v1,arena/019ff82d-pro-v1,arena/019ff859-pro-v1,arena/019ff8b4-pro-v1,arena/019ff8c7-pro-v1,arena/019ff8f2-pro-v1,arena/019ffce9-pro-v1,arena/019ffd78-pro-v1,arena/019ffe92-pro-v1,arena/019ffece-pro-v1,arena/019fffd5-pro-v1,arena/01a0064f-pro-v1,arena/01a00f9e-pro-v1,chore/platform-rebuild-baseline,feat/admin-social-management,feat/red-engineering-roadmap-20260820,feature/uc2000-ve-sms-browser-audit,fix/restore-websocket-registrations,revert-37-arena/019ffd78-pro-v1"
RED_Ultimate_V1-main/RED_Ultimate/red-app/src/main/java/com/red/sovereign/features/pstn/PstnCallScreen.kt,30,"arena/019fe8fa-pro-v1,arena/019fe9e3-pro-v1,arena/019ff019-pro-v1,arena/019ff06b-pro-v1,arena/019ff085-pro-v1,arena/019ff0c7-pro-v1,arena/019ff146-pro-v1,arena/019ff178-pro-v1,arena/019ff1f9-pro-v1,arena/019ff215-pro-v1,arena/019ff237-pro-v1,arena/019ff422-pro-v1,arena/019ff82d-pro-v1,arena/019ff859-pro-v1,arena/019ff8b4-pro-v1,arena/019ff8c7-pro-v1,arena/019ff8f2-pro-v1,arena/019ffce9-pro-v1,arena/019ffd78-pro-v1,arena/019ffe92-pro-v1,arena/019ffece-pro-v1,arena/019fffd5-pro-v1,arena/01a0064f-pro-v1,arena/01a00f9e-pro-v1,chore/platform-rebuild-baseline,feat/admin-social-management,feat/red-engineering-roadmap-20260820,feature/uc2000-ve-sms-browser-audit,fix/restore-websocket-registrations,revert-37-arena/019ffd78-pro-v1"
RED_Ultimate_V1-main/RED_Ultimate/red-app/src/main/java/com/red/sovereign/features/sms/PstnEventEnvelopeCodec.kt,30,"arena/019fe8fa-pro-v1,arena/019fe9e3-pro-v1,arena/019ff019-pro-v1,arena/019ff06b-pro-v1,arena/019ff085-pro-v1,arena/019ff0c7-pro-v1,arena/019ff146-pro-v1,arena/019ff178-pro-v1,arena/019ff1f9-pro-v1,arena/019ff215-pro-v1,arena/019ff237-pro-v1,arena/019ff422-pro-v1,arena/019ff82d-pro-v1,arena/019ff859-pro-v1,arena/019ff8b4-pro-v1,arena/019ff8c7-pro-v1,arena/019ff8f2-pro-v1,arena/019ffce9-pro-v1,arena/019ffd78-pro-v1,arena/019ffe92-pro-v1,arena/019ffece-pro-v1,arena/019fffd5-pro-v1,arena/01a0064f-pro-v1,arena/01a00f9e-pro-v1,chore/platform-rebuild-baseline,feat/admin-social-management,feat/red-engineering-roadmap-20260820,feature/uc2000-ve-sms-browser-audit,fix/restore-websocket-registrations,revert-37-arena/019ffd78-pro-v1"
RED_Ultimate_V1-main/RED_Ultimate/red-app/src/main/java/com/red/sovereign/features/sms/PstnEventSocket.kt,30,"arena/019fe8fa-pro-v1,arena/019fe9e3-pro-v1,arena/019ff019-pro-v1,arena/019ff06b-pro-v1,arena/019ff085-pro-v1,arena/019ff0c7-pro-v1,arena/019ff146-pro-v1,arena/019ff178-pro-v1,arena/019ff1f9-pro-v1,arena/019ff215-pro-v1,arena/019ff237-pro-v1,arena/019ff422-pro-v1,arena/019ff82d-pro-v1,arena/019ff859-pro-v1,arena/019ff8b4-pro-v1,arena/019ff8c7-pro-v1,arena/019ff8f2-pro-v1,arena/019ffce9-pro-v1,arena/019ffd78-pro-v1,arena/019ffe92-pro-v1,arena/019ffece-pro-v1,arena/019fffd5-pro-v1,arena/01a0064f-pro-v1,arena/01a00f9e-pro-v1,chore/platform-rebuild-baseline,feat/admin-social-management,feat/red-engineering-roadmap-20260820,feature/uc2000-ve-sms-browser-audit,fix/restore-websocket-registrations,revert-37-arena/019ffd78-pro-v1"
RED_Ultimate_V1-main/RED_Ultimate/red-app/src/main/java/com/red/sovereign/features/sms/SmsApi.kt,30,"arena/019fe8fa-pro-v1,arena/019fe9e3-pro-v1,arena/019ff019-pro-v1,arena/019ff06b-pro-v1,arena/019ff085-pro-v1,arena/019ff0c7-pro-v1,arena/019ff146-pro-v1,arena/019ff178-pro-v1,arena/019ff1f9-pro-v1,arena/019ff215-pro-v1,arena/019ff237-pro-v1,arena/019ff422-pro-v1,arena/019ff82d-pro-v1,arena/019ff859-pro-v1,arena/019ff8b4-pro-v1,arena/019ff8c7-pro-v1,arena/019ff8f2-pro-v1,arena/019ffce9-pro-v1,arena/019ffd78-pro-v1,arena/019ffe92-pro-v1,arena/019ffece-pro-v1,arena/019fffd5-pro-v1,arena/01a0064f-pro-v1,arena/01a00f9e-pro-v1,chore/platform-rebuild-baseline,feat/admin-social-management,feat/red-engineering-roadmap-20260820,feature/uc2000-ve-sms-browser-audit,fix/restore-websocket-registrations,revert-37-arena/019ffd78-pro-v1"
RED_Ultimate_V1-main/RED_Ultimate/red-app/src/main/java/com/red/sovereign/features/sms/SmsChatScreen.kt,30,"arena/019fe8fa-pro-v1,arena/019fe9e3-pro-v1,arena/019ff019-pro-v1,arena/019ff06b-pro-v1,arena/019ff085-pro-v1,arena/019ff0c7-pro-v1,arena/019ff146-pro-v1,arena/019ff178-pro-v1,arena/019ff1f9-pro-v1,arena/019ff215-pro-v1,arena/019ff237-pro-v1,arena/019ff422-pro-v1,arena/019ff82d-pro-v1,arena/019ff859-pro-v1,arena/019ff8b4-pro-v1,arena/019ff8c7-pro-v1,arena/019ff8f2-pro-v1,arena/019ffce9-pro-v1,arena/019ffd78-pro-v1,arena/019ffe92-pro-v1,arena/019ffece-pro-v1,arena/019fffd5-pro-v1,arena/01a0064f-pro-v1,arena/01a00f9e-pro-v1,chore/platform-rebuild-baseline,feat/admin-social-management,feat/red-engineering-roadmap-20260820,feature/uc2000-ve-sms-browser-audit,fix/restore-websocket-registrations,revert-37-arena/019ffd78-pro-v1"
RED_Ultimate_V1-main/RED_Ultimate/red-app/src/main/java/com/red/sovereign/features/sms/SmsConversationsScreen.kt,30,"arena/019fe8fa-pro-v1,arena/019fe9e3-pro-v1,arena/019ff019-pro-v1,arena/019ff06b-pro-v1,arena/019ff085-pro-v1,arena/019ff0c7-pro-v1,arena/019ff146-pro-v1,arena/019ff178-pro-v1,arena/019ff1f9-pro-v1,arena/019ff215-pro-v1,arena/019ff237-pro-v1,arena/019ff422-pro-v1,arena/019ff82d-pro-v1,arena/019ff859-pro-v1,arena/019ff8b4-pro-v1,arena/019ff8c7-pro-v1,arena/019ff8f2-pro-v1,arena/019ffce9-pro-v1,arena/019ffd78-pro-v1,arena/019ffe92-pro-v1,arena/019ffece-pro-v1,arena/019fffd5-pro-v1,arena/01a0064f-pro-v1,arena/01a00f9e-pro-v1,chore/platform-rebuild-baseline,feat/admin-social-management,feat/red-engineering-roadmap-20260820,feature/uc2000-ve-sms-browser-audit,fix/restore-websocket-registrations,revert-37-arena/019ffd78-pro-v1"
RED_Ultimate_V1-main/RED_Ultimate/red-app/src/main/java/com/red/sovereign/features/sms/SmsModels.kt,30,"arena/019fe8fa-pro-v1,arena/019fe9e3-pro-v1,arena/019ff019-pro-v1,arena/019ff06b-pro-v1,arena/019ff085-pro-v1,arena/019ff0c7-pro-v1,arena/019ff146-pro-v1,arena/019ff178-pro-v1,arena/019ff1f9-pro-v1,arena/019ff215-pro-v1,arena/019ff237-pro-v1,arena/019ff422-pro-v1,arena/019ff82d-pro-v1,arena/019ff859-pro-v1,arena/019ff8b4-pro-v1,arena/019ff8c7-pro-v1,arena/019ff8f2-pro-v1,arena/019ffce9-pro-v1,arena/019ffd78-pro-v1,arena/019ffe92-pro-v1,arena/019ffece-pro-v1,arena/019fffd5-pro-v1,arena/01a0064f-pro-v1,arena/01a00f9e-pro-v1,chore/platform-rebuild-baseline,feat/admin-social-management,feat/red-engineering-roadmap-20260820,feature/uc2000-ve-sms-browser-audit,fix/restore-websocket-registrations,revert-37-arena/019ffd78-pro-v1"
RED_Ultimate_V1-main/RED_Ultimate/red-app/src/main/java/com/red/sovereign/features/sms/SmsViewModel.kt,30,"arena/019fe8fa-pro-v1,arena/019fe9e3-pro-v1,arena/019ff019-pro-v1,arena/019ff06b-pro-v1,arena/019ff085-pro-v1,arena/019ff0c7-pro-v1,arena/019ff146-pro-v1,arena/019ff178-pro-v1,arena/019ff1f9-pro-v1,arena/019ff215-pro-v1,arena/019ff237-pro-v1,arena/019ff422-pro-v1,arena/019ff82d-pro-v1,arena/019ff859-pro-v1,arena/019ff8b4-pro-v1,arena/019ff8c7-pro-v1,arena/019ff8f2-pro-v1,arena/019ffce9-pro-v1,arena/019ffd78-pro-v1,arena/019ffe92-pro-v1,arena/019ffece-pro-v1,arena/019fffd5-pro-v1,arena/01a0064f-pro-v1,arena/01a00f9e-pro-v1,chore/platform-rebuild-baseline,feat/admin-social-management,feat/red-engineering-roadmap-20260820,feature/uc2000-ve-sms-browser-audit,fix/restore-websocket-registrations,revert-37-arena/019ffd78-pro-v1"
RED_Ultimate_V1-main/RED_Ultimate/red-app/src/main/java/com/red/sovereign/hardware/DinstarHardwareService.kt,30,"arena/019fe8fa-pro-v1,arena/019fe9e3-pro-v1,arena/019ff019-pro-v1,arena/019ff06b-pro-v1,arena/019ff085-pro-v1,arena/019ff0c7-pro-v1,arena/019ff146-pro-v1,arena/019ff178-pro-v1,arena/019ff1f9-pro-v1,arena/019ff215-pro-v1,arena/019ff237-pro-v1,arena/019ff422-pro-v1,arena/019ff82d-pro-v1,arena/019ff859-pro-v1,arena/019ff8b4-pro-v1,arena/019ff8c7-pro-v1,arena/019ff8f2-pro-v1,arena/019ffce9-pro-v1,arena/019ffd78-pro-v1,arena/019ffe92-pro-v1,arena/019ffece-pro-v1,arena/019fffd5-pro-v1,arena/01a0064f-pro-v1,arena/01a00f9e-pro-v1,chore/platform-rebuild-baseline,feat/admin-social-management,feat/red-engineering-roadmap-20260820,feature/uc2000-ve-sms-browser-audit,fix/restore-websocket-registrations,revert-37-arena/019ffd78-pro-v1"
RED_Ultimate_V1-main/RED_Ultimate/red-app/src/main/java/com/red/sovereign/hardware/DinstarLoadBalancer.kt,30,"arena/019fe8fa-pro-v1,arena/019fe9e3-pro-v1,arena/019ff019-pro-v1,arena/019ff06b-pro-v1,arena/019ff085-pro-v1,arena/019ff0c7-pro-v1,arena/019ff146-pro-v1,arena/019ff178-pro-v1,arena/019ff1f9-pro-v1,arena/019ff215-pro-v1,arena/019ff237-pro-v1,arena/019ff422-pro-v1,arena/019ff82d-pro-v1,arena/019ff859-pro-v1,arena/019ff8b4-pro-v1,arena/019ff8c7-pro-v1,arena/019ff8f2-pro-v1,arena/019ffce9-pro-v1,arena/019ffd78-pro-v1,arena/019ffe92-pro-v1,arena/019ffece-pro-v1,arena/019fffd5-pro-v1,arena/01a0064f-pro-v1,arena/01a00f9e-pro-v1,chore/platform-rebuild-baseline,feat/admin-social-management,feat/red-engineering-roadmap-20260820,feature/uc2000-ve-sms-browser-audit,fix/restore-websocket-registrations,revert-37-arena/019ffd78-pro-v1"
RED_Ultimate_V1-main/RED_Ultimate/red-app/src/main/java/com/red/sovereign/media/FileTypeUtil.kt,30,"arena/019fe8fa-pro-v1,arena/019fe9e3-pro-v1,arena/019ff019-pro-v1,arena/019ff06b-pro-v1,arena/019ff085-pro-v1,arena/019ff0c7-pro-v1,arena/019ff146-pro-v1,arena/019ff178-pro-v1,arena/019ff1f9-pro-v1,arena/019ff215-pro-v1,arena/019ff237-pro-v1,arena/019ff422-pro-v1,arena/019ff82d-pro-v1,arena/019ff859-pro-v1,arena/019ff8b4-pro-v1,arena/019ff8c7-pro-v1,arena/019ff8f2-pro-v1,arena/019ffce9-pro-v1,arena/019ffd78-pro-v1,arena/019ffe92-pro-v1,arena/019ffece-pro-v1,arena/019fffd5-pro-v1,arena/01a0064f-pro-v1,arena/01a00f9e-pro-v1,chore/platform-rebuild-baseline,feat/admin-social-management,feat/red-engineering-roadmap-20260820,feature/uc2000-ve-sms-browser-audit,fix/restore-websocket-registrations,revert-37-arena/019ffd78-pro-v1"
RED_Ultimate_V1-main/RED_Ultimate/red-app/src/main/java/com/red/sovereign/security/AppLockPolicy.kt,30,"arena/019fe8fa-pro-v1,arena/019fe9e3-pro-v1,arena/019ff019-pro-v1,arena/019ff06b-pro-v1,arena/019ff085-pro-v1,arena/019ff0c7-pro-v1,arena/019ff146-pro-v1,arena/019ff178-pro-v1,arena/019ff1f9-pro-v1,arena/019ff215-pro-v1,arena/019ff237-pro-v1,arena/019ff422-pro-v1,arena/019ff82d-pro-v1,arena/019ff859-pro-v1,arena/019ff8b4-pro-v1,arena/019ff8c7-pro-v1,arena/019ff8f2-pro-v1,arena/019ffce9-pro-v1,arena/019ffd78-pro-v1,arena/019ffe92-pro-v1,arena/019ffece-pro-v1,arena/019fffd5-pro-v1,arena/01a0064f-pro-v1,arena/01a00f9e-pro-v1,chore/platform-rebuild-baseline,feat/admin-social-management,feat/red-engineering-roadmap-20260820,feature/uc2000-ve-sms-browser-audit,fix/restore-websocket-registrations,revert-37-arena/019ffd78-pro-v1"
RED_Ultimate_V1-main/RED_Ultimate/red-app/src/main/java/com/red/sovereign/settings/DeviceSettingsScreen.kt,30,"arena/019fe8fa-pro-v1,arena/019fe9e3-pro-v1,arena/019ff019-pro-v1,arena/019ff06b-pro-v1,arena/019ff085-pro-v1,arena/019ff0c7-pro-v1,arena/019ff146-pro-v1,arena/019ff178-pro-v1,arena/019ff1f9-pro-v1,arena/019ff215-pro-v1,arena/019ff237-pro-v1,arena/019ff422-pro-v1,arena/019ff82d-pro-v1,arena/019ff859-pro-v1,arena/019ff8b4-pro-v1,arena/019ff8c7-pro-v1,arena/019ff8f2-pro-v1,arena/019ffce9-pro-v1,arena/019ffd78-pro-v1,arena/019ffe92-pro-v1,arena/019ffece-pro-v1,arena/019fffd5-pro-v1,arena/01a0064f-pro-v1,arena/01a00f9e-pro-v1,chore/platform-rebuild-baseline,feat/admin-social-management,feat/red-engineering-roadmap-20260820,feature/uc2000-ve-sms-browser-audit,fix/restore-websocket-registrations,revert-37-arena/019ffd78-pro-v1"
RED_Ultimate_V1-main/RED_Ultimate/red-app/src/main/java/com/red/sovereign/settings/PstnConfigScreen.kt,30,"arena/019fe8fa-pro-v1,arena/019fe9e3-pro-v1,arena/019ff019-pro-v1,arena/019ff06b-pro-v1,arena/019ff085-pro-v1,arena/019ff0c7-pro-v1,arena/019ff146-pro-v1,arena/019ff178-pro-v1,arena/019ff1f9-pro-v1,arena/019ff215-pro-v1,arena/019ff237-pro-v1,arena/019ff422-pro-v1,arena/019ff82d-pro-v1,arena/019ff859-pro-v1,arena/019ff8b4-pro-v1,arena/019ff8c7-pro-v1,arena/019ff8f2-pro-v1,arena/019ffce9-pro-v1,arena/019ffd78-pro-v1,arena/019ffe92-pro-v1,arena/019ffece-pro-v1,arena/019fffd5-pro-v1,arena/01a0064f-pro-v1,arena/01a00f9e-pro-v1,chore/platform-rebuild-baseline,feat/admin-social-management,feat/red-engineering-roadmap-20260820,feature/uc2000-ve-sms-browser-audit,fix/restore-websocket-registrations,revert-37-arena/019ffd78-pro-v1"
RED_Ultimate_V1-main/RED_Ultimate/red-app/src/main/java/com/red/sovereign/settings/SmartServerSettingsScreen.kt,30,"arena/019fe8fa-pro-v1,arena/019fe9e3-pro-v1,arena/019ff019-pro-v1,arena/019ff06b-pro-v1,arena/019ff085-pro-v1,arena/019ff0c7-pro-v1,arena/019ff146-pro-v1,arena/019ff178-pro-v1,arena/019ff1f9-pro-v1,arena/019ff215-pro-v1,arena/019ff237-pro-v1,arena/019ff422-pro-v1,arena/019ff82d-pro-v1,arena/019ff859-pro-v1,arena/019ff8b4-pro-v1,arena/019ff8c7-pro-v1,arena/019ff8f2-pro-v1,arena/019ffce9-pro-v1,arena/019ffd78-pro-v1,arena/019ffe92-pro-v1,arena/019ffece-pro-v1,arena/019fffd5-pro-v1,arena/01a0064f-pro-v1,arena/01a00f9e-pro-v1,chore/platform-rebuild-baseline,feat/admin-social-management,feat/red-engineering-roadmap-20260820,feature/uc2000-ve-sms-browser-audit,fix/restore-websocket-registrations,revert-37-arena/019ffd78-pro-v1"
RED_Ultimate_V1-main/RED_Ultimate/red-app/src/main/java/com/red/sovereign/stories/StoryCacheMapper.kt,30,"arena/019fe8fa-pro-v1,arena/019fe9e3-pro-v1,arena/019ff019-pro-v1,arena/019ff06b-pro-v1,arena/019ff085-pro-v1,arena/019ff0c7-pro-v1,arena/019ff146-pro-v1,arena/019ff178-pro-v1,arena/019ff1f9-pro-v1,arena/019ff215-pro-v1,arena/019ff237-pro-v1,arena/019ff422-pro-v1,arena/019ff82d-pro-v1,arena/019ff859-pro-v1,arena/019ff8b4-pro-v1,arena/019ff8c7-pro-v1,arena/019ff8f2-pro-v1,arena/019ffce9-pro-v1,arena/019ffd78-pro-v1,arena/019ffe92-pro-v1,arena/019ffece-pro-v1,arena/019fffd5-pro-v1,arena/01a0064f-pro-v1,arena/01a00f9e-pro-v1,chore/platform-rebuild-baseline,feat/admin-social-management,feat/red-engineering-roadmap-20260820,feature/uc2000-ve-sms-browser-audit,fix/restore-websocket-registrations,revert-37-arena/019ffd78-pro-v1"
RED_Ultimate_V1-main/RED_Ultimate/red-app/src/main/java/com/red/sovereign/stories/StoryPresentation.kt,30,"arena/019fe8fa-pro-v1,arena/019fe9e3-pro-v1,arena/019ff019-pro-v1,arena/019ff06b-pro-v1,arena/019ff085-pro-v1,arena/019ff0c7-pro-v1,arena/019ff146-pro-v1,arena/019ff178-pro-v1,arena/019ff1f9-pro-v1,arena/019ff215-pro-v1,arena/019ff237-pro-v1,arena/019ff422-pro-v1,arena/019ff82d-pro-v1,arena/019ff859-pro-v1,arena/019ff8b4-pro-v1,arena/019ff8c7-pro-v1,arena/019ff8f2-pro-v1,arena/019ffce9-pro-v1,arena/019ffd78-pro-v1,arena/019ffe92-pro-v1,arena/019ffece-pro-v1,arena/019fffd5-pro-v1,arena/01a0064f-pro-v1,arena/01a00f9e-pro-v1,chore/platform-rebuild-baseline,feat/admin-social-management,feat/red-engineering-roadmap-20260820,feature/uc2000-ve-sms-browser-audit,fix/restore-websocket-registrations,revert-37-arena/019ffd78-pro-v1"
RED_Ultimate_V1-main/RED_Ultimate/red-app/src/main/java/com/red/sovereign/ui/MainSection.kt,30,"arena/019fe8fa-pro-v1,arena/019fe9e3-pro-v1,arena/019ff019-pro-v1,arena/019ff06b-pro-v1,arena/019ff085-pro-v1,arena/019ff0c7-pro-v1,arena/019ff146-pro-v1,arena/019ff178-pro-v1,arena/019ff1f9-pro-v1,arena/019ff215-pro-v1,arena/019ff237-pro-v1,arena/019ff422-pro-v1,arena/019ff82d-pro-v1,arena/019ff859-pro-v1,arena/019ff8b4-pro-v1,arena/019ff8c7-pro-v1,arena/019ff8f2-pro-v1,arena/019ffce9-pro-v1,arena/019ffd78-pro-v1,arena/019ffe92-pro-v1,arena/019ffece-pro-v1,arena/019fffd5-pro-v1,arena/01a0064f-pro-v1,arena/01a00f9e-pro-v1,chore/platform-rebuild-baseline,feat/admin-social-management,feat/red-engineering-roadmap-20260820,feature/uc2000-ve-sms-browser-audit,fix/restore-websocket-registrations,revert-37-arena/019ffd78-pro-v1"
RED_Ultimate_V1-main/RED_Ultimate/red-app/src/main/java/com/red/sovereign/ui/components/PstnStatusIndicator.kt,30,"arena/019fe8fa-pro-v1,arena/019fe9e3-pro-v1,arena/019ff019-pro-v1,arena/019ff06b-pro-v1,arena/019ff085-pro-v1,arena/019ff0c7-pro-v1,arena/019ff146-pro-v1,arena/019ff178-pro-v1,arena/019ff1f9-pro-v1,arena/019ff215-pro-v1,arena/019ff237-pro-v1,arena/019ff422-pro-v1,arena/019ff82d-pro-v1,arena/019ff859-pro-v1,arena/019ff8b4-pro-v1,arena/019ff8c7-pro-v1,arena/019ff8f2-pro-v1,arena/019ffce9-pro-v1,arena/019ffd78-pro-v1,arena/019ffe92-pro-v1,arena/019ffece-pro-v1,arena/019fffd5-pro-v1,arena/01a0064f-pro-v1,arena/01a00f9e-pro-v1,chore/platform-rebuild-baseline,feat/admin-social-management,feat/red-engineering-roadmap-20260820,feature/uc2000-ve-sms-browser-audit,fix/restore-websocket-registrations,revert-37-arena/019ffd78-pro-v1"
RED_Ultimate_V1-main/RED_Ultimate/red-app/src/main/java/com/red/sovereign/ui/components/SovereignChatStates.kt,30,"arena/019fe8fa-pro-v1,arena/019fe9e3-pro-v1,arena/019ff019-pro-v1,arena/019ff06b-pro-v1,arena/019ff085-pro-v1,arena/019ff0c7-pro-v1,arena/019ff146-pro-v1,arena/019ff178-pro-v1,arena/019ff1f9-pro-v1,arena/019ff215-pro-v1,arena/019ff237-pro-v1,arena/019ff422-pro-v1,arena/019ff82d-pro-v1,arena/019ff859-pro-v1,arena/019ff8b4-pro-v1,arena/019ff8c7-pro-v1,arena/019ff8f2-pro-v1,arena/019ffce9-pro-v1,arena/019ffd78-pro-v1,arena/019ffe92-pro-v1,arena/019ffece-pro-v1,arena/019fffd5-pro-v1,arena/01a0064f-pro-v1,arena/01a00f9e-pro-v1,chore/platform-rebuild-baseline,feat/admin-social-management,feat/red-engineering-roadmap-20260820,feature/uc2000-ve-sms-browser-audit,fix/restore-websocket-registrations,revert-37-arena/019ffd78-pro-v1"
RED_Ultimate_V1-main/RED_Ultimate/red-app/src/main/java/com/red/sovereign/ui/screens/ActiveCallScreen.kt,30,"arena/019fe8fa-pro-v1,arena/019fe9e3-pro-v1,arena/019ff019-pro-v1,arena/019ff06b-pro-v1,arena/019ff085-pro-v1,arena/019ff0c7-pro-v1,arena/019ff146-pro-v1,arena/019ff178-pro-v1,arena/019ff1f9-pro-v1,arena/019ff215-pro-v1,arena/019ff237-pro-v1,arena/019ff422-pro-v1,arena/019ff82d-pro-v1,arena/019ff859-pro-v1,arena/019ff8b4-pro-v1,arena/019ff8c7-pro-v1,arena/019ff8f2-pro-v1,arena/019ffce9-pro-v1,arena/019ffd78-pro-v1,arena/019ffe92-pro-v1,arena/019ffece-pro-v1,arena/019fffd5-pro-v1,arena/01a0064f-pro-v1,arena/01a00f9e-pro-v1,chore/platform-rebuild-baseline,feat/admin-social-management,feat/red-engineering-roadmap-20260820,feature/uc2000-ve-sms-browser-audit,fix/restore-websocket-registrations,revert-37-arena/019ffd78-pro-v1"
RED_Ultimate_V1-main/RED_Ultimate/red-app/src/main/java/com/red/sovereign/ui/screens/ChatScrollPolicy.kt,30,"arena/019fe8fa-pro-v1,arena/019fe9e3-pro-v1,arena/019ff019-pro-v1,arena/019ff06b-pro-v1,arena/019ff085-pro-v1,arena/019ff0c7-pro-v1,arena/019ff146-pro-v1,arena/019ff178-pro-v1,arena/019ff1f9-pro-v1,arena/019ff215-pro-v1,arena/019ff237-pro-v1,arena/019ff422-pro-v1,arena/019ff82d-pro-v1,arena/019ff859-pro-v1,arena/019ff8b4-pro-v1,arena/019ff8c7-pro-v1,arena/019ff8f2-pro-v1,arena/019ffce9-pro-v1,arena/019ffd78-pro-v1,arena/019ffe92-pro-v1,arena/019ffece-pro-v1,arena/019fffd5-pro-v1,arena/01a0064f-pro-v1,arena/01a00f9e-pro-v1,chore/platform-rebuild-baseline,feat/admin-social-management,feat/red-engineering-roadmap-20260820,feature/uc2000-ve-sms-browser-audit,fix/restore-websocket-registrations,revert-37-arena/019ffd78-pro-v1"
RED_Ultimate_V1-main/RED_Ultimate/red-app/src/main/java/com/red/sovereign/ui/screens/ChatThreadScreen.kt,30,"arena/019fe8fa-pro-v1,arena/019fe9e3-pro-v1,arena/019ff019-pro-v1,arena/019ff06b-pro-v1,arena/019ff085-pro-v1,arena/019ff0c7-pro-v1,arena/019ff146-pro-v1,arena/019ff178-pro-v1,arena/019ff1f9-pro-v1,arena/019ff215-pro-v1,arena/019ff237-pro-v1,arena/019ff422-pro-v1,arena/019ff82d-pro-v1,arena/019ff859-pro-v1,arena/019ff8b4-pro-v1,arena/019ff8c7-pro-v1,arena/019ff8f2-pro-v1,arena/019ffce9-pro-v1,arena/019ffd78-pro-v1,arena/019ffe92-pro-v1,arena/019ffece-pro-v1,arena/019fffd5-pro-v1,arena/01a0064f-pro-v1,arena/01a00f9e-pro-v1,chore/platform-rebuild-baseline,feat/admin-social-management,feat/red-engineering-roadmap-20260820,feature/uc2000-ve-sms-browser-audit,fix/restore-websocket-registrations,revert-37-arena/019ffd78-pro-v1"
RED_Ultimate_V1-main/RED_Ultimate/red-app/src/main/java/com/red/sovereign/ui/screens/ProfileSettingsScreen.kt,30,"arena/019fe8fa-pro-v1,arena/019fe9e3-pro-v1,arena/019ff019-pro-v1,arena/019ff06b-pro-v1,arena/019ff085-pro-v1,arena/019ff0c7-pro-v1,arena/019ff146-pro-v1,arena/019ff178-pro-v1,arena/019ff1f9-pro-v1,arena/019ff215-pro-v1,arena/019ff237-pro-v1,arena/019ff422-pro-v1,arena/019ff82d-pro-v1,arena/019ff859-pro-v1,arena/019ff8b4-pro-v1,arena/019ff8c7-pro-v1,arena/019ff8f2-pro-v1,arena/019ffce9-pro-v1,arena/019ffd78-pro-v1,arena/019ffe92-pro-v1,arena/019ffece-pro-v1,arena/019fffd5-pro-v1,arena/01a0064f-pro-v1,arena/01a00f9e-pro-v1,chore/platform-rebuild-baseline,feat/admin-social-management,feat/red-engineering-roadmap-20260820,feature/uc2000-ve-sms-browser-audit,fix/restore-websocket-registrations,revert-37-arena/019ffd78-pro-v1"
RED_Ultimate_V1-main/RED_Ultimate/red-app/src/main/java/com/red/sovereign/util/QrCodeGenerator.kt,30,"arena/019fe8fa-pro-v1,arena/019fe9e3-pro-v1,arena/019ff019-pro-v1,arena/019ff06b-pro-v1,arena/019ff085-pro-v1,arena/019ff0c7-pro-v1,arena/019ff146-pro-v1,arena/019ff178-pro-v1,arena/019ff1f9-pro-v1,arena/019ff215-pro-v1,arena/019ff237-pro-v1,arena/019ff422-pro-v1,arena/019ff82d-pro-v1,arena/019ff859-pro-v1,arena/019ff8b4-pro-v1,arena/019ff8c7-pro-v1,arena/019ff8f2-pro-v1,arena/019ffce9-pro-v1,arena/019ffd78-pro-v1,arena/019ffe92-pro-v1,arena/019ffece-pro-v1,arena/019fffd5-pro-v1,arena/01a0064f-pro-v1,arena/01a00f9e-pro-v1,chore/platform-rebuild-baseline,feat/admin-social-management,feat/red-engineering-roadmap-20260820,feature/uc2000-ve-sms-browser-audit,fix/restore-websocket-registrations,revert-37-arena/019ffd78-pro-v1"
RED_Ultimate_V1-main/RED_Ultimate/red-app/src/main/java/com/red/sovereign/workers/AuthRefreshWorker.kt,30,"arena/019fe8fa-pro-v1,arena/019fe9e3-pro-v1,arena/019ff019-pro-v1,arena/019ff06b-pro-v1,arena/019ff085-pro-v1,arena/019ff0c7-pro-v1,arena/019ff146-pro-v1,arena/019ff178-pro-v1,arena/019ff1f9-pro-v1,arena/019ff215-pro-v1,arena/019ff237-pro-v1,arena/019ff422-pro-v1,arena/019ff82d-pro-v1,arena/019ff859-pro-v1,arena/019ff8b4-pro-v1,arena/019ff8c7-pro-v1,arena/019ff8f2-pro-v1,arena/019ffce9-pro-v1,arena/019ffd78-pro-v1,arena/019ffe92-pro-v1,arena/019ffece-pro-v1,arena/019fffd5-pro-v1,arena/01a0064f-pro-v1,arena/01a00f9e-pro-v1,chore/platform-rebuild-baseline,feat/admin-social-management,feat/red-engineering-roadmap-20260820,feature/uc2000-ve-sms-browser-audit,fix/restore-websocket-registrations,revert-37-arena/019ffd78-pro-v1"
RED_Ultimate_V1-main/RED_Ultimate/red-app/src/main/res/drawable/ic_stat_call.xml,30,"arena/019fe8fa-pro-v1,arena/019fe9e3-pro-v1,arena/019ff019-pro-v1,arena/019ff06b-pro-v1,arena/019ff085-pro-v1,arena/019ff0c7-pro-v1,arena/019ff146-pro-v1,arena/019ff178-pro-v1,arena/019ff1f9-pro-v1,arena/019ff215-pro-v1,arena/019ff237-pro-v1,arena/019ff422-pro-v1,arena/019ff82d-pro-v1,arena/019ff859-pro-v1,arena/019ff8b4-pro-v1,arena/019ff8c7-pro-v1,arena/019ff8f2-pro-v1,arena/019ffce9-pro-v1,arena/019ffd78-pro-v1,arena/019ffe92-pro-v1,arena/019ffece-pro-v1,arena/019fffd5-pro-v1,arena/01a0064f-pro-v1,arena/01a00f9e-pro-v1,chore/platform-rebuild-baseline,feat/admin-social-management,feat/red-engineering-roadmap-20260820,feature/uc2000-ve-sms-browser-audit,fix/restore-websocket-registrations,revert-37-arena/019ffd78-pro-v1"
RED_Ultimate_V1-main/RED_Ultimate/red-app/src/main/res/values/attrs.xml,30,"arena/019fe8fa-pro-v1,arena/019fe9e3-pro-v1,arena/019ff019-pro-v1,arena/019ff06b-pro-v1,arena/019ff085-pro-v1,arena/019ff0c7-pro-v1,arena/019ff146-pro-v1,arena/019ff178-pro-v1,arena/019ff1f9-pro-v1,arena/019ff215-pro-v1,arena/019ff237-pro-v1,arena/019ff422-pro-v1,arena/019ff82d-pro-v1,arena/019ff859-pro-v1,arena/019ff8b4-pro-v1,arena/019ff8c7-pro-v1,arena/019ff8f2-pro-v1,arena/019ffce9-pro-v1,arena/019ffd78-pro-v1,arena/019ffe92-pro-v1,arena/019ffece-pro-v1,arena/019fffd5-pro-v1,arena/01a0064f-pro-v1,arena/01a00f9e-pro-v1,chore/platform-rebuild-baseline,feat/admin-social-management,feat/red-engineering-roadmap-20260820,feature/uc2000-ve-sms-browser-audit,fix/restore-websocket-registrations,revert-37-arena/019ffd78-pro-v1"
RED_Ultimate_V1-main/RED_Ultimate/red-app/src/test/java/com/red/sovereign/calls/CallCleanupGuardTest.kt,30,"arena/019fe8fa-pro-v1,arena/019fe9e3-pro-v1,arena/019ff019-pro-v1,arena/019ff06b-pro-v1,arena/019ff085-pro-v1,arena/019ff0c7-pro-v1,arena/019ff146-pro-v1,arena/019ff178-pro-v1,arena/019ff1f9-pro-v1,arena/019ff215-pro-v1,arena/019ff237-pro-v1,arena/019ff422-pro-v1,arena/019ff82d-pro-v1,arena/019ff859-pro-v1,arena/019ff8b4-pro-v1,arena/019ff8c7-pro-v1,arena/019ff8f2-pro-v1,arena/019ffce9-pro-v1,arena/019ffd78-pro-v1,arena/019ffe92-pro-v1,arena/019ffece-pro-v1,arena/019fffd5-pro-v1,arena/01a0064f-pro-v1,arena/01a00f9e-pro-v1,chore/platform-rebuild-baseline,feat/admin-social-management,feat/red-engineering-roadmap-20260820,feature/uc2000-ve-sms-browser-audit,fix/restore-websocket-registrations,revert-37-arena/019ffd78-pro-v1"
RED_Ultimate_V1-main/RED_Ultimate/red-app/src/test/java/com/red/sovereign/calls/CallEndUiReturnPolicyTest.kt,30,"arena/019fe8fa-pro-v1,arena/019fe9e3-pro-v1,arena/019ff019-pro-v1,arena/019ff06b-pro-v1,arena/019ff085-pro-v1,arena/019ff0c7-pro-v1,arena/019ff146-pro-v1,arena/019ff178-pro-v1,arena/019ff1f9-pro-v1,arena/019ff215-pro-v1,arena/019ff237-pro-v1,arena/019ff422-pro-v1,arena/019ff82d-pro-v1,arena/019ff859-pro-v1,arena/019ff8b4-pro-v1,arena/019ff8c7-pro-v1,arena/019ff8f2-pro-v1,arena/019ffce9-pro-v1,arena/019ffd78-pro-v1,arena/019ffe92-pro-v1,arena/019ffece-pro-v1,arena/019fffd5-pro-v1,arena/01a0064f-pro-v1,arena/01a00f9e-pro-v1,chore/platform-rebuild-baseline,feat/admin-social-management,feat/red-engineering-roadmap-20260820,feature/uc2000-ve-sms-browser-audit,fix/restore-websocket-registrations,revert-37-arena/019ffd78-pro-v1"
RED_Ultimate_V1-main/RED_Ultimate/red-app/src/test/java/com/red/sovereign/calls/CallMediaKindPolicyTest.kt,30,"arena/019fe8fa-pro-v1,arena/019fe9e3-pro-v1,arena/019ff019-pro-v1,arena/019ff06b-pro-v1,arena/019ff085-pro-v1,arena/019ff0c7-pro-v1,arena/019ff146-pro-v1,arena/019ff178-pro-v1,arena/019ff1f9-pro-v1,arena/019ff215-pro-v1,arena/019ff237-pro-v1,arena/019ff422-pro-v1,arena/019ff82d-pro-v1,arena/019ff859-pro-v1,arena/019ff8b4-pro-v1,arena/019ff8c7-pro-v1,arena/019ff8f2-pro-v1,arena/019ffce9-pro-v1,arena/019ffd78-pro-v1,arena/019ffe92-pro-v1,arena/019ffece-pro-v1,arena/019fffd5-pro-v1,arena/01a0064f-pro-v1,arena/01a00f9e-pro-v1,chore/platform-rebuild-baseline,feat/admin-social-management,feat/red-engineering-roadmap-20260820,feature/uc2000-ve-sms-browser-audit,fix/restore-websocket-registrations,revert-37-arena/019ffd78-pro-v1"
RED_Ultimate_V1-main/RED_Ultimate/red-app/src/test/java/com/red/sovereign/calls/CallSignalPositionalContractTest.kt,30,"arena/019fe8fa-pro-v1,arena/019fe9e3-pro-v1,arena/019ff019-pro-v1,arena/019ff06b-pro-v1,arena/019ff085-pro-v1,arena/019ff0c7-pro-v1,arena/019ff146-pro-v1,arena/019ff178-pro-v1,arena/019ff1f9-pro-v1,arena/019ff215-pro-v1,arena/019ff237-pro-v1,arena/019ff422-pro-v1,arena/019ff82d-pro-v1,arena/019ff859-pro-v1,arena/019ff8b4-pro-v1,arena/019ff8c7-pro-v1,arena/019ff8f2-pro-v1,arena/019ffce9-pro-v1,arena/019ffd78-pro-v1,arena/019ffe92-pro-v1,arena/019ffece-pro-v1,arena/019fffd5-pro-v1,arena/01a0064f-pro-v1,arena/01a00f9e-pro-v1,chore/platform-rebuild-baseline,feat/admin-social-management,feat/red-engineering-roadmap-20260820,feature/uc2000-ve-sms-browser-audit,fix/restore-websocket-registrations,revert-37-arena/019ffd78-pro-v1"
RED_Ultimate_V1-main/RED_Ultimate/red-app/src/test/java/com/red/sovereign/calls/CallSystemSurfacePolicyTest.kt,30,"arena/019fe8fa-pro-v1,arena/019fe9e3-pro-v1,arena/019ff019-pro-v1,arena/019ff06b-pro-v1,arena/019ff085-pro-v1,arena/019ff0c7-pro-v1,arena/019ff146-pro-v1,arena/019ff178-pro-v1,arena/019ff1f9-pro-v1,arena/019ff215-pro-v1,arena/019ff237-pro-v1,arena/019ff422-pro-v1,arena/019ff82d-pro-v1,arena/019ff859-pro-v1,arena/019ff8b4-pro-v1,arena/019ff8c7-pro-v1,arena/019ff8f2-pro-v1,arena/019ffce9-pro-v1,arena/019ffd78-pro-v1,arena/019ffe92-pro-v1,arena/019ffece-pro-v1,arena/019fffd5-pro-v1,arena/01a0064f-pro-v1,arena/01a00f9e-pro-v1,chore/platform-rebuild-baseline,feat/admin-social-management,feat/red-engineering-roadmap-20260820,feature/uc2000-ve-sms-browser-audit,fix/restore-websocket-registrations,revert-37-arena/019ffd78-pro-v1"
RED_Ultimate_V1-main/RED_Ultimate/red-app/src/test/java/com/red/sovereign/calls/IncomingCallUiPolicyTest.kt,30,"arena/019fe8fa-pro-v1,arena/019fe9e3-pro-v1,arena/019ff019-pro-v1,arena/019ff06b-pro-v1,arena/019ff085-pro-v1,arena/019ff0c7-pro-v1,arena/019ff146-pro-v1,arena/019ff178-pro-v1,arena/019ff1f9-pro-v1,arena/019ff215-pro-v1,arena/019ff237-pro-v1,arena/019ff422-pro-v1,arena/019ff82d-pro-v1,arena/019ff859-pro-v1,arena/019ff8b4-pro-v1,arena/019ff8c7-pro-v1,arena/019ff8f2-pro-v1,arena/019ffce9-pro-v1,arena/019ffd78-pro-v1,arena/019ffe92-pro-v1,arena/019ffece-pro-v1,arena/019fffd5-pro-v1,arena/01a0064f-pro-v1,arena/01a00f9e-pro-v1,chore/platform-rebuild-baseline,feat/admin-social-management,feat/red-engineering-roadmap-20260820,feature/uc2000-ve-sms-browser-audit,fix/restore-websocket-registrations,revert-37-arena/019ffd78-pro-v1"
RED_Ultimate_V1-main/RED_Ultimate/red-app/src/test/java/com/red/sovereign/calls/OutgoingOfferStartPolicyTest.kt,30,"arena/019fe8fa-pro-v1,arena/019fe9e3-pro-v1,arena/019ff019-pro-v1,arena/019ff06b-pro-v1,arena/019ff085-pro-v1,arena/019ff0c7-pro-v1,arena/019ff146-pro-v1,arena/019ff178-pro-v1,arena/019ff1f9-pro-v1,arena/019ff215-pro-v1,arena/019ff237-pro-v1,arena/019ff422-pro-v1,arena/019ff82d-pro-v1,arena/019ff859-pro-v1,arena/019ff8b4-pro-v1,arena/019ff8c7-pro-v1,arena/019ff8f2-pro-v1,arena/019ffce9-pro-v1,arena/019ffd78-pro-v1,arena/019ffe92-pro-v1,arena/019ffece-pro-v1,arena/019fffd5-pro-v1,arena/01a0064f-pro-v1,arena/01a00f9e-pro-v1,chore/platform-rebuild-baseline,feat/admin-social-management,feat/red-engineering-roadmap-20260820,feature/uc2000-ve-sms-browser-audit,fix/restore-websocket-registrations,revert-37-arena/019ffd78-pro-v1"
RED_Ultimate_V1-main/RED_Ultimate/red-app/src/test/java/com/red/sovereign/calls/PendingCallSignalQueueTest.kt,30,"arena/019fe8fa-pro-v1,arena/019fe9e3-pro-v1,arena/019ff019-pro-v1,arena/019ff06b-pro-v1,arena/019ff085-pro-v1,arena/019ff0c7-pro-v1,arena/019ff146-pro-v1,arena/019ff178-pro-v1,arena/019ff1f9-pro-v1,arena/019ff215-pro-v1,arena/019ff237-pro-v1,arena/019ff422-pro-v1,arena/019ff82d-pro-v1,arena/019ff859-pro-v1,arena/019ff8b4-pro-v1,arena/019ff8c7-pro-v1,arena/019ff8f2-pro-v1,arena/019ffce9-pro-v1,arena/019ffd78-pro-v1,arena/019ffe92-pro-v1,arena/019ffece-pro-v1,arena/019fffd5-pro-v1,arena/01a0064f-pro-v1,arena/01a00f9e-pro-v1,chore/platform-rebuild-baseline,feat/admin-social-management,feat/red-engineering-roadmap-20260820,feature/uc2000-ve-sms-browser-audit,fix/restore-websocket-registrations,revert-37-arena/019ffd78-pro-v1"
RED_Ultimate_V1-main/RED_Ultimate/red-app/src/test/java/com/red/sovereign/calls/RealtimeCallDeliveryPolicyTest.kt,30,"arena/019fe8fa-pro-v1,arena/019fe9e3-pro-v1,arena/019ff019-pro-v1,arena/019ff06b-pro-v1,arena/019ff085-pro-v1,arena/019ff0c7-pro-v1,arena/019ff146-pro-v1,arena/019ff178-pro-v1,arena/019ff1f9-pro-v1,arena/019ff215-pro-v1,arena/019ff237-pro-v1,arena/019ff422-pro-v1,arena/019ff82d-pro-v1,arena/019ff859-pro-v1,arena/019ff8b4-pro-v1,arena/019ff8c7-pro-v1,arena/019ff8f2-pro-v1,arena/019ffce9-pro-v1,arena/019ffd78-pro-v1,arena/019ffe92-pro-v1,arena/019ffece-pro-v1,arena/019fffd5-pro-v1,arena/01a0064f-pro-v1,arena/01a00f9e-pro-v1,chore/platform-rebuild-baseline,feat/admin-social-management,feat/red-engineering-roadmap-20260820,feature/uc2000-ve-sms-browser-audit,fix/restore-websocket-registrations,revert-37-arena/019ffd78-pro-v1"
RED_Ultimate_V1-main/RED_Ultimate/red-app/src/test/java/com/red/sovereign/calls/SignalingSocketEpochTest.kt,30,"arena/019fe8fa-pro-v1,arena/019fe9e3-pro-v1,arena/019ff019-pro-v1,arena/019ff06b-pro-v1,arena/019ff085-pro-v1,arena/019ff0c7-pro-v1,arena/019ff146-pro-v1,arena/019ff178-pro-v1,arena/019ff1f9-pro-v1,arena/019ff215-pro-v1,arena/019ff237-pro-v1,arena/019ff422-pro-v1,arena/019ff82d-pro-v1,arena/019ff859-pro-v1,arena/019ff8b4-pro-v1,arena/019ff8c7-pro-v1,arena/019ff8f2-pro-v1,arena/019ffce9-pro-v1,arena/019ffd78-pro-v1,arena/019ffe92-pro-v1,arena/019ffece-pro-v1,arena/019fffd5-pro-v1,arena/01a0064f-pro-v1,arena/01a00f9e-pro-v1,chore/platform-rebuild-baseline,feat/admin-social-management,feat/red-engineering-roadmap-20260820,feature/uc2000-ve-sms-browser-audit,fix/restore-websocket-registrations,revert-37-arena/019ffd78-pro-v1"
RED_Ultimate_V1-main/RED_Ultimate/red-app/src/test/java/com/red/sovereign/calls/SipDigestAuthTest.kt,30,"arena/019fe8fa-pro-v1,arena/019fe9e3-pro-v1,arena/019ff019-pro-v1,arena/019ff06b-pro-v1,arena/019ff085-pro-v1,arena/019ff0c7-pro-v1,arena/019ff146-pro-v1,arena/019ff178-pro-v1,arena/019ff1f9-pro-v1,arena/019ff215-pro-v1,arena/019ff237-pro-v1,arena/019ff422-pro-v1,arena/019ff82d-pro-v1,arena/019ff859-pro-v1,arena/019ff8b4-pro-v1,arena/019ff8c7-pro-v1,arena/019ff8f2-pro-v1,arena/019ffce9-pro-v1,arena/019ffd78-pro-v1,arena/019ffe92-pro-v1,arena/019ffece-pro-v1,arena/019fffd5-pro-v1,arena/01a0064f-pro-v1,arena/01a00f9e-pro-v1,chore/platform-rebuild-baseline,feat/admin-social-management,feat/red-engineering-roadmap-20260820,feature/uc2000-ve-sms-browser-audit,fix/restore-websocket-registrations,revert-37-arena/019ffd78-pro-v1"
RED_Ultimate_V1-main/RED_Ultimate/red-app/src/test/java/com/red/sovereign/calls/TelecomDisconnectGuardTest.kt,30,"arena/019fe8fa-pro-v1,arena/019fe9e3-pro-v1,arena/019ff019-pro-v1,arena/019ff06b-pro-v1,arena/019ff085-pro-v1,arena/019ff0c7-pro-v1,arena/019ff146-pro-v1,arena/019ff178-pro-v1,arena/019ff1f9-pro-v1,arena/019ff215-pro-v1,arena/019ff237-pro-v1,arena/019ff422-pro-v1,arena/019ff82d-pro-v1,arena/019ff859-pro-v1,arena/019ff8b4-pro-v1,arena/019ff8c7-pro-v1,arena/019ff8f2-pro-v1,arena/019ffce9-pro-v1,arena/019ffd78-pro-v1,arena/019ffe92-pro-v1,arena/019ffece-pro-v1,arena/019fffd5-pro-v1,arena/01a0064f-pro-v1,arena/01a00f9e-pro-v1,chore/platform-rebuild-baseline,feat/admin-social-management,feat/red-engineering-roadmap-20260820,feature/uc2000-ve-sms-browser-audit,fix/restore-websocket-registrations,revert-37-arena/019ffd78-pro-v1"
RED_Ultimate_V1-main/RED_Ultimate/red-app/src/test/java/com/red/sovereign/core/RedSocketGenerationTest.kt,30,"arena/019fe8fa-pro-v1,arena/019fe9e3-pro-v1,arena/019ff019-pro-v1,arena/019ff06b-pro-v1,arena/019ff085-pro-v1,arena/019ff0c7-pro-v1,arena/019ff146-pro-v1,arena/019ff178-pro-v1,arena/019ff1f9-pro-v1,arena/019ff215-pro-v1,arena/019ff237-pro-v1,arena/019ff422-pro-v1,arena/019ff82d-pro-v1,arena/019ff859-pro-v1,arena/019ff8b4-pro-v1,arena/019ff8c7-pro-v1,arena/019ff8f2-pro-v1,arena/019ffce9-pro-v1,arena/019ffd78-pro-v1,arena/019ffe92-pro-v1,arena/019ffece-pro-v1,arena/019fffd5-pro-v1,arena/01a0064f-pro-v1,arena/01a00f9e-pro-v1,chore/platform-rebuild-baseline,feat/admin-social-management,feat/red-engineering-roadmap-20260820,feature/uc2000-ve-sms-browser-audit,fix/restore-websocket-registrations,revert-37-arena/019ffd78-pro-v1"
RED_Ultimate_V1-main/RED_Ultimate/red-app/src/test/java/com/red/sovereign/features/media/MediaLogicTest.kt,30,"arena/019fe8fa-pro-v1,arena/019fe9e3-pro-v1,arena/019ff019-pro-v1,arena/019ff06b-pro-v1,arena/019ff085-pro-v1,arena/019ff0c7-pro-v1,arena/019ff146-pro-v1,arena/019ff178-pro-v1,arena/019ff1f9-pro-v1,arena/019ff215-pro-v1,arena/019ff237-pro-v1,arena/019ff422-pro-v1,arena/019ff82d-pro-v1,arena/019ff859-pro-v1,arena/019ff8b4-pro-v1,arena/019ff8c7-pro-v1,arena/019ff8f2-pro-v1,arena/019ffce9-pro-v1,arena/019ffd78-pro-v1,arena/019ffe92-pro-v1,arena/019ffece-pro-v1,arena/019fffd5-pro-v1,arena/01a0064f-pro-v1,arena/01a00f9e-pro-v1,chore/platform-rebuild-baseline,feat/admin-social-management,feat/red-engineering-roadmap-20260820,feature/uc2000-ve-sms-browser-audit,fix/restore-websocket-registrations,revert-37-arena/019ffd78-pro-v1"
RED_Ultimate_V1-main/RED_Ultimate/red-app/src/test/java/com/red/sovereign/features/sms/PstnEventEnvelopeCodecTest.kt,30,"arena/019fe8fa-pro-v1,arena/019fe9e3-pro-v1,arena/019ff019-pro-v1,arena/019ff06b-pro-v1,arena/019ff085-pro-v1,arena/019ff0c7-pro-v1,arena/019ff146-pro-v1,arena/019ff178-pro-v1,arena/019ff1f9-pro-v1,arena/019ff215-pro-v1,arena/019ff237-pro-v1,arena/019ff422-pro-v1,arena/019ff82d-pro-v1,arena/019ff859-pro-v1,arena/019ff8b4-pro-v1,arena/019ff8c7-pro-v1,arena/019ff8f2-pro-v1,arena/019ffce9-pro-v1,arena/019ffd78-pro-v1,arena/019ffe92-pro-v1,arena/019ffece-pro-v1,arena/019fffd5-pro-v1,arena/01a0064f-pro-v1,arena/01a00f9e-pro-v1,chore/platform-rebuild-baseline,feat/admin-social-management,feat/red-engineering-roadmap-20260820,feature/uc2000-ve-sms-browser-audit,fix/restore-websocket-registrations,revert-37-arena/019ffd78-pro-v1"
RED_Ultimate_V1-main/RED_Ultimate/red-app/src/test/java/com/red/sovereign/security/AppLockPolicyTest.kt,30,"arena/019fe8fa-pro-v1,arena/019fe9e3-pro-v1,arena/019ff019-pro-v1,arena/019ff06b-pro-v1,arena/019ff085-pro-v1,arena/019ff0c7-pro-v1,arena/019ff146-pro-v1,arena/019ff178-pro-v1,arena/019ff1f9-pro-v1,arena/019ff215-pro-v1,arena/019ff237-pro-v1,arena/019ff422-pro-v1,arena/019ff82d-pro-v1,arena/019ff859-pro-v1,arena/019ff8b4-pro-v1,arena/019ff8c7-pro-v1,arena/019ff8f2-pro-v1,arena/019ffce9-pro-v1,arena/019ffd78-pro-v1,arena/019ffe92-pro-v1,arena/019ffece-pro-v1,arena/019fffd5-pro-v1,arena/01a0064f-pro-v1,arena/01a00f9e-pro-v1,chore/platform-rebuild-baseline,feat/admin-social-management,feat/red-engineering-roadmap-20260820,feature/uc2000-ve-sms-browser-audit,fix/restore-websocket-registrations,revert-37-arena/019ffd78-pro-v1"
RED_Ultimate_V1-main/RED_Ultimate/red-app/src/test/java/com/red/sovereign/stories/StoryCacheMapperTest.kt,30,"arena/019fe8fa-pro-v1,arena/019fe9e3-pro-v1,arena/019ff019-pro-v1,arena/019ff06b-pro-v1,arena/019ff085-pro-v1,arena/019ff0c7-pro-v1,arena/019ff146-pro-v1,arena/019ff178-pro-v1,arena/019ff1f9-pro-v1,arena/019ff215-pro-v1,arena/019ff237-pro-v1,arena/019ff422-pro-v1,arena/019ff82d-pro-v1,arena/019ff859-pro-v1,arena/019ff8b4-pro-v1,arena/019ff8c7-pro-v1,arena/019ff8f2-pro-v1,arena/019ffce9-pro-v1,arena/019ffd78-pro-v1,arena/019ffe92-pro-v1,arena/019ffece-pro-v1,arena/019fffd5-pro-v1,arena/01a0064f-pro-v1,arena/01a00f9e-pro-v1,chore/platform-rebuild-baseline,feat/admin-social-management,feat/red-engineering-roadmap-20260820,feature/uc2000-ve-sms-browser-audit,fix/restore-websocket-registrations,revert-37-arena/019ffd78-pro-v1"
RED_Ultimate_V1-main/RED_Ultimate/red-app/src/test/java/com/red/sovereign/stories/StoryPresentationTest.kt,30,"arena/019fe8fa-pro-v1,arena/019fe9e3-pro-v1,arena/019ff019-pro-v1,arena/019ff06b-pro-v1,arena/019ff085-pro-v1,arena/019ff0c7-pro-v1,arena/019ff146-pro-v1,arena/019ff178-pro-v1,arena/019ff1f9-pro-v1,arena/019ff215-pro-v1,arena/019ff237-pro-v1,arena/019ff422-pro-v1,arena/019ff82d-pro-v1,arena/019ff859-pro-v1,arena/019ff8b4-pro-v1,arena/019ff8c7-pro-v1,arena/019ff8f2-pro-v1,arena/019ffce9-pro-v1,arena/019ffd78-pro-v1,arena/019ffe92-pro-v1,arena/019ffece-pro-v1,arena/019fffd5-pro-v1,arena/01a0064f-pro-v1,arena/01a00f9e-pro-v1,chore/platform-rebuild-baseline,feat/admin-social-management,feat/red-engineering-roadmap-20260820,feature/uc2000-ve-sms-browser-audit,fix/restore-websocket-registrations,revert-37-arena/019ffd78-pro-v1"
RED_Ultimate_V1-main/RED_Ultimate/red-app/src/test/java/com/red/sovereign/stories/StoryRequestSerializationTest.kt,30,"arena/019fe8fa-pro-v1,arena/019fe9e3-pro-v1,arena/019ff019-pro-v1,arena/019ff06b-pro-v1,arena/019ff085-pro-v1,arena/019ff0c7-pro-v1,arena/019ff146-pro-v1,arena/019ff178-pro-v1,arena/019ff1f9-pro-v1,arena/019ff215-pro-v1,arena/019ff237-pro-v1,arena/019ff422-pro-v1,arena/019ff82d-pro-v1,arena/019ff859-pro-v1,arena/019ff8b4-pro-v1,arena/019ff8c7-pro-v1,arena/019ff8f2-pro-v1,arena/019ffce9-pro-v1,arena/019ffd78-pro-v1,arena/019ffe92-pro-v1,arena/019ffece-pro-v1,arena/019fffd5-pro-v1,arena/01a0064f-pro-v1,arena/01a00f9e-pro-v1,chore/platform-rebuild-baseline,feat/admin-social-management,feat/red-engineering-roadmap-20260820,feature/uc2000-ve-sms-browser-audit,fix/restore-websocket-registrations,revert-37-arena/019ffd78-pro-v1"
RED_Ultimate_V1-main/RED_Ultimate/red-app/src/test/java/com/red/sovereign/ui/screens/ChatScrollPolicyTest.kt,30,"arena/019fe8fa-pro-v1,arena/019fe9e3-pro-v1,arena/019ff019-pro-v1,arena/019ff06b-pro-v1,arena/019ff085-pro-v1,arena/019ff0c7-pro-v1,arena/019ff146-pro-v1,arena/019ff178-pro-v1,arena/019ff1f9-pro-v1,arena/019ff215-pro-v1,arena/019ff237-pro-v1,arena/019ff422-pro-v1,arena/019ff82d-pro-v1,arena/019ff859-pro-v1,arena/019ff8b4-pro-v1,arena/019ff8c7-pro-v1,arena/019ff8f2-pro-v1,arena/019ffce9-pro-v1,arena/019ffd78-pro-v1,arena/019ffe92-pro-v1,arena/019ffece-pro-v1,arena/019fffd5-pro-v1,arena/01a0064f-pro-v1,arena/01a00f9e-pro-v1,chore/platform-rebuild-baseline,feat/admin-social-management,feat/red-engineering-roadmap-20260820,feature/uc2000-ve-sms-browser-audit,fix/restore-websocket-registrations,revert-37-arena/019ffd78-pro-v1"
RED_Ultimate_V1-main/RED_Ultimate/scripts/build-apk.ps1,30,"arena/019fe8fa-pro-v1,arena/019fe9e3-pro-v1,arena/019ff019-pro-v1,arena/019ff06b-pro-v1,arena/019ff085-pro-v1,arena/019ff0c7-pro-v1,arena/019ff146-pro-v1,arena/019ff178-pro-v1,arena/019ff1f9-pro-v1,arena/019ff215-pro-v1,arena/019ff237-pro-v1,arena/019ff422-pro-v1,arena/019ff82d-pro-v1,arena/019ff859-pro-v1,arena/019ff8b4-pro-v1,arena/019ff8c7-pro-v1,arena/019ff8f2-pro-v1,arena/019ffce9-pro-v1,arena/019ffd78-pro-v1,arena/019ffe92-pro-v1,arena/019ffece-pro-v1,arena/019fffd5-pro-v1,arena/01a0064f-pro-v1,arena/01a00f9e-pro-v1,chore/platform-rebuild-baseline,feat/admin-social-management,feat/red-engineering-roadmap-20260820,feature/uc2000-ve-sms-browser-audit,fix/restore-websocket-registrations,revert-37-arena/019ffd78-pro-v1"
RED_Ultimate_V1-main/RED_Ultimate/scripts/prefetch-android-crypto.txt,30,"arena/019fe8fa-pro-v1,arena/019fe9e3-pro-v1,arena/019ff019-pro-v1,arena/019ff06b-pro-v1,arena/019ff085-pro-v1,arena/019ff0c7-pro-v1,arena/019ff146-pro-v1,arena/019ff178-pro-v1,arena/019ff1f9-pro-v1,arena/019ff215-pro-v1,arena/019ff237-pro-v1,arena/019ff422-pro-v1,arena/019ff82d-pro-v1,arena/019ff859-pro-v1,arena/019ff8b4-pro-v1,arena/019ff8c7-pro-v1,arena/019ff8f2-pro-v1,arena/019ffce9-pro-v1,arena/019ffd78-pro-v1,arena/019ffe92-pro-v1,arena/019ffece-pro-v1,arena/019fffd5-pro-v1,arena/01a0064f-pro-v1,arena/01a00f9e-pro-v1,chore/platform-rebuild-baseline,feat/admin-social-management,feat/red-engineering-roadmap-20260820,feature/uc2000-ve-sms-browser-audit,fix/restore-websocket-registrations,revert-37-arena/019ffd78-pro-v1"
RED_Ultimate_V1-main/RED_Ultimate/sip_cfg.html,30,"arena/019fe8fa-pro-v1,arena/019fe9e3-pro-v1,arena/019ff019-pro-v1,arena/019ff06b-pro-v1,arena/019ff085-pro-v1,arena/019ff0c7-pro-v1,arena/019ff146-pro-v1,arena/019ff178-pro-v1,arena/019ff1f9-pro-v1,arena/019ff215-pro-v1,arena/019ff237-pro-v1,arena/019ff422-pro-v1,arena/019ff82d-pro-v1,arena/019ff859-pro-v1,arena/019ff8b4-pro-v1,arena/019ff8c7-pro-v1,arena/019ff8f2-pro-v1,arena/019ffce9-pro-v1,arena/019ffd78-pro-v1,arena/019ffe92-pro-v1,arena/019ffece-pro-v1,arena/019fffd5-pro-v1,arena/01a0064f-pro-v1,arena/01a00f9e-pro-v1,chore/platform-rebuild-baseline,feat/admin-social-management,feat/red-engineering-roadmap-20260820,feature/uc2000-ve-sms-browser-audit,fix/restore-websocket-registrations,revert-37-arena/019ffd78-pro-v1"
RED_Ultimate_V1-main/RED_Ultimate/sys.html,30,"arena/019fe8fa-pro-v1,arena/019fe9e3-pro-v1,arena/019ff019-pro-v1,arena/019ff06b-pro-v1,arena/019ff085-pro-v1,arena/019ff0c7-pro-v1,arena/019ff146-pro-v1,arena/019ff178-pro-v1,arena/019ff1f9-pro-v1,arena/019ff215-pro-v1,arena/019ff237-pro-v1,arena/019ff422-pro-v1,arena/019ff82d-pro-v1,arena/019ff859-pro-v1,arena/019ff8b4-pro-v1,arena/019ff8c7-pro-v1,arena/019ff8f2-pro-v1,arena/019ffce9-pro-v1,arena/019ffd78-pro-v1,arena/019ffe92-pro-v1,arena/019ffece-pro-v1,arena/019fffd5-pro-v1,arena/01a0064f-pro-v1,arena/01a00f9e-pro-v1,chore/platform-rebuild-baseline,feat/admin-social-management,feat/red-engineering-roadmap-20260820,feature/uc2000-ve-sms-browser-audit,fix/restore-websocket-registrations,revert-37-arena/019ffd78-pro-v1"
RED_Ultimate_V1-main/RED_Ultimate/test_results.txt,30,"arena/019fe8fa-pro-v1,arena/019fe9e3-pro-v1,arena/019ff019-pro-v1,arena/019ff06b-pro-v1,arena/019ff085-pro-v1,arena/019ff0c7-pro-v1,arena/019ff146-pro-v1,arena/019ff178-pro-v1,arena/019ff1f9-pro-v1,arena/019ff215-pro-v1,arena/019ff237-pro-v1,arena/019ff422-pro-v1,arena/019ff82d-pro-v1,arena/019ff859-pro-v1,arena/019ff8b4-pro-v1,arena/019ff8c7-pro-v1,arena/019ff8f2-pro-v1,arena/019ffce9-pro-v1,arena/019ffd78-pro-v1,arena/019ffe92-pro-v1,arena/019ffece-pro-v1,arena/019fffd5-pro-v1,arena/01a0064f-pro-v1,arena/01a00f9e-pro-v1,chore/platform-rebuild-baseline,feat/admin-social-management,feat/red-engineering-roadmap-20260820,feature/uc2000-ve-sms-browser-audit,fix/restore-websocket-registrations,revert-37-arena/019ffd78-pro-v1"
RED_Ultimate_V1-main/RED_Ultimate/test_sip_ws.py,30,"arena/019fe8fa-pro-v1,arena/019fe9e3-pro-v1,arena/019ff019-pro-v1,arena/019ff06b-pro-v1,arena/019ff085-pro-v1,arena/019ff0c7-pro-v1,arena/019ff146-pro-v1,arena/019ff178-pro-v1,arena/019ff1f9-pro-v1,arena/019ff215-pro-v1,arena/019ff237-pro-v1,arena/019ff422-pro-v1,arena/019ff82d-pro-v1,arena/019ff859-pro-v1,arena/019ff8b4-pro-v1,arena/019ff8c7-pro-v1,arena/019ff8f2-pro-v1,arena/019ffce9-pro-v1,arena/019ffd78-pro-v1,arena/019ffe92-pro-v1,arena/019ffece-pro-v1,arena/019fffd5-pro-v1,arena/01a0064f-pro-v1,arena/01a00f9e-pro-v1,chore/platform-rebuild-baseline,feat/admin-social-management,feat/red-engineering-roadmap-20260820,feature/uc2000-ve-sms-browser-audit,fix/restore-websocket-registrations,revert-37-arena/019ffd78-pro-v1"
RED_Ultimate_V1-main/تقرير_فحص_تطبيق_الأندرويد_الشامل_2026-08-13.md,30,"arena/019fe8fa-pro-v1,arena/019fe9e3-pro-v1,arena/019ff019-pro-v1,arena/019ff06b-pro-v1,arena/019ff085-pro-v1,arena/019ff0c7-pro-v1,arena/019ff146-pro-v1,arena/019ff178-pro-v1,arena/019ff1f9-pro-v1,arena/019ff215-pro-v1,arena/019ff237-pro-v1,arena/019ff422-pro-v1,arena/019ff82d-pro-v1,arena/019ff859-pro-v1,arena/019ff8b4-pro-v1,arena/019ff8c7-pro-v1,arena/019ff8f2-pro-v1,arena/019ffce9-pro-v1,arena/019ffd78-pro-v1,arena/019ffe92-pro-v1,arena/019ffece-pro-v1,arena/019fffd5-pro-v1,arena/01a0064f-pro-v1,arena/01a00f9e-pro-v1,chore/platform-rebuild-baseline,feat/admin-social-management,feat/red-engineering-roadmap-20260820,feature/uc2000-ve-sms-browser-audit,fix/restore-websocket-registrations,revert-37-arena/019ffd78-pro-v1"
RED_Ultimate_V1-main/تقرير_فحص_لوحة_الإدارة_والخادم_2026-08-13.md,30,"arena/019fe8fa-pro-v1,arena/019fe9e3-pro-v1,arena/019ff019-pro-v1,arena/019ff06b-pro-v1,arena/019ff085-pro-v1,arena/019ff0c7-pro-v1,arena/019ff146-pro-v1,arena/019ff178-pro-v1,arena/019ff1f9-pro-v1,arena/019ff215-pro-v1,arena/019ff237-pro-v1,arena/019ff422-pro-v1,arena/019ff82d-pro-v1,arena/019ff859-pro-v1,arena/019ff8b4-pro-v1,arena/019ff8c7-pro-v1,arena/019ff8f2-pro-v1,arena/019ffce9-pro-v1,arena/019ffd78-pro-v1,arena/019ffe92-pro-v1,arena/019ffece-pro-v1,arena/019fffd5-pro-v1,arena/01a0064f-pro-v1,arena/01a00f9e-pro-v1,chore/platform-rebuild-baseline,feat/admin-social-management,feat/red-engineering-roadmap-20260820,feature/uc2000-ve-sms-browser-audit,fix/restore-websocket-registrations,revert-37-arena/019ffd78-pro-v1"
RED_Ultimate_V1-main/مقترحات_التطور_2026-08-14.md,30,"arena/019fe8fa-pro-v1,arena/019fe9e3-pro-v1,arena/019ff019-pro-v1,arena/019ff06b-pro-v1,arena/019ff085-pro-v1,arena/019ff0c7-pro-v1,arena/019ff146-pro-v1,arena/019ff178-pro-v1,arena/019ff1f9-pro-v1,arena/019ff215-pro-v1,arena/019ff237-pro-v1,arena/019ff422-pro-v1,arena/019ff82d-pro-v1,arena/019ff859-pro-v1,arena/019ff8b4-pro-v1,arena/019ff8c7-pro-v1,arena/019ff8f2-pro-v1,arena/019ffce9-pro-v1,arena/019ffd78-pro-v1,arena/019ffe92-pro-v1,arena/019ffece-pro-v1,arena/019fffd5-pro-v1,arena/01a0064f-pro-v1,arena/01a00f9e-pro-v1,chore/platform-rebuild-baseline,feat/admin-social-management,feat/red-engineering-roadmap-20260820,feature/uc2000-ve-sms-browser-audit,fix/restore-websocket-registrations,revert-37-arena/019ffd78-pro-v1"
RED_Ultimate_V1-main/مقترحات_الدردشات_والمجموعات_والإعدادات_2026-08-13.md,30,"arena/019fe8fa-pro-v1,arena/019fe9e3-pro-v1,arena/019ff019-pro-v1,arena/019ff06b-pro-v1,arena/019ff085-pro-v1,arena/019ff0c7-pro-v1,arena/019ff146-pro-v1,arena/019ff178-pro-v1,arena/019ff1f9-pro-v1,arena/019ff215-pro-v1,arena/019ff237-pro-v1,arena/019ff422-pro-v1,arena/019ff82d-pro-v1,arena/019ff859-pro-v1,arena/019ff8b4-pro-v1,arena/019ff8c7-pro-v1,arena/019ff8f2-pro-v1,arena/019ffce9-pro-v1,arena/019ffd78-pro-v1,arena/019ffe92-pro-v1,arena/019ffece-pro-v1,arena/019fffd5-pro-v1,arena/01a0064f-pro-v1,arena/01a00f9e-pro-v1,chore/platform-rebuild-baseline,feat/admin-social-management,feat/red-engineering-roadmap-20260820,feature/uc2000-ve-sms-browser-audit,fix/restore-websocket-registrations,revert-37-arena/019ffd78-pro-v1"
docs/PSTN_MASTER_OPERATIONS.md,30,"arena/019fe8fa-pro-v1,arena/019fe9e3-pro-v1,arena/019ff019-pro-v1,arena/019ff06b-pro-v1,arena/019ff085-pro-v1,arena/019ff0c7-pro-v1,arena/019ff146-pro-v1,arena/019ff178-pro-v1,arena/019ff1f9-pro-v1,arena/019ff215-pro-v1,arena/019ff237-pro-v1,arena/019ff422-pro-v1,arena/019ff82d-pro-v1,arena/019ff859-pro-v1,arena/019ff8b4-pro-v1,arena/019ff8c7-pro-v1,arena/019ff8f2-pro-v1,arena/019ffce9-pro-v1,arena/019ffd78-pro-v1,arena/019ffe92-pro-v1,arena/019ffece-pro-v1,arena/019fffd5-pro-v1,arena/01a0064f-pro-v1,arena/01a00f9e-pro-v1,chore/platform-rebuild-baseline,feat/admin-social-management,feat/red-engineering-roadmap-20260820,feature/uc2000-ve-sms-browser-audit,fix/restore-websocket-registrations,revert-37-arena/019ffd78-pro-v1"
implementation_plan.artifact.md,30,"arena/019fe8fa-pro-v1,arena/019fe9e3-pro-v1,arena/019ff019-pro-v1,arena/019ff06b-pro-v1,arena/019ff085-pro-v1,arena/019ff0c7-pro-v1,arena/019ff146-pro-v1,arena/019ff178-pro-v1,arena/019ff1f9-pro-v1,arena/019ff215-pro-v1,arena/019ff237-pro-v1,arena/019ff422-pro-v1,arena/019ff82d-pro-v1,arena/019ff859-pro-v1,arena/019ff8b4-pro-v1,arena/019ff8c7-pro-v1,arena/019ff8f2-pro-v1,arena/019ffce9-pro-v1,arena/019ffd78-pro-v1,arena/019ffe92-pro-v1,arena/019ffece-pro-v1,arena/019fffd5-pro-v1,arena/01a0064f-pro-v1,arena/01a00f9e-pro-v1,chore/platform-rebuild-baseline,feat/admin-social-management,feat/red-engineering-roadmap-20260820,feature/uc2000-ve-sms-browser-audit,fix/restore-websocket-registrations,revert-37-arena/019ffd78-pro-v1"
scripts/add-dinstar-sabafon-number-learning-rule.ps1,30,"arena/019fe8fa-pro-v1,arena/019fe9e3-pro-v1,arena/019ff019-pro-v1,arena/019ff06b-pro-v1,arena/019ff085-pro-v1,arena/019ff0c7-pro-v1,arena/019ff146-pro-v1,arena/019ff178-pro-v1,arena/019ff1f9-pro-v1,arena/019ff215-pro-v1,arena/019ff237-pro-v1,arena/019ff422-pro-v1,arena/019ff82d-pro-v1,arena/019ff859-pro-v1,arena/019ff8b4-pro-v1,arena/019ff8c7-pro-v1,arena/019ff8f2-pro-v1,arena/019ffce9-pro-v1,arena/019ffd78-pro-v1,arena/019ffe92-pro-v1,arena/019ffece-pro-v1,arena/019fffd5-pro-v1,arena/01a0064f-pro-v1,arena/01a00f9e-pro-v1,chore/platform-rebuild-baseline,feat/admin-social-management,feat/red-engineering-roadmap-20260820,feature/uc2000-ve-sms-browser-audit,fix/restore-websocket-registrations,revert-37-arena/019ffd78-pro-v1"
scripts/audit-dinstar-authenticated.ps1,30,"arena/019fe8fa-pro-v1,arena/019fe9e3-pro-v1,arena/019ff019-pro-v1,arena/019ff06b-pro-v1,arena/019ff085-pro-v1,arena/019ff0c7-pro-v1,arena/019ff146-pro-v1,arena/019ff178-pro-v1,arena/019ff1f9-pro-v1,arena/019ff215-pro-v1,arena/019ff237-pro-v1,arena/019ff422-pro-v1,arena/019ff82d-pro-v1,arena/019ff859-pro-v1,arena/019ff8b4-pro-v1,arena/019ff8c7-pro-v1,arena/019ff8f2-pro-v1,arena/019ffce9-pro-v1,arena/019ffd78-pro-v1,arena/019ffe92-pro-v1,arena/019ffece-pro-v1,arena/019fffd5-pro-v1,arena/01a0064f-pro-v1,arena/01a00f9e-pro-v1,chore/platform-rebuild-baseline,feat/admin-social-management,feat/red-engineering-roadmap-20260820,feature/uc2000-ve-sms-browser-audit,fix/restore-websocket-registrations,revert-37-arena/019ffd78-pro-v1"
scripts/audit-dinstar-readonly.ps1,30,"arena/019fe8fa-pro-v1,arena/019fe9e3-pro-v1,arena/019ff019-pro-v1,arena/019ff06b-pro-v1,arena/019ff085-pro-v1,arena/019ff0c7-pro-v1,arena/019ff146-pro-v1,arena/019ff178-pro-v1,arena/019ff1f9-pro-v1,arena/019ff215-pro-v1,arena/019ff237-pro-v1,arena/019ff422-pro-v1,arena/019ff82d-pro-v1,arena/019ff859-pro-v1,arena/019ff8b4-pro-v1,arena/019ff8c7-pro-v1,arena/019ff8f2-pro-v1,arena/019ffce9-pro-v1,arena/019ffd78-pro-v1,arena/019ffe92-pro-v1,arena/019ffece-pro-v1,arena/019fffd5-pro-v1,arena/01a0064f-pro-v1,arena/01a00f9e-pro-v1,chore/platform-rebuild-baseline,feat/admin-social-management,feat/red-engineering-roadmap-20260820,feature/uc2000-ve-sms-browser-audit,fix/restore-websocket-registrations,revert-37-arena/019ffd78-pro-v1"
scripts/audit-dinstar-web-session.ps1,30,"arena/019fe8fa-pro-v1,arena/019fe9e3-pro-v1,arena/019ff019-pro-v1,arena/019ff06b-pro-v1,arena/019ff085-pro-v1,arena/019ff0c7-pro-v1,arena/019ff146-pro-v1,arena/019ff178-pro-v1,arena/019ff1f9-pro-v1,arena/019ff215-pro-v1,arena/019ff237-pro-v1,arena/019ff422-pro-v1,arena/019ff82d-pro-v1,arena/019ff859-pro-v1,arena/019ff8b4-pro-v1,arena/019ff8c7-pro-v1,arena/019ff8f2-pro-v1,arena/019ffce9-pro-v1,arena/019ffd78-pro-v1,arena/019ffe92-pro-v1,arena/019ffece-pro-v1,arena/019fffd5-pro-v1,arena/01a0064f-pro-v1,arena/01a00f9e-pro-v1,chore/platform-rebuild-baseline,feat/admin-social-management,feat/red-engineering-roadmap-20260820,feature/uc2000-ve-sms-browser-audit,fix/restore-websocket-registrations,revert-37-arena/019ffd78-pro-v1"
scripts/backup-asterisk-dinstar-config.ps1,30,"arena/019fe8fa-pro-v1,arena/019fe9e3-pro-v1,arena/019ff019-pro-v1,arena/019ff06b-pro-v1,arena/019ff085-pro-v1,arena/019ff0c7-pro-v1,arena/019ff146-pro-v1,arena/019ff178-pro-v1,arena/019ff1f9-pro-v1,arena/019ff215-pro-v1,arena/019ff237-pro-v1,arena/019ff422-pro-v1,arena/019ff82d-pro-v1,arena/019ff859-pro-v1,arena/019ff8b4-pro-v1,arena/019ff8c7-pro-v1,arena/019ff8f2-pro-v1,arena/019ffce9-pro-v1,arena/019ffd78-pro-v1,arena/019ffe92-pro-v1,arena/019ffece-pro-v1,arena/019fffd5-pro-v1,arena/01a0064f-pro-v1,arena/01a00f9e-pro-v1,chore/platform-rebuild-baseline,feat/admin-social-management,feat/red-engineering-roadmap-20260820,feature/uc2000-ve-sms-browser-audit,fix/restore-websocket-registrations,revert-37-arena/019ffd78-pro-v1"
scripts/backup-dinstar-config.ps1,30,"arena/019fe8fa-pro-v1,arena/019fe9e3-pro-v1,arena/019ff019-pro-v1,arena/019ff06b-pro-v1,arena/019ff085-pro-v1,arena/019ff0c7-pro-v1,arena/019ff146-pro-v1,arena/019ff178-pro-v1,arena/019ff1f9-pro-v1,arena/019ff215-pro-v1,arena/019ff237-pro-v1,arena/019ff422-pro-v1,arena/019ff82d-pro-v1,arena/019ff859-pro-v1,arena/019ff8b4-pro-v1,arena/019ff8c7-pro-v1,arena/019ff8f2-pro-v1,arena/019ffce9-pro-v1,arena/019ffd78-pro-v1,arena/019ffe92-pro-v1,arena/019ffece-pro-v1,arena/019fffd5-pro-v1,arena/01a0064f-pro-v1,arena/01a00f9e-pro-v1,chore/platform-rebuild-baseline,feat/admin-social-management,feat/red-engineering-roadmap-20260820,feature/uc2000-ve-sms-browser-audit,fix/restore-websocket-registrations,revert-37-arena/019ffd78-pro-v1"
scripts/capture-asterisk-dinstar-errors.ps1,30,"arena/019fe8fa-pro-v1,arena/019fe9e3-pro-v1,arena/019ff019-pro-v1,arena/019ff06b-pro-v1,arena/019ff085-pro-v1,arena/019ff0c7-pro-v1,arena/019ff146-pro-v1,arena/019ff178-pro-v1,arena/019ff1f9-pro-v1,arena/019ff215-pro-v1,arena/019ff237-pro-v1,arena/019ff422-pro-v1,arena/019ff82d-pro-v1,arena/019ff859-pro-v1,arena/019ff8b4-pro-v1,arena/019ff8c7-pro-v1,arena/019ff8f2-pro-v1,arena/019ffce9-pro-v1,arena/019ffd78-pro-v1,arena/019ffe92-pro-v1,arena/019ffece-pro-v1,arena/019fffd5-pro-v1,arena/01a0064f-pro-v1,arena/01a00f9e-pro-v1,chore/platform-rebuild-baseline,feat/admin-social-management,feat/red-engineering-roadmap-20260820,feature/uc2000-ve-sms-browser-audit,fix/restore-websocket-registrations,revert-37-arena/019ffd78-pro-v1"
scripts/capture-asterisk-dinstar-routing.ps1,30,"arena/019fe8fa-pro-v1,arena/019fe9e3-pro-v1,arena/019ff019-pro-v1,arena/019ff06b-pro-v1,arena/019ff085-pro-v1,arena/019ff0c7-pro-v1,arena/019ff146-pro-v1,arena/019ff178-pro-v1,arena/019ff1f9-pro-v1,arena/019ff215-pro-v1,arena/019ff237-pro-v1,arena/019ff422-pro-v1,arena/019ff82d-pro-v1,arena/019ff859-pro-v1,arena/019ff8b4-pro-v1,arena/019ff8c7-pro-v1,arena/019ff8f2-pro-v1,arena/019ffce9-pro-v1,arena/019ffd78-pro-v1,arena/019ffe92-pro-v1,arena/019ffece-pro-v1,arena/019fffd5-pro-v1,arena/01a0064f-pro-v1,arena/01a00f9e-pro-v1,chore/platform-rebuild-baseline,feat/admin-social-management,feat/red-engineering-roadmap-20260820,feature/uc2000-ve-sms-browser-audit,fix/restore-websocket-registrations,revert-37-arena/019ffd78-pro-v1"
scripts/capture-asterisk-sip-status.ps1,30,"arena/019fe8fa-pro-v1,arena/019fe9e3-pro-v1,arena/019ff019-pro-v1,arena/019ff06b-pro-v1,arena/019ff085-pro-v1,arena/019ff0c7-pro-v1,arena/019ff146-pro-v1,arena/019ff178-pro-v1,arena/019ff1f9-pro-v1,arena/019ff215-pro-v1,arena/019ff237-pro-v1,arena/019ff422-pro-v1,arena/019ff82d-pro-v1,arena/019ff859-pro-v1,arena/019ff8b4-pro-v1,arena/019ff8c7-pro-v1,arena/019ff8f2-pro-v1,arena/019ffce9-pro-v1,arena/019ffd78-pro-v1,arena/019ffe92-pro-v1,arena/019ffece-pro-v1,arena/019fffd5-pro-v1,arena/01a0064f-pro-v1,arena/01a00f9e-pro-v1,chore/platform-rebuild-baseline,feat/admin-social-management,feat/red-engineering-roadmap-20260820,feature/uc2000-ve-sms-browser-audit,fix/restore-websocket-registrations,revert-37-arena/019ffd78-pro-v1"
scripts/capture-dinstar-syslog.ps1,30,"arena/019fe8fa-pro-v1,arena/019fe9e3-pro-v1,arena/019ff019-pro-v1,arena/019ff06b-pro-v1,arena/019ff085-pro-v1,arena/019ff0c7-pro-v1,arena/019ff146-pro-v1,arena/019ff178-pro-v1,arena/019ff1f9-pro-v1,arena/019ff215-pro-v1,arena/019ff237-pro-v1,arena/019ff422-pro-v1,arena/019ff82d-pro-v1,arena/019ff859-pro-v1,arena/019ff8b4-pro-v1,arena/019ff8c7-pro-v1,arena/019ff8f2-pro-v1,arena/019ffce9-pro-v1,arena/019ffd78-pro-v1,arena/019ffe92-pro-v1,arena/019ffece-pro-v1,arena/019fffd5-pro-v1,arena/01a0064f-pro-v1,arena/01a00f9e-pro-v1,chore/platform-rebuild-baseline,feat/admin-social-management,feat/red-engineering-roadmap-20260820,feature/uc2000-ve-sms-browser-audit,fix/restore-websocket-registrations,revert-37-arena/019ffd78-pro-v1"
scripts/discover-dinstar-learning-pages.ps1,30,"arena/019fe8fa-pro-v1,arena/019fe9e3-pro-v1,arena/019ff019-pro-v1,arena/019ff06b-pro-v1,arena/019ff085-pro-v1,arena/019ff0c7-pro-v1,arena/019ff146-pro-v1,arena/019ff178-pro-v1,arena/019ff1f9-pro-v1,arena/019ff215-pro-v1,arena/019ff237-pro-v1,arena/019ff422-pro-v1,arena/019ff82d-pro-v1,arena/019ff859-pro-v1,arena/019ff8b4-pro-v1,arena/019ff8c7-pro-v1,arena/019ff8f2-pro-v1,arena/019ffce9-pro-v1,arena/019ffd78-pro-v1,arena/019ffe92-pro-v1,arena/019ffece-pro-v1,arena/019fffd5-pro-v1,arena/01a0064f-pro-v1,arena/01a00f9e-pro-v1,chore/platform-rebuild-baseline,feat/admin-social-management,feat/red-engineering-roadmap-20260820,feature/uc2000-ve-sms-browser-audit,fix/restore-websocket-registrations,revert-37-arena/019ffd78-pro-v1"
scripts/enable-temp-dinstar-syslog-firewall.ps1,30,"arena/019fe8fa-pro-v1,arena/019fe9e3-pro-v1,arena/019ff019-pro-v1,arena/019ff06b-pro-v1,arena/019ff085-pro-v1,arena/019ff0c7-pro-v1,arena/019ff146-pro-v1,arena/019ff178-pro-v1,arena/019ff1f9-pro-v1,arena/019ff215-pro-v1,arena/019ff237-pro-v1,arena/019ff422-pro-v1,arena/019ff82d-pro-v1,arena/019ff859-pro-v1,arena/019ff8b4-pro-v1,arena/019ff8c7-pro-v1,arena/019ff8f2-pro-v1,arena/019ffce9-pro-v1,arena/019ffd78-pro-v1,arena/019ffe92-pro-v1,arena/019ffece-pro-v1,arena/019fffd5-pro-v1,arena/01a0064f-pro-v1,arena/01a00f9e-pro-v1,chore/platform-rebuild-baseline,feat/admin-social-management,feat/red-engineering-roadmap-20260820,feature/uc2000-ve-sms-browser-audit,fix/restore-websocket-registrations,revert-37-arena/019ffd78-pro-v1"
scripts/export-dinstar-port-inventory.ps1,30,"arena/019fe8fa-pro-v1,arena/019fe9e3-pro-v1,arena/019ff019-pro-v1,arena/019ff06b-pro-v1,arena/019ff085-pro-v1,arena/019ff0c7-pro-v1,arena/019ff146-pro-v1,arena/019ff178-pro-v1,arena/019ff1f9-pro-v1,arena/019ff215-pro-v1,arena/019ff237-pro-v1,arena/019ff422-pro-v1,arena/019ff82d-pro-v1,arena/019ff859-pro-v1,arena/019ff8b4-pro-v1,arena/019ff8c7-pro-v1,arena/019ff8f2-pro-v1,arena/019ffce9-pro-v1,arena/019ffd78-pro-v1,arena/019ffe92-pro-v1,arena/019ffece-pro-v1,arena/019fffd5-pro-v1,arena/01a0064f-pro-v1,arena/01a00f9e-pro-v1,chore/platform-rebuild-baseline,feat/admin-social-management,feat/red-engineering-roadmap-20260820,feature/uc2000-ve-sms-browser-audit,fix/restore-websocket-registrations,revert-37-arena/019ffd78-pro-v1"
scripts/export-dinstar-routing-json.ps1,30,"arena/019fe8fa-pro-v1,arena/019fe9e3-pro-v1,arena/019ff019-pro-v1,arena/019ff06b-pro-v1,arena/019ff085-pro-v1,arena/019ff0c7-pro-v1,arena/019ff146-pro-v1,arena/019ff178-pro-v1,arena/019ff1f9-pro-v1,arena/019ff215-pro-v1,arena/019ff237-pro-v1,arena/019ff422-pro-v1,arena/019ff82d-pro-v1,arena/019ff859-pro-v1,arena/019ff8b4-pro-v1,arena/019ff8c7-pro-v1,arena/019ff8f2-pro-v1,arena/019ffce9-pro-v1,arena/019ffd78-pro-v1,arena/019ffe92-pro-v1,arena/019ffece-pro-v1,arena/019fffd5-pro-v1,arena/01a0064f-pro-v1,arena/01a00f9e-pro-v1,chore/platform-rebuild-baseline,feat/admin-social-management,feat/red-engineering-roadmap-20260820,feature/uc2000-ve-sms-browser-audit,fix/restore-websocket-registrations,revert-37-arena/019ffd78-pro-v1"
scripts/export-dinstar-routing-readonly.ps1,30,"arena/019fe8fa-pro-v1,arena/019fe9e3-pro-v1,arena/019ff019-pro-v1,arena/019ff06b-pro-v1,arena/019ff085-pro-v1,arena/019ff0c7-pro-v1,arena/019ff146-pro-v1,arena/019ff178-pro-v1,arena/019ff1f9-pro-v1,arena/019ff215-pro-v1,arena/019ff237-pro-v1,arena/019ff422-pro-v1,arena/019ff82d-pro-v1,arena/019ff859-pro-v1,arena/019ff8b4-pro-v1,arena/019ff8c7-pro-v1,arena/019ff8f2-pro-v1,arena/019ffce9-pro-v1,arena/019ffd78-pro-v1,arena/019ffe92-pro-v1,arena/019ffece-pro-v1,arena/019fffd5-pro-v1,arena/01a0064f-pro-v1,arena/01a00f9e-pro-v1,chore/platform-rebuild-baseline,feat/admin-social-management,feat/red-engineering-roadmap-20260820,feature/uc2000-ve-sms-browser-audit,fix/restore-websocket-registrations,revert-37-arena/019ffd78-pro-v1"
scripts/export-dinstar-sms-detail-report.ps1,30,"arena/019fe8fa-pro-v1,arena/019fe9e3-pro-v1,arena/019ff019-pro-v1,arena/019ff06b-pro-v1,arena/019ff085-pro-v1,arena/019ff0c7-pro-v1,arena/019ff146-pro-v1,arena/019ff178-pro-v1,arena/019ff1f9-pro-v1,arena/019ff215-pro-v1,arena/019ff237-pro-v1,arena/019ff422-pro-v1,arena/019ff82d-pro-v1,arena/019ff859-pro-v1,arena/019ff8b4-pro-v1,arena/019ff8c7-pro-v1,arena/019ff8f2-pro-v1,arena/019ffce9-pro-v1,arena/019ffd78-pro-v1,arena/019ffe92-pro-v1,arena/019ffece-pro-v1,arena/019fffd5-pro-v1,arena/01a0064f-pro-v1,arena/01a00f9e-pro-v1,chore/platform-rebuild-baseline,feat/admin-social-management,feat/red-engineering-roadmap-20260820,feature/uc2000-ve-sms-browser-audit,fix/restore-websocket-registrations,revert-37-arena/019ffd78-pro-v1"
scripts/export-dinstar-sms-menu-links.ps1,30,"arena/019fe8fa-pro-v1,arena/019fe9e3-pro-v1,arena/019ff019-pro-v1,arena/019ff06b-pro-v1,arena/019ff085-pro-v1,arena/019ff0c7-pro-v1,arena/019ff146-pro-v1,arena/019ff178-pro-v1,arena/019ff1f9-pro-v1,arena/019ff215-pro-v1,arena/019ff237-pro-v1,arena/019ff422-pro-v1,arena/019ff82d-pro-v1,arena/019ff859-pro-v1,arena/019ff8b4-pro-v1,arena/019ff8c7-pro-v1,arena/019ff8f2-pro-v1,arena/019ffce9-pro-v1,arena/019ffd78-pro-v1,arena/019ffe92-pro-v1,arena/019ffece-pro-v1,arena/019fffd5-pro-v1,arena/01a0064f-pro-v1,arena/01a00f9e-pro-v1,chore/platform-rebuild-baseline,feat/admin-social-management,feat/red-engineering-roadmap-20260820,feature/uc2000-ve-sms-browser-audit,fix/restore-websocket-registrations,revert-37-arena/019ffd78-pro-v1"
scripts/export-dinstar-sms-send-form.ps1,30,"arena/019fe8fa-pro-v1,arena/019fe9e3-pro-v1,arena/019ff019-pro-v1,arena/019ff06b-pro-v1,arena/019ff085-pro-v1,arena/019ff0c7-pro-v1,arena/019ff146-pro-v1,arena/019ff178-pro-v1,arena/019ff1f9-pro-v1,arena/019ff215-pro-v1,arena/019ff237-pro-v1,arena/019ff422-pro-v1,arena/019ff82d-pro-v1,arena/019ff859-pro-v1,arena/019ff8b4-pro-v1,arena/019ff8c7-pro-v1,arena/019ff8f2-pro-v1,arena/019ffce9-pro-v1,arena/019ffd78-pro-v1,arena/019ffe92-pro-v1,arena/019ffece-pro-v1,arena/019fffd5-pro-v1,arena/01a0064f-pro-v1,arena/01a00f9e-pro-v1,chore/platform-rebuild-baseline,feat/admin-social-management,feat/red-engineering-roadmap-20260820,feature/uc2000-ve-sms-browser-audit,fix/restore-websocket-registrations,revert-37-arena/019ffd78-pro-v1"
scripts/extract-asterisk-dinstar-config.ps1,30,"arena/019fe8fa-pro-v1,arena/019fe9e3-pro-v1,arena/019ff019-pro-v1,arena/019ff06b-pro-v1,arena/019ff085-pro-v1,arena/019ff0c7-pro-v1,arena/019ff146-pro-v1,arena/019ff178-pro-v1,arena/019ff1f9-pro-v1,arena/019ff215-pro-v1,arena/019ff237-pro-v1,arena/019ff422-pro-v1,arena/019ff82d-pro-v1,arena/019ff859-pro-v1,arena/019ff8b4-pro-v1,arena/019ff8c7-pro-v1,arena/019ff8f2-pro-v1,arena/019ffce9-pro-v1,arena/019ffd78-pro-v1,arena/019ffe92-pro-v1,arena/019ffece-pro-v1,arena/019fffd5-pro-v1,arena/01a0064f-pro-v1,arena/01a00f9e-pro-v1,chore/platform-rebuild-baseline,feat/admin-social-management,feat/red-engineering-roadmap-20260820,feature/uc2000-ve-sms-browser-audit,fix/restore-websocket-registrations,revert-37-arena/019ffd78-pro-v1"
scripts/index-pstn-backend-routing.ps1,30,"arena/019fe8fa-pro-v1,arena/019fe9e3-pro-v1,arena/019ff019-pro-v1,arena/019ff06b-pro-v1,arena/019ff085-pro-v1,arena/019ff0c7-pro-v1,arena/019ff146-pro-v1,arena/019ff178-pro-v1,arena/019ff1f9-pro-v1,arena/019ff215-pro-v1,arena/019ff237-pro-v1,arena/019ff422-pro-v1,arena/019ff82d-pro-v1,arena/019ff859-pro-v1,arena/019ff8b4-pro-v1,arena/019ff8c7-pro-v1,arena/019ff8f2-pro-v1,arena/019ffce9-pro-v1,arena/019ffd78-pro-v1,arena/019ffe92-pro-v1,arena/019ffece-pro-v1,arena/019fffd5-pro-v1,arena/01a0064f-pro-v1,arena/01a00f9e-pro-v1,chore/platform-rebuild-baseline,feat/admin-social-management,feat/red-engineering-roadmap-20260820,feature/uc2000-ve-sms-browser-audit,fix/restore-websocket-registrations,revert-37-arena/019ffd78-pro-v1"
scripts/inspect-dinstar-backup-sanitized.ps1,30,"arena/019fe8fa-pro-v1,arena/019fe9e3-pro-v1,arena/019ff019-pro-v1,arena/019ff06b-pro-v1,arena/019ff085-pro-v1,arena/019ff0c7-pro-v1,arena/019ff146-pro-v1,arena/019ff178-pro-v1,arena/019ff1f9-pro-v1,arena/019ff215-pro-v1,arena/019ff237-pro-v1,arena/019ff422-pro-v1,arena/019ff82d-pro-v1,arena/019ff859-pro-v1,arena/019ff8b4-pro-v1,arena/019ff8c7-pro-v1,arena/019ff8f2-pro-v1,arena/019ffce9-pro-v1,arena/019ffd78-pro-v1,arena/019ffe92-pro-v1,arena/019ffece-pro-v1,arena/019fffd5-pro-v1,arena/01a0064f-pro-v1,arena/01a00f9e-pro-v1,chore/platform-rebuild-baseline,feat/admin-social-management,feat/red-engineering-roadmap-20260820,feature/uc2000-ve-sms-browser-audit,fix/restore-websocket-registrations,revert-37-arena/019ffd78-pro-v1"
scripts/inspect-dinstar-learning-add-form.ps1,30,"arena/019fe8fa-pro-v1,arena/019fe9e3-pro-v1,arena/019ff019-pro-v1,arena/019ff06b-pro-v1,arena/019ff085-pro-v1,arena/019ff0c7-pro-v1,arena/019ff146-pro-v1,arena/019ff178-pro-v1,arena/019ff1f9-pro-v1,arena/019ff215-pro-v1,arena/019ff237-pro-v1,arena/019ff422-pro-v1,arena/019ff82d-pro-v1,arena/019ff859-pro-v1,arena/019ff8b4-pro-v1,arena/019ff8c7-pro-v1,arena/019ff8f2-pro-v1,arena/019ffce9-pro-v1,arena/019ffd78-pro-v1,arena/019ffe92-pro-v1,arena/019ffece-pro-v1,arena/019fffd5-pro-v1,arena/01a0064f-pro-v1,arena/01a00f9e-pro-v1,chore/platform-rebuild-baseline,feat/admin-social-management,feat/red-engineering-roadmap-20260820,feature/uc2000-ve-sms-browser-audit,fix/restore-websocket-registrations,revert-37-arena/019ffd78-pro-v1"
scripts/inspect-dinstar-learning-form.ps1,30,"arena/019fe8fa-pro-v1,arena/019fe9e3-pro-v1,arena/019ff019-pro-v1,arena/019ff06b-pro-v1,arena/019ff085-pro-v1,arena/019ff0c7-pro-v1,arena/019ff146-pro-v1,arena/019ff178-pro-v1,arena/019ff1f9-pro-v1,arena/019ff215-pro-v1,arena/019ff237-pro-v1,arena/019ff422-pro-v1,arena/019ff82d-pro-v1,arena/019ff859-pro-v1,arena/019ff8b4-pro-v1,arena/019ff8c7-pro-v1,arena/019ff8f2-pro-v1,arena/019ffce9-pro-v1,arena/019ffd78-pro-v1,arena/019ffe92-pro-v1,arena/019ffece-pro-v1,arena/019fffd5-pro-v1,arena/01a0064f-pro-v1,arena/01a00f9e-pro-v1,chore/platform-rebuild-baseline,feat/admin-social-management,feat/red-engineering-roadmap-20260820,feature/uc2000-ve-sms-browser-audit,fix/restore-websocket-registrations,revert-37-arena/019ffd78-pro-v1"
scripts/invoke-dinstar-port0-syslog-probe.ps1,30,"arena/019fe8fa-pro-v1,arena/019fe9e3-pro-v1,arena/019ff019-pro-v1,arena/019ff06b-pro-v1,arena/019ff085-pro-v1,arena/019ff0c7-pro-v1,arena/019ff146-pro-v1,arena/019ff178-pro-v1,arena/019ff1f9-pro-v1,arena/019ff215-pro-v1,arena/019ff237-pro-v1,arena/019ff422-pro-v1,arena/019ff82d-pro-v1,arena/019ff859-pro-v1,arena/019ff8b4-pro-v1,arena/019ff8c7-pro-v1,arena/019ff8f2-pro-v1,arena/019ffce9-pro-v1,arena/019ffd78-pro-v1,arena/019ffe92-pro-v1,arena/019ffece-pro-v1,arena/019fffd5-pro-v1,arena/01a0064f-pro-v1,arena/01a00f9e-pro-v1,chore/platform-rebuild-baseline,feat/admin-social-management,feat/red-engineering-roadmap-20260820,feature/uc2000-ve-sms-browser-audit,fix/restore-websocket-registrations,revert-37-arena/019ffd78-pro-v1"
scripts/remove-dinstar-failed-number-learning-rule.ps1,30,"arena/019fe8fa-pro-v1,arena/019fe9e3-pro-v1,arena/019ff019-pro-v1,arena/019ff06b-pro-v1,arena/019ff085-pro-v1,arena/019ff0c7-pro-v1,arena/019ff146-pro-v1,arena/019ff178-pro-v1,arena/019ff1f9-pro-v1,arena/019ff215-pro-v1,arena/019ff237-pro-v1,arena/019ff422-pro-v1,arena/019ff82d-pro-v1,arena/019ff859-pro-v1,arena/019ff8b4-pro-v1,arena/019ff8c7-pro-v1,arena/019ff8f2-pro-v1,arena/019ffce9-pro-v1,arena/019ffd78-pro-v1,arena/019ffe92-pro-v1,arena/019ffece-pro-v1,arena/019fffd5-pro-v1,arena/01a0064f-pro-v1,arena/01a00f9e-pro-v1,chore/platform-rebuild-baseline,feat/admin-social-management,feat/red-engineering-roadmap-20260820,feature/uc2000-ve-sms-browser-audit,fix/restore-websocket-registrations,revert-37-arena/019ffd78-pro-v1"
scripts/remove-temp-dinstar-syslog-firewall.ps1,30,"arena/019fe8fa-pro-v1,arena/019fe9e3-pro-v1,arena/019ff019-pro-v1,arena/019ff06b-pro-v1,arena/019ff085-pro-v1,arena/019ff0c7-pro-v1,arena/019ff146-pro-v1,arena/019ff178-pro-v1,arena/019ff1f9-pro-v1,arena/019ff215-pro-v1,arena/019ff237-pro-v1,arena/019ff422-pro-v1,arena/019ff82d-pro-v1,arena/019ff859-pro-v1,arena/019ff8b4-pro-v1,arena/019ff8c7-pro-v1,arena/019ff8f2-pro-v1,arena/019ffce9-pro-v1,arena/019ffd78-pro-v1,arena/019ffe92-pro-v1,arena/019ffece-pro-v1,arena/019fffd5-pro-v1,arena/01a0064f-pro-v1,arena/01a00f9e-pro-v1,chore/platform-rebuild-baseline,feat/admin-social-management,feat/red-engineering-roadmap-20260820,feature/uc2000-ve-sms-browser-audit,fix/restore-websocket-registrations,revert-37-arena/019ffd78-pro-v1"
scripts/restart-dinstar-port-for-learning.ps1,30,"arena/019fe8fa-pro-v1,arena/019fe9e3-pro-v1,arena/019ff019-pro-v1,arena/019ff06b-pro-v1,arena/019ff085-pro-v1,arena/019ff0c7-pro-v1,arena/019ff146-pro-v1,arena/019ff178-pro-v1,arena/019ff1f9-pro-v1,arena/019ff215-pro-v1,arena/019ff237-pro-v1,arena/019ff422-pro-v1,arena/019ff82d-pro-v1,arena/019ff859-pro-v1,arena/019ff8b4-pro-v1,arena/019ff8c7-pro-v1,arena/019ff8f2-pro-v1,arena/019ffce9-pro-v1,arena/019ffd78-pro-v1,arena/019ffe92-pro-v1,arena/019ffece-pro-v1,arena/019fffd5-pro-v1,arena/01a0064f-pro-v1,arena/01a00f9e-pro-v1,chore/platform-rebuild-baseline,feat/admin-social-management,feat/red-engineering-roadmap-20260820,feature/uc2000-ve-sms-browser-audit,fix/restore-websocket-registrations,revert-37-arena/019ffd78-pro-v1"
scripts/send-one-dinstar-port0-mmn-diagnostic.ps1,30,"arena/019fe8fa-pro-v1,arena/019fe9e3-pro-v1,arena/019ff019-pro-v1,arena/019ff06b-pro-v1,arena/019ff085-pro-v1,arena/019ff0c7-pro-v1,arena/019ff146-pro-v1,arena/019ff178-pro-v1,arena/019ff1f9-pro-v1,arena/019ff215-pro-v1,arena/019ff237-pro-v1,arena/019ff422-pro-v1,arena/019ff82d-pro-v1,arena/019ff859-pro-v1,arena/019ff8b4-pro-v1,arena/019ff8c7-pro-v1,arena/019ff8f2-pro-v1,arena/019ffce9-pro-v1,arena/019ffd78-pro-v1,arena/019ffe92-pro-v1,arena/019ffece-pro-v1,arena/019fffd5-pro-v1,arena/01a0064f-pro-v1,arena/01a00f9e-pro-v1,chore/platform-rebuild-baseline,feat/admin-social-management,feat/red-engineering-roadmap-20260820,feature/uc2000-ve-sms-browser-audit,fix/restore-websocket-registrations,revert-37-arena/019ffd78-pro-v1"
scripts/snapshot-dinstar-port-diagnostics.ps1,30,"arena/019fe8fa-pro-v1,arena/019fe9e3-pro-v1,arena/019ff019-pro-v1,arena/019ff06b-pro-v1,arena/019ff085-pro-v1,arena/019ff0c7-pro-v1,arena/019ff146-pro-v1,arena/019ff178-pro-v1,arena/019ff1f9-pro-v1,arena/019ff215-pro-v1,arena/019ff237-pro-v1,arena/019ff422-pro-v1,arena/019ff82d-pro-v1,arena/019ff859-pro-v1,arena/019ff8b4-pro-v1,arena/019ff8c7-pro-v1,arena/019ff8f2-pro-v1,arena/019ffce9-pro-v1,arena/019ffd78-pro-v1,arena/019ffe92-pro-v1,arena/019ffece-pro-v1,arena/019fffd5-pro-v1,arena/01a0064f-pro-v1,arena/01a00f9e-pro-v1,chore/platform-rebuild-baseline,feat/admin-social-management,feat/red-engineering-roadmap-20260820,feature/uc2000-ve-sms-browser-audit,fix/restore-websocket-registrations,revert-37-arena/019ffd78-pro-v1"
scripts/start-dinstar-port0-general-module-log.ps1,30,"arena/019fe8fa-pro-v1,arena/019fe9e3-pro-v1,arena/019ff019-pro-v1,arena/019ff06b-pro-v1,arena/019ff085-pro-v1,arena/019ff0c7-pro-v1,arena/019ff146-pro-v1,arena/019ff178-pro-v1,arena/019ff1f9-pro-v1,arena/019ff215-pro-v1,arena/019ff237-pro-v1,arena/019ff422-pro-v1,arena/019ff82d-pro-v1,arena/019ff859-pro-v1,arena/019ff8b4-pro-v1,arena/019ff8c7-pro-v1,arena/019ff8f2-pro-v1,arena/019ffce9-pro-v1,arena/019ffd78-pro-v1,arena/019ffe92-pro-v1,arena/019ffece-pro-v1,arena/019fffd5-pro-v1,arena/01a0064f-pro-v1,arena/01a00f9e-pro-v1,chore/platform-rebuild-baseline,feat/admin-social-management,feat/red-engineering-roadmap-20260820,feature/uc2000-ve-sms-browser-audit,fix/restore-websocket-registrations,revert-37-arena/019ffd78-pro-v1"
scripts/test-dinstar-number-matcher.ps1,30,"arena/019fe8fa-pro-v1,arena/019fe9e3-pro-v1,arena/019ff019-pro-v1,arena/019ff06b-pro-v1,arena/019ff085-pro-v1,arena/019ff0c7-pro-v1,arena/019ff146-pro-v1,arena/019ff178-pro-v1,arena/019ff1f9-pro-v1,arena/019ff215-pro-v1,arena/019ff237-pro-v1,arena/019ff422-pro-v1,arena/019ff82d-pro-v1,arena/019ff859-pro-v1,arena/019ff8b4-pro-v1,arena/019ff8c7-pro-v1,arena/019ff8f2-pro-v1,arena/019ffce9-pro-v1,arena/019ffd78-pro-v1,arena/019ffe92-pro-v1,arena/019ffece-pro-v1,arena/019fffd5-pro-v1,arena/01a0064f-pro-v1,arena/01a00f9e-pro-v1,chore/platform-rebuild-baseline,feat/admin-social-management,feat/red-engineering-roadmap-20260820,feature/uc2000-ve-sms-browser-audit,fix/restore-websocket-registrations,revert-37-arena/019ffd78-pro-v1"
scripts/test-dinstar-sip-options-ports.ps1,30,"arena/019fe8fa-pro-v1,arena/019fe9e3-pro-v1,arena/019ff019-pro-v1,arena/019ff06b-pro-v1,arena/019ff085-pro-v1,arena/019ff0c7-pro-v1,arena/019ff146-pro-v1,arena/019ff178-pro-v1,arena/019ff1f9-pro-v1,arena/019ff215-pro-v1,arena/019ff237-pro-v1,arena/019ff422-pro-v1,arena/019ff82d-pro-v1,arena/019ff859-pro-v1,arena/019ff8b4-pro-v1,arena/019ff8c7-pro-v1,arena/019ff8f2-pro-v1,arena/019ffce9-pro-v1,arena/019ffd78-pro-v1,arena/019ffe92-pro-v1,arena/019ffece-pro-v1,arena/019fffd5-pro-v1,arena/01a0064f-pro-v1,arena/01a00f9e-pro-v1,chore/platform-rebuild-baseline,feat/admin-social-management,feat/red-engineering-roadmap-20260820,feature/uc2000-ve-sms-browser-audit,fix/restore-websocket-registrations,revert-37-arena/019ffd78-pro-v1"
scripts/test-yemen-operator-classifier.ps1,30,"arena/019fe8fa-pro-v1,arena/019fe9e3-pro-v1,arena/019ff019-pro-v1,arena/019ff06b-pro-v1,arena/019ff085-pro-v1,arena/019ff0c7-pro-v1,arena/019ff146-pro-v1,arena/019ff178-pro-v1,arena/019ff1f9-pro-v1,arena/019ff215-pro-v1,arena/019ff237-pro-v1,arena/019ff422-pro-v1,arena/019ff82d-pro-v1,arena/019ff859-pro-v1,arena/019ff8b4-pro-v1,arena/019ff8c7-pro-v1,arena/019ff8f2-pro-v1,arena/019ffce9-pro-v1,arena/019ffd78-pro-v1,arena/019ffe92-pro-v1,arena/019ffece-pro-v1,arena/019fffd5-pro-v1,arena/01a0064f-pro-v1,arena/01a00f9e-pro-v1,chore/platform-rebuild-baseline,feat/admin-social-management,feat/red-engineering-roadmap-20260820,feature/uc2000-ve-sms-browser-audit,fix/restore-websocket-registrations,revert-37-arena/019ffd78-pro-v1"
.idea/markdown.xml,29,"arena/019fe8fa-pro-v1,arena/019ff019-pro-v1,arena/019ff06b-pro-v1,arena/019ff085-pro-v1,arena/019ff0c7-pro-v1,arena/019ff146-pro-v1,arena/019ff178-pro-v1,arena/019ff1f9-pro-v1,arena/019ff215-pro-v1,arena/019ff237-pro-v1,arena/019ff422-pro-v1,arena/019ff82d-pro-v1,arena/019ff859-pro-v1,arena/019ff8b4-pro-v1,arena/019ff8c7-pro-v1,arena/019ff8f2-pro-v1,arena/019ffce9-pro-v1,arena/019ffd78-pro-v1,arena/019ffe92-pro-v1,arena/019ffece-pro-v1,arena/019fffd5-pro-v1,arena/01a0064f-pro-v1,arena/01a00f9e-pro-v1,chore/platform-rebuild-baseline,feat/admin-social-management,feat/red-engineering-roadmap-20260820,feature/uc2000-ve-sms-browser-audit,fix/restore-websocket-registrations,revert-37-arena/019ffd78-pro-v1"
.idea/vcs.xml,29,"arena/019fe8fa-pro-v1,arena/019ff019-pro-v1,arena/019ff06b-pro-v1,arena/019ff085-pro-v1,arena/019ff0c7-pro-v1,arena/019ff146-pro-v1,arena/019ff178-pro-v1,arena/019ff1f9-pro-v1,arena/019ff215-pro-v1,arena/019ff237-pro-v1,arena/019ff422-pro-v1,arena/019ff82d-pro-v1,arena/019ff859-pro-v1,arena/019ff8b4-pro-v1,arena/019ff8c7-pro-v1,arena/019ff8f2-pro-v1,arena/019ffce9-pro-v1,arena/019ffd78-pro-v1,arena/019ffe92-pro-v1,arena/019ffece-pro-v1,arena/019fffd5-pro-v1,arena/01a0064f-pro-v1,arena/01a00f9e-pro-v1,chore/platform-rebuild-baseline,feat/admin-social-management,feat/red-engineering-roadmap-20260820,feature/uc2000-ve-sms-browser-audit,fix/restore-websocket-registrations,revert-37-arena/019ffd78-pro-v1"
RED_Ultimate_V1-main/RED_Ultimate/todo.md,29,"arena/019fe8fa-pro-v1,arena/019fe9e3-pro-v1,arena/019ff019-pro-v1,arena/019ff06b-pro-v1,arena/019ff085-pro-v1,arena/019ff0c7-pro-v1,arena/019ff146-pro-v1,arena/019ff178-pro-v1,arena/019ff1f9-pro-v1,arena/019ff215-pro-v1,arena/019ff237-pro-v1,arena/019ff422-pro-v1,arena/019ff82d-pro-v1,arena/019ff859-pro-v1,arena/019ff8b4-pro-v1,arena/019ff8c7-pro-v1,arena/019ff8f2-pro-v1,arena/019ffce9-pro-v1,arena/019ffd78-pro-v1,arena/019ffe92-pro-v1,arena/019ffece-pro-v1,arena/019fffd5-pro-v1,arena/01a0064f-pro-v1,arena/01a00f9e-pro-v1,chore/platform-rebuild-baseline,feat/admin-social-management,feat/red-engineering-roadmap-20260820,fix/restore-websocket-registrations,revert-37-arena/019ffd78-pro-v1"
RED_Ultimate_V1-main/RED_Ultimate/admin_dashboard/scripts/check-contrast.mjs,28,"arena/019fe8fa-pro-v1,arena/019fe9e3-pro-v1,arena/019ff019-pro-v1,arena/019ff06b-pro-v1,arena/019ff085-pro-v1,arena/019ff0c7-pro-v1,arena/019ff146-pro-v1,arena/019ff178-pro-v1,arena/019ff1f9-pro-v1,arena/019ff215-pro-v1,arena/019ff237-pro-v1,arena/019ff422-pro-v1,arena/019ff82d-pro-v1,arena/019ff859-pro-v1,arena/019ff8b4-pro-v1,arena/019ff8c7-pro-v1,arena/019ff8f2-pro-v1,arena/019ffce9-pro-v1,arena/019ffd78-pro-v1,arena/019ffe92-pro-v1,arena/019ffece-pro-v1,arena/019fffd5-pro-v1,arena/01a0064f-pro-v1,chore/platform-rebuild-baseline,feat/admin-social-management,feature/uc2000-ve-sms-browser-audit,fix/restore-websocket-registrations,revert-37-arena/019ffd78-pro-v1"
RED_Ultimate_V1-main/RED_Ultimate/backend-server/src/main/kotlin/com/red/server/pstn/PstnCallProgressTracker.kt,28,"arena/019fe8fa-pro-v1,arena/019fe9e3-pro-v1,arena/019ff019-pro-v1,arena/019ff06b-pro-v1,arena/019ff085-pro-v1,arena/019ff0c7-pro-v1,arena/019ff146-pro-v1,arena/019ff178-pro-v1,arena/019ff1f9-pro-v1,arena/019ff215-pro-v1,arena/019ff237-pro-v1,arena/019ff422-pro-v1,arena/019ff82d-pro-v1,arena/019ff859-pro-v1,arena/019ff8b4-pro-v1,arena/019ff8c7-pro-v1,arena/019ff8f2-pro-v1,arena/019ffce9-pro-v1,arena/019ffd78-pro-v1,arena/019ffe92-pro-v1,arena/019ffece-pro-v1,arena/019fffd5-pro-v1,arena/01a0064f-pro-v1,chore/platform-rebuild-baseline,feat/admin-social-management,feature/uc2000-ve-sms-browser-audit,fix/restore-websocket-registrations,revert-37-arena/019ffd78-pro-v1"
RED_Ultimate_V1-main/RED_Ultimate/backend-server/src/main/resources/db/migration/V30__Sovereign_Ultimate_Capabilities_And_Performance_Indexes.sql,28,"arena/019fe8fa-pro-v1,arena/019fe9e3-pro-v1,arena/019ff019-pro-v1,arena/019ff06b-pro-v1,arena/019ff085-pro-v1,arena/019ff0c7-pro-v1,arena/019ff146-pro-v1,arena/019ff178-pro-v1,arena/019ff1f9-pro-v1,arena/019ff215-pro-v1,arena/019ff237-pro-v1,arena/019ff422-pro-v1,arena/019ff82d-pro-v1,arena/019ff859-pro-v1,arena/019ff8b4-pro-v1,arena/019ff8c7-pro-v1,arena/019ff8f2-pro-v1,arena/019ffce9-pro-v1,arena/019ffd78-pro-v1,arena/019ffe92-pro-v1,arena/019ffece-pro-v1,arena/019fffd5-pro-v1,arena/01a0064f-pro-v1,chore/platform-rebuild-baseline,feat/admin-social-management,feature/uc2000-ve-sms-browser-audit,fix/restore-websocket-registrations,revert-37-arena/019ffd78-pro-v1"
RED_Ultimate_V1-main/RED_Ultimate/backend-server/src/main/resources/db/migration/V31__Contact_Request_Outgoing_And_Cancellation.sql,28,"arena/019fe8fa-pro-v1,arena/019fe9e3-pro-v1,arena/019ff019-pro-v1,arena/019ff06b-pro-v1,arena/019ff085-pro-v1,arena/019ff0c7-pro-v1,arena/019ff146-pro-v1,arena/019ff178-pro-v1,arena/019ff1f9-pro-v1,arena/019ff215-pro-v1,arena/019ff237-pro-v1,arena/019ff422-pro-v1,arena/019ff82d-pro-v1,arena/019ff859-pro-v1,arena/019ff8b4-pro-v1,arena/019ff8c7-pro-v1,arena/019ff8f2-pro-v1,arena/019ffce9-pro-v1,arena/019ffd78-pro-v1,arena/019ffe92-pro-v1,arena/019ffece-pro-v1,arena/019fffd5-pro-v1,arena/01a0064f-pro-v1,chore/platform-rebuild-baseline,feat/admin-social-management,feature/uc2000-ve-sms-browser-audit,fix/restore-websocket-registrations,revert-37-arena/019ffd78-pro-v1"
RED_Ultimate_V1-main/RED_Ultimate/backend-server/src/test/kotlin/com/red/server/PstnCallProgressTrackerTest.kt,28,"arena/019fe8fa-pro-v1,arena/019fe9e3-pro-v1,arena/019ff019-pro-v1,arena/019ff06b-pro-v1,arena/019ff085-pro-v1,arena/019ff0c7-pro-v1,arena/019ff146-pro-v1,arena/019ff178-pro-v1,arena/019ff1f9-pro-v1,arena/019ff215-pro-v1,arena/019ff237-pro-v1,arena/019ff422-pro-v1,arena/019ff82d-pro-v1,arena/019ff859-pro-v1,arena/019ff8b4-pro-v1,arena/019ff8c7-pro-v1,arena/019ff8f2-pro-v1,arena/019ffce9-pro-v1,arena/019ffd78-pro-v1,arena/019ffe92-pro-v1,arena/019ffece-pro-v1,arena/019fffd5-pro-v1,arena/01a0064f-pro-v1,chore/platform-rebuild-baseline,feat/admin-social-management,feature/uc2000-ve-sms-browser-audit,fix/restore-websocket-registrations,revert-37-arena/019ffd78-pro-v1"
RED_Ultimate_V1-main/RED_Ultimate/backend-server/src/test/kotlin/com/red/server/services/SmsEncodingDetectionTest.kt,28,"arena/019fe8fa-pro-v1,arena/019fe9e3-pro-v1,arena/019ff019-pro-v1,arena/019ff06b-pro-v1,arena/019ff085-pro-v1,arena/019ff0c7-pro-v1,arena/019ff146-pro-v1,arena/019ff178-pro-v1,arena/019ff1f9-pro-v1,arena/019ff215-pro-v1,arena/019ff237-pro-v1,arena/019ff422-pro-v1,arena/019ff82d-pro-v1,arena/019ff859-pro-v1,arena/019ff8b4-pro-v1,arena/019ff8c7-pro-v1,arena/019ff8f2-pro-v1,arena/019ffce9-pro-v1,arena/019ffd78-pro-v1,arena/019ffe92-pro-v1,arena/019ffece-pro-v1,arena/019fffd5-pro-v1,arena/01a0064f-pro-v1,chore/platform-rebuild-baseline,feat/admin-social-management,feature/uc2000-ve-sms-browser-audit,fix/restore-websocket-registrations,revert-37-arena/019ffd78-pro-v1"
RED_Ultimate_V1-main/RED_Ultimate/backend-server/src/test/kotlin/com/red/server/social/FeedFriendsScopeTest.kt,28,"arena/019fe8fa-pro-v1,arena/019fe9e3-pro-v1,arena/019ff019-pro-v1,arena/019ff06b-pro-v1,arena/019ff085-pro-v1,arena/019ff0c7-pro-v1,arena/019ff146-pro-v1,arena/019ff178-pro-v1,arena/019ff1f9-pro-v1,arena/019ff215-pro-v1,arena/019ff237-pro-v1,arena/019ff422-pro-v1,arena/019ff82d-pro-v1,arena/019ff859-pro-v1,arena/019ff8b4-pro-v1,arena/019ff8c7-pro-v1,arena/019ff8f2-pro-v1,arena/019ffce9-pro-v1,arena/019ffd78-pro-v1,arena/019ffe92-pro-v1,arena/019ffece-pro-v1,arena/019fffd5-pro-v1,arena/01a0064f-pro-v1,chore/platform-rebuild-baseline,feat/admin-social-management,feature/uc2000-ve-sms-browser-audit,fix/restore-websocket-registrations,revert-37-arena/019ffd78-pro-v1"
RED_Ultimate_V1-main/RED_Ultimate/docs/UI_SPLIT_2026-08-19.md,28,"arena/019fe8fa-pro-v1,arena/019fe9e3-pro-v1,arena/019ff019-pro-v1,arena/019ff06b-pro-v1,arena/019ff085-pro-v1,arena/019ff0c7-pro-v1,arena/019ff146-pro-v1,arena/019ff178-pro-v1,arena/019ff1f9-pro-v1,arena/019ff215-pro-v1,arena/019ff237-pro-v1,arena/019ff422-pro-v1,arena/019ff82d-pro-v1,arena/019ff859-pro-v1,arena/019ff8b4-pro-v1,arena/019ff8c7-pro-v1,arena/019ff8f2-pro-v1,arena/019ffce9-pro-v1,arena/019ffd78-pro-v1,arena/019ffe92-pro-v1,arena/019ffece-pro-v1,arena/019fffd5-pro-v1,arena/01a0064f-pro-v1,chore/platform-rebuild-baseline,feat/admin-social-management,feature/uc2000-ve-sms-browser-audit,fix/restore-websocket-registrations,revert-37-arena/019ffd78-pro-v1"
RED_Ultimate_V1-main/RED_Ultimate/docs/UNIFICATION_2026-08-19.md,28,"arena/019fe8fa-pro-v1,arena/019fe9e3-pro-v1,arena/019ff019-pro-v1,arena/019ff06b-pro-v1,arena/019ff085-pro-v1,arena/019ff0c7-pro-v1,arena/019ff146-pro-v1,arena/019ff178-pro-v1,arena/019ff1f9-pro-v1,arena/019ff215-pro-v1,arena/019ff237-pro-v1,arena/019ff422-pro-v1,arena/019ff82d-pro-v1,arena/019ff859-pro-v1,arena/019ff8b4-pro-v1,arena/019ff8c7-pro-v1,arena/019ff8f2-pro-v1,arena/019ffce9-pro-v1,arena/019ffd78-pro-v1,arena/019ffe92-pro-v1,arena/019ffece-pro-v1,arena/019fffd5-pro-v1,arena/01a0064f-pro-v1,chore/platform-rebuild-baseline,feat/admin-social-management,feature/uc2000-ve-sms-browser-audit,fix/restore-websocket-registrations,revert-37-arena/019ffd78-pro-v1"
RED_Ultimate_V1-main/RED_Ultimate/docs/WINDOWS_GIT_DOCKER_2026-08-19.md,28,"arena/019fe8fa-pro-v1,arena/019fe9e3-pro-v1,arena/019ff019-pro-v1,arena/019ff06b-pro-v1,arena/019ff085-pro-v1,arena/019ff0c7-pro-v1,arena/019ff146-pro-v1,arena/019ff178-pro-v1,arena/019ff1f9-pro-v1,arena/019ff215-pro-v1,arena/019ff237-pro-v1,arena/019ff422-pro-v1,arena/019ff82d-pro-v1,arena/019ff859-pro-v1,arena/019ff8b4-pro-v1,arena/019ff8c7-pro-v1,arena/019ff8f2-pro-v1,arena/019ffce9-pro-v1,arena/019ffd78-pro-v1,arena/019ffe92-pro-v1,arena/019ffece-pro-v1,arena/019fffd5-pro-v1,arena/01a0064f-pro-v1,chore/platform-rebuild-baseline,feat/admin-social-management,feature/uc2000-ve-sms-browser-audit,fix/restore-websocket-registrations,revert-37-arena/019ffd78-pro-v1"
RED_Ultimate_V1-main/RED_Ultimate/red-app/artwork/ic_launcher_mdpi_source.svg,28,"arena/019fe8fa-pro-v1,arena/019fe9e3-pro-v1,arena/019ff019-pro-v1,arena/019ff06b-pro-v1,arena/019ff085-pro-v1,arena/019ff0c7-pro-v1,arena/019ff146-pro-v1,arena/019ff178-pro-v1,arena/019ff1f9-pro-v1,arena/019ff215-pro-v1,arena/019ff237-pro-v1,arena/019ff422-pro-v1,arena/019ff82d-pro-v1,arena/019ff859-pro-v1,arena/019ff8b4-pro-v1,arena/019ff8c7-pro-v1,arena/019ff8f2-pro-v1,arena/019ffce9-pro-v1,arena/019ffd78-pro-v1,arena/019ffe92-pro-v1,arena/019ffece-pro-v1,arena/019fffd5-pro-v1,arena/01a0064f-pro-v1,chore/platform-rebuild-baseline,feat/admin-social-management,feature/uc2000-ve-sms-browser-audit,fix/restore-websocket-registrations,revert-37-arena/019ffd78-pro-v1"
RED_Ultimate_V1-main/RED_Ultimate/red-app/src/main/java/com/red/sovereign/_archive/DeviceSettingsScreen.kt.archived,28,"arena/019fe8fa-pro-v1,arena/019fe9e3-pro-v1,arena/019ff019-pro-v1,arena/019ff06b-pro-v1,arena/019ff085-pro-v1,arena/019ff0c7-pro-v1,arena/019ff146-pro-v1,arena/019ff178-pro-v1,arena/019ff1f9-pro-v1,arena/019ff215-pro-v1,arena/019ff237-pro-v1,arena/019ff422-pro-v1,arena/019ff82d-pro-v1,arena/019ff859-pro-v1,arena/019ff8b4-pro-v1,arena/019ff8c7-pro-v1,arena/019ff8f2-pro-v1,arena/019ffce9-pro-v1,arena/019ffd78-pro-v1,arena/019ffe92-pro-v1,arena/019ffece-pro-v1,arena/019fffd5-pro-v1,arena/01a0064f-pro-v1,chore/platform-rebuild-baseline,feat/admin-social-management,feature/uc2000-ve-sms-browser-audit,fix/restore-websocket-registrations,revert-37-arena/019ffd78-pro-v1"
RED_Ultimate_V1-main/RED_Ultimate/red-app/src/main/java/com/red/sovereign/_archive/DinstarBackoffTest.kt.archived,28,"arena/019fe8fa-pro-v1,arena/019fe9e3-pro-v1,arena/019ff019-pro-v1,arena/019ff06b-pro-v1,arena/019ff085-pro-v1,arena/019ff0c7-pro-v1,arena/019ff146-pro-v1,arena/019ff178-pro-v1,arena/019ff1f9-pro-v1,arena/019ff215-pro-v1,arena/019ff237-pro-v1,arena/019ff422-pro-v1,arena/019ff82d-pro-v1,arena/019ff859-pro-v1,arena/019ff8b4-pro-v1,arena/019ff8c7-pro-v1,arena/019ff8f2-pro-v1,arena/019ffce9-pro-v1,arena/019ffd78-pro-v1,arena/019ffe92-pro-v1,arena/019ffece-pro-v1,arena/019fffd5-pro-v1,arena/01a0064f-pro-v1,chore/platform-rebuild-baseline,feat/admin-social-management,feature/uc2000-ve-sms-browser-audit,fix/restore-websocket-registrations,revert-37-arena/019ffd78-pro-v1"
RED_Ultimate_V1-main/RED_Ultimate/red-app/src/main/java/com/red/sovereign/_archive/DinstarViewModel.kt.archived,28,"arena/019fe8fa-pro-v1,arena/019fe9e3-pro-v1,arena/019ff019-pro-v1,arena/019ff06b-pro-v1,arena/019ff085-pro-v1,arena/019ff0c7-pro-v1,arena/019ff146-pro-v1,arena/019ff178-pro-v1,arena/019ff1f9-pro-v1,arena/019ff215-pro-v1,arena/019ff237-pro-v1,arena/019ff422-pro-v1,arena/019ff82d-pro-v1,arena/019ff859-pro-v1,arena/019ff8b4-pro-v1,arena/019ff8c7-pro-v1,arena/019ff8f2-pro-v1,arena/019ffce9-pro-v1,arena/019ffd78-pro-v1,arena/019ffe92-pro-v1,arena/019ffece-pro-v1,arena/019fffd5-pro-v1,arena/01a0064f-pro-v1,chore/platform-rebuild-baseline,feat/admin-social-management,feature/uc2000-ve-sms-browser-audit,fix/restore-websocket-registrations,revert-37-arena/019ffd78-pro-v1"
RED_Ultimate_V1-main/RED_Ultimate/red-app/src/main/java/com/red/sovereign/_archive/DinstarWebSocketBridge.kt.archived,28,"arena/019fe8fa-pro-v1,arena/019fe9e3-pro-v1,arena/019ff019-pro-v1,arena/019ff06b-pro-v1,arena/019ff085-pro-v1,arena/019ff0c7-pro-v1,arena/019ff146-pro-v1,arena/019ff178-pro-v1,arena/019ff1f9-pro-v1,arena/019ff215-pro-v1,arena/019ff237-pro-v1,arena/019ff422-pro-v1,arena/019ff82d-pro-v1,arena/019ff859-pro-v1,arena/019ff8b4-pro-v1,arena/019ff8c7-pro-v1,arena/019ff8f2-pro-v1,arena/019ffce9-pro-v1,arena/019ffd78-pro-v1,arena/019ffe92-pro-v1,arena/019ffece-pro-v1,arena/019fffd5-pro-v1,arena/01a0064f-pro-v1,chore/platform-rebuild-baseline,feat/admin-social-management,feature/uc2000-ve-sms-browser-audit,fix/restore-websocket-registrations,revert-37-arena/019ffd78-pro-v1"
RED_Ultimate_V1-main/RED_Ultimate/red-app/src/main/java/com/red/sovereign/_archive/IncomingPstnCallScreen.kt.archived,28,"arena/019fe8fa-pro-v1,arena/019fe9e3-pro-v1,arena/019ff019-pro-v1,arena/019ff06b-pro-v1,arena/019ff085-pro-v1,arena/019ff0c7-pro-v1,arena/019ff146-pro-v1,arena/019ff178-pro-v1,arena/019ff1f9-pro-v1,arena/019ff215-pro-v1,arena/019ff237-pro-v1,arena/019ff422-pro-v1,arena/019ff82d-pro-v1,arena/019ff859-pro-v1,arena/019ff8b4-pro-v1,arena/019ff8c7-pro-v1,arena/019ff8f2-pro-v1,arena/019ffce9-pro-v1,arena/019ffd78-pro-v1,arena/019ffe92-pro-v1,arena/019ffece-pro-v1,arena/019fffd5-pro-v1,arena/01a0064f-pro-v1,chore/platform-rebuild-baseline,feat/admin-social-management,feature/uc2000-ve-sms-browser-audit,fix/restore-websocket-registrations,revert-37-arena/019ffd78-pro-v1"
RED_Ultimate_V1-main/RED_Ultimate/red-app/src/main/java/com/red/sovereign/_archive/PstnCallScreen.calls.kt.archived,28,"arena/019fe8fa-pro-v1,arena/019fe9e3-pro-v1,arena/019ff019-pro-v1,arena/019ff06b-pro-v1,arena/019ff085-pro-v1,arena/019ff0c7-pro-v1,arena/019ff146-pro-v1,arena/019ff178-pro-v1,arena/019ff1f9-pro-v1,arena/019ff215-pro-v1,arena/019ff237-pro-v1,arena/019ff422-pro-v1,arena/019ff82d-pro-v1,arena/019ff859-pro-v1,arena/019ff8b4-pro-v1,arena/019ff8c7-pro-v1,arena/019ff8f2-pro-v1,arena/019ffce9-pro-v1,arena/019ffd78-pro-v1,arena/019ffe92-pro-v1,arena/019ffece-pro-v1,arena/019fffd5-pro-v1,arena/01a0064f-pro-v1,chore/platform-rebuild-baseline,feat/admin-social-management,feature/uc2000-ve-sms-browser-audit,fix/restore-websocket-registrations,revert-37-arena/019ffd78-pro-v1"
RED_Ultimate_V1-main/RED_Ultimate/red-app/src/main/java/com/red/sovereign/_archive/PstnCallScreen.features.kt.archived,28,"arena/019fe8fa-pro-v1,arena/019fe9e3-pro-v1,arena/019ff019-pro-v1,arena/019ff06b-pro-v1,arena/019ff085-pro-v1,arena/019ff0c7-pro-v1,arena/019ff146-pro-v1,arena/019ff178-pro-v1,arena/019ff1f9-pro-v1,arena/019ff215-pro-v1,arena/019ff237-pro-v1,arena/019ff422-pro-v1,arena/019ff82d-pro-v1,arena/019ff859-pro-v1,arena/019ff8b4-pro-v1,arena/019ff8c7-pro-v1,arena/019ff8f2-pro-v1,arena/019ffce9-pro-v1,arena/019ffd78-pro-v1,arena/019ffe92-pro-v1,arena/019ffece-pro-v1,arena/019fffd5-pro-v1,arena/01a0064f-pro-v1,chore/platform-rebuild-baseline,feat/admin-social-management,feature/uc2000-ve-sms-browser-audit,fix/restore-websocket-registrations,revert-37-arena/019ffd78-pro-v1"
RED_Ultimate_V1-main/RED_Ultimate/red-app/src/main/java/com/red/sovereign/_archive/SovereignCallSystem.kt.archived,28,"arena/019fe8fa-pro-v1,arena/019fe9e3-pro-v1,arena/019ff019-pro-v1,arena/019ff06b-pro-v1,arena/019ff085-pro-v1,arena/019ff0c7-pro-v1,arena/019ff146-pro-v1,arena/019ff178-pro-v1,arena/019ff1f9-pro-v1,arena/019ff215-pro-v1,arena/019ff237-pro-v1,arena/019ff422-pro-v1,arena/019ff82d-pro-v1,arena/019ff859-pro-v1,arena/019ff8b4-pro-v1,arena/019ff8c7-pro-v1,arena/019ff8f2-pro-v1,arena/019ffce9-pro-v1,arena/019ffd78-pro-v1,arena/019ffe92-pro-v1,arena/019ffece-pro-v1,arena/019fffd5-pro-v1,arena/01a0064f-pro-v1,chore/platform-rebuild-baseline,feat/admin-social-management,feature/uc2000-ve-sms-browser-audit,fix/restore-websocket-registrations,revert-37-arena/019ffd78-pro-v1"
RED_Ultimate_V1-main/RED_Ultimate/red-app/src/main/java/com/red/sovereign/calls/CallScreen.kt,28,"arena/019fe8fa-pro-v1,arena/019fe9e3-pro-v1,arena/019ff019-pro-v1,arena/019ff06b-pro-v1,arena/019ff085-pro-v1,arena/019ff0c7-pro-v1,arena/019ff146-pro-v1,arena/019ff178-pro-v1,arena/019ff1f9-pro-v1,arena/019ff215-pro-v1,arena/019ff237-pro-v1,arena/019ff422-pro-v1,arena/019ff82d-pro-v1,arena/019ff859-pro-v1,arena/019ff8b4-pro-v1,arena/019ff8c7-pro-v1,arena/019ff8f2-pro-v1,arena/019ffce9-pro-v1,arena/019ffd78-pro-v1,arena/019ffe92-pro-v1,arena/019ffece-pro-v1,arena/019fffd5-pro-v1,arena/01a0064f-pro-v1,chore/platform-rebuild-baseline,feat/admin-social-management,feature/uc2000-ve-sms-browser-audit,fix/restore-websocket-registrations,revert-37-arena/019ffd78-pro-v1"
RED_Ultimate_V1-main/RED_Ultimate/red-app/src/main/java/com/red/sovereign/calls/PstnCallModels.kt,28,"arena/019fe8fa-pro-v1,arena/019fe9e3-pro-v1,arena/019ff019-pro-v1,arena/019ff06b-pro-v1,arena/019ff085-pro-v1,arena/019ff0c7-pro-v1,arena/019ff146-pro-v1,arena/019ff178-pro-v1,arena/019ff1f9-pro-v1,arena/019ff215-pro-v1,arena/019ff237-pro-v1,arena/019ff422-pro-v1,arena/019ff82d-pro-v1,arena/019ff859-pro-v1,arena/019ff8b4-pro-v1,arena/019ff8c7-pro-v1,arena/019ff8f2-pro-v1,arena/019ffce9-pro-v1,arena/019ffd78-pro-v1,arena/019ffe92-pro-v1,arena/019ffece-pro-v1,arena/019fffd5-pro-v1,arena/01a0064f-pro-v1,chore/platform-rebuild-baseline,feat/admin-social-management,feature/uc2000-ve-sms-browser-audit,fix/restore-websocket-registrations,revert-37-arena/019ffd78-pro-v1"
RED_Ultimate_V1-main/RED_Ultimate/red-app/src/main/java/com/red/sovereign/calls/PstnCallOverlay.kt,28,"arena/019fe8fa-pro-v1,arena/019fe9e3-pro-v1,arena/019ff019-pro-v1,arena/019ff06b-pro-v1,arena/019ff085-pro-v1,arena/019ff0c7-pro-v1,arena/019ff146-pro-v1,arena/019ff178-pro-v1,arena/019ff1f9-pro-v1,arena/019ff215-pro-v1,arena/019ff237-pro-v1,arena/019ff422-pro-v1,arena/019ff82d-pro-v1,arena/019ff859-pro-v1,arena/019ff8b4-pro-v1,arena/019ff8c7-pro-v1,arena/019ff8f2-pro-v1,arena/019ffce9-pro-v1,arena/019ffd78-pro-v1,arena/019ffe92-pro-v1,arena/019ffece-pro-v1,arena/019fffd5-pro-v1,arena/01a0064f-pro-v1,chore/platform-rebuild-baseline,feat/admin-social-management,feature/uc2000-ve-sms-browser-audit,fix/restore-websocket-registrations,revert-37-arena/019ffd78-pro-v1"
RED_Ultimate_V1-main/RED_Ultimate/red-app/src/main/java/com/red/sovereign/core/workers/StoryCleanupWorker.kt,28,"arena/019fe8fa-pro-v1,arena/019fe9e3-pro-v1,arena/019ff019-pro-v1,arena/019ff06b-pro-v1,arena/019ff085-pro-v1,arena/019ff0c7-pro-v1,arena/019ff146-pro-v1,arena/019ff178-pro-v1,arena/019ff1f9-pro-v1,arena/019ff215-pro-v1,arena/019ff237-pro-v1,arena/019ff422-pro-v1,arena/019ff82d-pro-v1,arena/019ff859-pro-v1,arena/019ff8b4-pro-v1,arena/019ff8c7-pro-v1,arena/019ff8f2-pro-v1,arena/019ffce9-pro-v1,arena/019ffd78-pro-v1,arena/019ffe92-pro-v1,arena/019ffece-pro-v1,arena/019fffd5-pro-v1,arena/01a0064f-pro-v1,chore/platform-rebuild-baseline,feat/admin-social-management,feature/uc2000-ve-sms-browser-audit,fix/restore-websocket-registrations,revert-37-arena/019ffd78-pro-v1"
RED_Ultimate_V1-main/RED_Ultimate/red-app/src/main/java/com/red/sovereign/features/pstn/PhoneNumberFormat.kt,28,"arena/019fe8fa-pro-v1,arena/019fe9e3-pro-v1,arena/019ff019-pro-v1,arena/019ff06b-pro-v1,arena/019ff085-pro-v1,arena/019ff0c7-pro-v1,arena/019ff146-pro-v1,arena/019ff178-pro-v1,arena/019ff1f9-pro-v1,arena/019ff215-pro-v1,arena/019ff237-pro-v1,arena/019ff422-pro-v1,arena/019ff82d-pro-v1,arena/019ff859-pro-v1,arena/019ff8b4-pro-v1,arena/019ff8c7-pro-v1,arena/019ff8f2-pro-v1,arena/019ffce9-pro-v1,arena/019ffd78-pro-v1,arena/019ffe92-pro-v1,arena/019ffece-pro-v1,arena/019fffd5-pro-v1,arena/01a0064f-pro-v1,chore/platform-rebuild-baseline,feat/admin-social-management,feature/uc2000-ve-sms-browser-audit,fix/restore-websocket-registrations,revert-37-arena/019ffd78-pro-v1"
RED_Ultimate_V1-main/RED_Ultimate/red-app/src/main/java/com/red/sovereign/ui/CallsScreens.kt,28,"arena/019fe8fa-pro-v1,arena/019fe9e3-pro-v1,arena/019ff019-pro-v1,arena/019ff06b-pro-v1,arena/019ff085-pro-v1,arena/019ff0c7-pro-v1,arena/019ff146-pro-v1,arena/019ff178-pro-v1,arena/019ff1f9-pro-v1,arena/019ff215-pro-v1,arena/019ff237-pro-v1,arena/019ff422-pro-v1,arena/019ff82d-pro-v1,arena/019ff859-pro-v1,arena/019ff8b4-pro-v1,arena/019ff8c7-pro-v1,arena/019ff8f2-pro-v1,arena/019ffce9-pro-v1,arena/019ffd78-pro-v1,arena/019ffe92-pro-v1,arena/019ffece-pro-v1,arena/019fffd5-pro-v1,arena/01a0064f-pro-v1,chore/platform-rebuild-baseline,feat/admin-social-management,feature/uc2000-ve-sms-browser-audit,fix/restore-websocket-registrations,revert-37-arena/019ffd78-pro-v1"
RED_Ultimate_V1-main/RED_Ultimate/red-app/src/main/java/com/red/sovereign/ui/FeedScreens.kt,28,"arena/019fe8fa-pro-v1,arena/019fe9e3-pro-v1,arena/019ff019-pro-v1,arena/019ff06b-pro-v1,arena/019ff085-pro-v1,arena/019ff0c7-pro-v1,arena/019ff146-pro-v1,arena/019ff178-pro-v1,arena/019ff1f9-pro-v1,arena/019ff215-pro-v1,arena/019ff237-pro-v1,arena/019ff422-pro-v1,arena/019ff82d-pro-v1,arena/019ff859-pro-v1,arena/019ff8b4-pro-v1,arena/019ff8c7-pro-v1,arena/019ff8f2-pro-v1,arena/019ffce9-pro-v1,arena/019ffd78-pro-v1,arena/019ffe92-pro-v1,arena/019ffece-pro-v1,arena/019fffd5-pro-v1,arena/01a0064f-pro-v1,chore/platform-rebuild-baseline,feat/admin-social-management,feature/uc2000-ve-sms-browser-audit,fix/restore-websocket-registrations,revert-37-arena/019ffd78-pro-v1"
RED_Ultimate_V1-main/RED_Ultimate/red-app/src/main/java/com/red/sovereign/ui/MessageContent.kt,28,"arena/019fe8fa-pro-v1,arena/019fe9e3-pro-v1,arena/019ff019-pro-v1,arena/019ff06b-pro-v1,arena/019ff085-pro-v1,arena/019ff0c7-pro-v1,arena/019ff146-pro-v1,arena/019ff178-pro-v1,arena/019ff1f9-pro-v1,arena/019ff215-pro-v1,arena/019ff237-pro-v1,arena/019ff422-pro-v1,arena/019ff82d-pro-v1,arena/019ff859-pro-v1,arena/019ff8b4-pro-v1,arena/019ff8c7-pro-v1,arena/019ff8f2-pro-v1,arena/019ffce9-pro-v1,arena/019ffd78-pro-v1,arena/019ffe92-pro-v1,arena/019ffece-pro-v1,arena/019fffd5-pro-v1,arena/01a0064f-pro-v1,chore/platform-rebuild-baseline,feat/admin-social-management,feature/uc2000-ve-sms-browser-audit,fix/restore-websocket-registrations,revert-37-arena/019ffd78-pro-v1"
RED_Ultimate_V1-main/RED_Ultimate/red-app/src/main/java/com/red/sovereign/ui/SafetyNumberDialogs.kt,28,"arena/019fe8fa-pro-v1,arena/019fe9e3-pro-v1,arena/019ff019-pro-v1,arena/019ff06b-pro-v1,arena/019ff085-pro-v1,arena/019ff0c7-pro-v1,arena/019ff146-pro-v1,arena/019ff178-pro-v1,arena/019ff1f9-pro-v1,arena/019ff215-pro-v1,arena/019ff237-pro-v1,arena/019ff422-pro-v1,arena/019ff82d-pro-v1,arena/019ff859-pro-v1,arena/019ff8b4-pro-v1,arena/019ff8c7-pro-v1,arena/019ff8f2-pro-v1,arena/019ffce9-pro-v1,arena/019ffd78-pro-v1,arena/019ffe92-pro-v1,arena/019ffece-pro-v1,arena/019fffd5-pro-v1,arena/01a0064f-pro-v1,chore/platform-rebuild-baseline,feat/admin-social-management,feature/uc2000-ve-sms-browser-audit,fix/restore-websocket-registrations,revert-37-arena/019ffd78-pro-v1"
RED_Ultimate_V1-main/RED_Ultimate/red-app/src/main/java/com/red/sovereign/ui/components/AdaptiveLayoutUtils.kt,28,"arena/019fe8fa-pro-v1,arena/019fe9e3-pro-v1,arena/019ff019-pro-v1,arena/019ff06b-pro-v1,arena/019ff085-pro-v1,arena/019ff0c7-pro-v1,arena/019ff146-pro-v1,arena/019ff178-pro-v1,arena/019ff1f9-pro-v1,arena/019ff215-pro-v1,arena/019ff237-pro-v1,arena/019ff422-pro-v1,arena/019ff82d-pro-v1,arena/019ff859-pro-v1,arena/019ff8b4-pro-v1,arena/019ff8c7-pro-v1,arena/019ff8f2-pro-v1,arena/019ffce9-pro-v1,arena/019ffd78-pro-v1,arena/019ffe92-pro-v1,arena/019ffece-pro-v1,arena/019fffd5-pro-v1,arena/01a0064f-pro-v1,chore/platform-rebuild-baseline,feat/admin-social-management,feature/uc2000-ve-sms-browser-audit,fix/restore-websocket-registrations,revert-37-arena/019ffd78-pro-v1"
RED_Ultimate_V1-main/RED_Ultimate/red-app/src/main/java/com/red/sovereign/ui/components/SovereignBottomBar.kt,28,"arena/019fe8fa-pro-v1,arena/019fe9e3-pro-v1,arena/019ff019-pro-v1,arena/019ff06b-pro-v1,arena/019ff085-pro-v1,arena/019ff0c7-pro-v1,arena/019ff146-pro-v1,arena/019ff178-pro-v1,arena/019ff1f9-pro-v1,arena/019ff215-pro-v1,arena/019ff237-pro-v1,arena/019ff422-pro-v1,arena/019ff82d-pro-v1,arena/019ff859-pro-v1,arena/019ff8b4-pro-v1,arena/019ff8c7-pro-v1,arena/019ff8f2-pro-v1,arena/019ffce9-pro-v1,arena/019ffd78-pro-v1,arena/019ffe92-pro-v1,arena/019ffece-pro-v1,arena/019fffd5-pro-v1,arena/01a0064f-pro-v1,chore/platform-rebuild-baseline,feat/admin-social-management,feature/uc2000-ve-sms-browser-audit,fix/restore-websocket-registrations,revert-37-arena/019ffd78-pro-v1"
RED_Ultimate_V1-main/RED_Ultimate/red-app/src/main/java/com/red/sovereign/ui/components/SovereignTopBar.kt,28,"arena/019fe8fa-pro-v1,arena/019fe9e3-pro-v1,arena/019ff019-pro-v1,arena/019ff06b-pro-v1,arena/019ff085-pro-v1,arena/019ff0c7-pro-v1,arena/019ff146-pro-v1,arena/019ff178-pro-v1,arena/019ff1f9-pro-v1,arena/019ff215-pro-v1,arena/019ff237-pro-v1,arena/019ff422-pro-v1,arena/019ff82d-pro-v1,arena/019ff859-pro-v1,arena/019ff8b4-pro-v1,arena/019ff8c7-pro-v1,arena/019ff8f2-pro-v1,arena/019ffce9-pro-v1,arena/019ffd78-pro-v1,arena/019ffe92-pro-v1,arena/019ffece-pro-v1,arena/019fffd5-pro-v1,arena/01a0064f-pro-v1,chore/platform-rebuild-baseline,feat/admin-social-management,feature/uc2000-ve-sms-browser-audit,fix/restore-websocket-registrations,revert-37-arena/019ffd78-pro-v1"
RED_Ultimate_V1-main/RED_Ultimate/red-app/src/main/java/com/red/sovereign/ui/components/SovereignUiComponents.kt,28,"arena/019fe8fa-pro-v1,arena/019fe9e3-pro-v1,arena/019ff019-pro-v1,arena/019ff06b-pro-v1,arena/019ff085-pro-v1,arena/019ff0c7-pro-v1,arena/019ff146-pro-v1,arena/019ff178-pro-v1,arena/019ff1f9-pro-v1,arena/019ff215-pro-v1,arena/019ff237-pro-v1,arena/019ff422-pro-v1,arena/019ff82d-pro-v1,arena/019ff859-pro-v1,arena/019ff8b4-pro-v1,arena/019ff8c7-pro-v1,arena/019ff8f2-pro-v1,arena/019ffce9-pro-v1,arena/019ffd78-pro-v1,arena/019ffe92-pro-v1,arena/019ffece-pro-v1,arena/019fffd5-pro-v1,arena/01a0064f-pro-v1,chore/platform-rebuild-baseline,feat/admin-social-management,feature/uc2000-ve-sms-browser-audit,fix/restore-websocket-registrations,revert-37-arena/019ffd78-pro-v1"
RED_Ultimate_V1-main/RED_Ultimate/red-app/src/main/res/font/plex_arabic.xml,28,"arena/019fe8fa-pro-v1,arena/019fe9e3-pro-v1,arena/019ff019-pro-v1,arena/019ff06b-pro-v1,arena/019ff085-pro-v1,arena/019ff0c7-pro-v1,arena/019ff146-pro-v1,arena/019ff178-pro-v1,arena/019ff1f9-pro-v1,arena/019ff215-pro-v1,arena/019ff237-pro-v1,arena/019ff422-pro-v1,arena/019ff82d-pro-v1,arena/019ff859-pro-v1,arena/019ff8b4-pro-v1,arena/019ff8c7-pro-v1,arena/019ff8f2-pro-v1,arena/019ffce9-pro-v1,arena/019ffd78-pro-v1,arena/019ffe92-pro-v1,arena/019ffece-pro-v1,arena/019fffd5-pro-v1,arena/01a0064f-pro-v1,chore/platform-rebuild-baseline,feat/admin-social-management,feature/uc2000-ve-sms-browser-audit,fix/restore-websocket-registrations,revert-37-arena/019ffd78-pro-v1"
RED_Ultimate_V1-main/RED_Ultimate/red-app/src/main/res/font/plex_arabic_bold.ttf,28,"arena/019fe8fa-pro-v1,arena/019fe9e3-pro-v1,arena/019ff019-pro-v1,arena/019ff06b-pro-v1,arena/019ff085-pro-v1,arena/019ff0c7-pro-v1,arena/019ff146-pro-v1,arena/019ff178-pro-v1,arena/019ff1f9-pro-v1,arena/019ff215-pro-v1,arena/019ff237-pro-v1,arena/019ff422-pro-v1,arena/019ff82d-pro-v1,arena/019ff859-pro-v1,arena/019ff8b4-pro-v1,arena/019ff8c7-pro-v1,arena/019ff8f2-pro-v1,arena/019ffce9-pro-v1,arena/019ffd78-pro-v1,arena/019ffe92-pro-v1,arena/019ffece-pro-v1,arena/019fffd5-pro-v1,arena/01a0064f-pro-v1,chore/platform-rebuild-baseline,feat/admin-social-management,feature/uc2000-ve-sms-browser-audit,fix/restore-websocket-registrations,revert-37-arena/019ffd78-pro-v1"
RED_Ultimate_V1-main/RED_Ultimate/red-app/src/main/res/font/plex_arabic_medium.ttf,28,"arena/019fe8fa-pro-v1,arena/019fe9e3-pro-v1,arena/019ff019-pro-v1,arena/019ff06b-pro-v1,arena/019ff085-pro-v1,arena/019ff0c7-pro-v1,arena/019ff146-pro-v1,arena/019ff178-pro-v1,arena/019ff1f9-pro-v1,arena/019ff215-pro-v1,arena/019ff237-pro-v1,arena/019ff422-pro-v1,arena/019ff82d-pro-v1,arena/019ff859-pro-v1,arena/019ff8b4-pro-v1,arena/019ff8c7-pro-v1,arena/019ff8f2-pro-v1,arena/019ffce9-pro-v1,arena/019ffd78-pro-v1,arena/019ffe92-pro-v1,arena/019ffece-pro-v1,arena/019fffd5-pro-v1,arena/01a0064f-pro-v1,chore/platform-rebuild-baseline,feat/admin-social-management,feature/uc2000-ve-sms-browser-audit,fix/restore-websocket-registrations,revert-37-arena/019ffd78-pro-v1"
RED_Ultimate_V1-main/RED_Ultimate/red-app/src/main/res/font/plex_arabic_regular.ttf,28,"arena/019fe8fa-pro-v1,arena/019fe9e3-pro-v1,arena/019ff019-pro-v1,arena/019ff06b-pro-v1,arena/019ff085-pro-v1,arena/019ff0c7-pro-v1,arena/019ff146-pro-v1,arena/019ff178-pro-v1,arena/019ff1f9-pro-v1,arena/019ff215-pro-v1,arena/019ff237-pro-v1,arena/019ff422-pro-v1,arena/019ff82d-pro-v1,arena/019ff859-pro-v1,arena/019ff8b4-pro-v1,arena/019ff8c7-pro-v1,arena/019ff8f2-pro-v1,arena/019ffce9-pro-v1,arena/019ffd78-pro-v1,arena/019ffe92-pro-v1,arena/019ffece-pro-v1,arena/019fffd5-pro-v1,arena/01a0064f-pro-v1,chore/platform-rebuild-baseline,feat/admin-social-management,feature/uc2000-ve-sms-browser-audit,fix/restore-websocket-registrations,revert-37-arena/019ffd78-pro-v1"
RED_Ultimate_V1-main/RED_Ultimate/red-app/src/main/res/font/plex_arabic_semibold.ttf,28,"arena/019fe8fa-pro-v1,arena/019fe9e3-pro-v1,arena/019ff019-pro-v1,arena/019ff06b-pro-v1,arena/019ff085-pro-v1,arena/019ff0c7-pro-v1,arena/019ff146-pro-v1,arena/019ff178-pro-v1,arena/019ff1f9-pro-v1,arena/019ff215-pro-v1,arena/019ff237-pro-v1,arena/019ff422-pro-v1,arena/019ff82d-pro-v1,arena/019ff859-pro-v1,arena/019ff8b4-pro-v1,arena/019ff8c7-pro-v1,arena/019ff8f2-pro-v1,arena/019ffce9-pro-v1,arena/019ffd78-pro-v1,arena/019ffe92-pro-v1,arena/019ffece-pro-v1,arena/019fffd5-pro-v1,arena/01a0064f-pro-v1,chore/platform-rebuild-baseline,feat/admin-social-management,feature/uc2000-ve-sms-browser-audit,fix/restore-websocket-registrations,revert-37-arena/019ffd78-pro-v1"
RED_Ultimate_V1-main/RED_Ultimate/red-app/src/test/java/com/red/sovereign/features/dinstar/DinstarOperatorMappingTest.kt,28,"arena/019fe8fa-pro-v1,arena/019fe9e3-pro-v1,arena/019ff019-pro-v1,arena/019ff06b-pro-v1,arena/019ff085-pro-v1,arena/019ff0c7-pro-v1,arena/019ff146-pro-v1,arena/019ff178-pro-v1,arena/019ff1f9-pro-v1,arena/019ff215-pro-v1,arena/019ff237-pro-v1,arena/019ff422-pro-v1,arena/019ff82d-pro-v1,arena/019ff859-pro-v1,arena/019ff8b4-pro-v1,arena/019ff8c7-pro-v1,arena/019ff8f2-pro-v1,arena/019ffce9-pro-v1,arena/019ffd78-pro-v1,arena/019ffe92-pro-v1,arena/019ffece-pro-v1,arena/019fffd5-pro-v1,arena/01a0064f-pro-v1,chore/platform-rebuild-baseline,feat/admin-social-management,feature/uc2000-ve-sms-browser-audit,fix/restore-websocket-registrations,revert-37-arena/019ffd78-pro-v1"
RED_Ultimate_V1-main/RED_Ultimate/red-app/src/test/java/com/red/sovereign/features/pstn/PhoneNumberFormatTest.kt,28,"arena/019fe8fa-pro-v1,arena/019fe9e3-pro-v1,arena/019ff019-pro-v1,arena/019ff06b-pro-v1,arena/019ff085-pro-v1,arena/019ff0c7-pro-v1,arena/019ff146-pro-v1,arena/019ff178-pro-v1,arena/019ff1f9-pro-v1,arena/019ff215-pro-v1,arena/019ff237-pro-v1,arena/019ff422-pro-v1,arena/019ff82d-pro-v1,arena/019ff859-pro-v1,arena/019ff8b4-pro-v1,arena/019ff8c7-pro-v1,arena/019ff8f2-pro-v1,arena/019ffce9-pro-v1,arena/019ffd78-pro-v1,arena/019ffe92-pro-v1,arena/019ffece-pro-v1,arena/019fffd5-pro-v1,arena/01a0064f-pro-v1,chore/platform-rebuild-baseline,feat/admin-social-management,feature/uc2000-ve-sms-browser-audit,fix/restore-websocket-registrations,revert-37-arena/019ffd78-pro-v1"
RED_Ultimate_V1-main/RED_Ultimate/red-app/src/test/java/com/red/sovereign/settings/SettingsPersistenceTest.kt,28,"arena/019fe8fa-pro-v1,arena/019fe9e3-pro-v1,arena/019ff019-pro-v1,arena/019ff06b-pro-v1,arena/019ff085-pro-v1,arena/019ff0c7-pro-v1,arena/019ff146-pro-v1,arena/019ff178-pro-v1,arena/019ff1f9-pro-v1,arena/019ff215-pro-v1,arena/019ff237-pro-v1,arena/019ff422-pro-v1,arena/019ff82d-pro-v1,arena/019ff859-pro-v1,arena/019ff8b4-pro-v1,arena/019ff8c7-pro-v1,arena/019ff8f2-pro-v1,arena/019ffce9-pro-v1,arena/019ffd78-pro-v1,arena/019ffe92-pro-v1,arena/019ffece-pro-v1,arena/019fffd5-pro-v1,arena/01a0064f-pro-v1,chore/platform-rebuild-baseline,feat/admin-social-management,feature/uc2000-ve-sms-browser-audit,fix/restore-websocket-registrations,revert-37-arena/019ffd78-pro-v1"
RED_Ultimate_V1-main/RED_Ultimate/red-app/src/test/java/com/red/sovereign/stories/StoryContractTest.kt,28,"arena/019fe8fa-pro-v1,arena/019fe9e3-pro-v1,arena/019ff019-pro-v1,arena/019ff06b-pro-v1,arena/019ff085-pro-v1,arena/019ff0c7-pro-v1,arena/019ff146-pro-v1,arena/019ff178-pro-v1,arena/019ff1f9-pro-v1,arena/019ff215-pro-v1,arena/019ff237-pro-v1,arena/019ff422-pro-v1,arena/019ff82d-pro-v1,arena/019ff859-pro-v1,arena/019ff8b4-pro-v1,arena/019ff8c7-pro-v1,arena/019ff8f2-pro-v1,arena/019ffce9-pro-v1,arena/019ffd78-pro-v1,arena/019ffe92-pro-v1,arena/019ffece-pro-v1,arena/019fffd5-pro-v1,arena/01a0064f-pro-v1,chore/platform-rebuild-baseline,feat/admin-social-management,feature/uc2000-ve-sms-browser-audit,fix/restore-websocket-registrations,revert-37-arena/019ffd78-pro-v1"
RED_Ultimate_V1-main/RED_Ultimate/red-app/src/test/java/com/red/sovereign/ui/theme/ColorContrastTest.kt,28,"arena/019fe8fa-pro-v1,arena/019fe9e3-pro-v1,arena/019ff019-pro-v1,arena/019ff06b-pro-v1,arena/019ff085-pro-v1,arena/019ff0c7-pro-v1,arena/019ff146-pro-v1,arena/019ff178-pro-v1,arena/019ff1f9-pro-v1,arena/019ff215-pro-v1,arena/019ff237-pro-v1,arena/019ff422-pro-v1,arena/019ff82d-pro-v1,arena/019ff859-pro-v1,arena/019ff8b4-pro-v1,arena/019ff8c7-pro-v1,arena/019ff8f2-pro-v1,arena/019ffce9-pro-v1,arena/019ffd78-pro-v1,arena/019ffe92-pro-v1,arena/019ffece-pro-v1,arena/019fffd5-pro-v1,arena/01a0064f-pro-v1,chore/platform-rebuild-baseline,feat/admin-social-management,feature/uc2000-ve-sms-browser-audit,fix/restore-websocket-registrations,revert-37-arena/019ffd78-pro-v1"
RED_Ultimate_V1-main/RED_Ultimate/scripts/check-api-contracts.py,28,"arena/019fe8fa-pro-v1,arena/019fe9e3-pro-v1,arena/019ff019-pro-v1,arena/019ff06b-pro-v1,arena/019ff085-pro-v1,arena/019ff0c7-pro-v1,arena/019ff146-pro-v1,arena/019ff178-pro-v1,arena/019ff1f9-pro-v1,arena/019ff215-pro-v1,arena/019ff237-pro-v1,arena/019ff422-pro-v1,arena/019ff82d-pro-v1,arena/019ff859-pro-v1,arena/019ff8b4-pro-v1,arena/019ff8c7-pro-v1,arena/019ff8f2-pro-v1,arena/019ffce9-pro-v1,arena/019ffd78-pro-v1,arena/019ffe92-pro-v1,arena/019ffece-pro-v1,arena/019fffd5-pro-v1,arena/01a0064f-pro-v1,chore/platform-rebuild-baseline,feat/admin-social-management,feature/uc2000-ve-sms-browser-audit,fix/restore-websocket-registrations,revert-37-arena/019ffd78-pro-v1"
RED_Ultimate_V1-main/RED_Ultimate/scripts/check-kotlin-structure.py,28,"arena/019fe8fa-pro-v1,arena/019fe9e3-pro-v1,arena/019ff019-pro-v1,arena/019ff06b-pro-v1,arena/019ff085-pro-v1,arena/019ff0c7-pro-v1,arena/019ff146-pro-v1,arena/019ff178-pro-v1,arena/019ff1f9-pro-v1,arena/019ff215-pro-v1,arena/019ff237-pro-v1,arena/019ff422-pro-v1,arena/019ff82d-pro-v1,arena/019ff859-pro-v1,arena/019ff8b4-pro-v1,arena/019ff8c7-pro-v1,arena/019ff8f2-pro-v1,arena/019ffce9-pro-v1,arena/019ffd78-pro-v1,arena/019ffe92-pro-v1,arena/019ffece-pro-v1,arena/019fffd5-pro-v1,arena/01a0064f-pro-v1,chore/platform-rebuild-baseline,feat/admin-social-management,feature/uc2000-ve-sms-browser-audit,fix/restore-websocket-registrations,revert-37-arena/019ffd78-pro-v1"
RED_Ultimate_V1-main/RED_Ultimate/scripts/fix-env-encoding.py,28,"arena/019fe8fa-pro-v1,arena/019fe9e3-pro-v1,arena/019ff019-pro-v1,arena/019ff06b-pro-v1,arena/019ff085-pro-v1,arena/019ff0c7-pro-v1,arena/019ff146-pro-v1,arena/019ff178-pro-v1,arena/019ff1f9-pro-v1,arena/019ff215-pro-v1,arena/019ff237-pro-v1,arena/019ff422-pro-v1,arena/019ff82d-pro-v1,arena/019ff859-pro-v1,arena/019ff8b4-pro-v1,arena/019ff8c7-pro-v1,arena/019ff8f2-pro-v1,arena/019ffce9-pro-v1,arena/019ffd78-pro-v1,arena/019ffe92-pro-v1,arena/019ffece-pro-v1,arena/019fffd5-pro-v1,arena/01a0064f-pro-v1,chore/platform-rebuild-baseline,feat/admin-social-management,feature/uc2000-ve-sms-browser-audit,fix/restore-websocket-registrations,revert-37-arena/019ffd78-pro-v1"
aistudio-export/.dockerignore,28,"arena/019fe8fa-pro-v1,arena/019fe9e3-pro-v1,arena/019ff019-pro-v1,arena/019ff06b-pro-v1,arena/019ff085-pro-v1,arena/019ff0c7-pro-v1,arena/019ff146-pro-v1,arena/019ff178-pro-v1,arena/019ff1f9-pro-v1,arena/019ff215-pro-v1,arena/019ff237-pro-v1,arena/019ff422-pro-v1,arena/019ff82d-pro-v1,arena/019ff859-pro-v1,arena/019ff8b4-pro-v1,arena/019ff8c7-pro-v1,arena/019ff8f2-pro-v1,arena/019ffce9-pro-v1,arena/019ffd78-pro-v1,arena/019ffe92-pro-v1,arena/019ffece-pro-v1,arena/019fffd5-pro-v1,arena/01a0064f-pro-v1,chore/platform-rebuild-baseline,feat/admin-social-management,feature/uc2000-ve-sms-browser-audit,fix/restore-websocket-registrations,revert-37-arena/019ffd78-pro-v1"
aistudio-export/.gitignore,28,"arena/019fe8fa-pro-v1,arena/019fe9e3-pro-v1,arena/019ff019-pro-v1,arena/019ff06b-pro-v1,arena/019ff085-pro-v1,arena/019ff0c7-pro-v1,arena/019ff146-pro-v1,arena/019ff178-pro-v1,arena/019ff1f9-pro-v1,arena/019ff215-pro-v1,arena/019ff237-pro-v1,arena/019ff422-pro-v1,arena/019ff82d-pro-v1,arena/019ff859-pro-v1,arena/019ff8b4-pro-v1,arena/019ff8c7-pro-v1,arena/019ff8f2-pro-v1,arena/019ffce9-pro-v1,arena/019ffd78-pro-v1,arena/019ffe92-pro-v1,arena/019ffece-pro-v1,arena/019fffd5-pro-v1,arena/01a0064f-pro-v1,chore/platform-rebuild-baseline,feat/admin-social-management,feature/uc2000-ve-sms-browser-audit,fix/restore-websocket-registrations,revert-37-arena/019ffd78-pro-v1"
aistudio-export/AI_STUDIO_IMPORT_AR.md,28,"arena/019fe8fa-pro-v1,arena/019fe9e3-pro-v1,arena/019ff019-pro-v1,arena/019ff06b-pro-v1,arena/019ff085-pro-v1,arena/019ff0c7-pro-v1,arena/019ff146-pro-v1,arena/019ff178-pro-v1,arena/019ff1f9-pro-v1,arena/019ff215-pro-v1,arena/019ff237-pro-v1,arena/019ff422-pro-v1,arena/019ff82d-pro-v1,arena/019ff859-pro-v1,arena/019ff8b4-pro-v1,arena/019ff8c7-pro-v1,arena/019ff8f2-pro-v1,arena/019ffce9-pro-v1,arena/019ffd78-pro-v1,arena/019ffe92-pro-v1,arena/019ffece-pro-v1,arena/019fffd5-pro-v1,arena/01a0064f-pro-v1,chore/platform-rebuild-baseline,feat/admin-social-management,feature/uc2000-ve-sms-browser-audit,fix/restore-websocket-registrations,revert-37-arena/019ffd78-pro-v1"
aistudio-export/Dockerfile,28,"arena/019fe8fa-pro-v1,arena/019fe9e3-pro-v1,arena/019ff019-pro-v1,arena/019ff06b-pro-v1,arena/019ff085-pro-v1,arena/019ff0c7-pro-v1,arena/019ff146-pro-v1,arena/019ff178-pro-v1,arena/019ff1f9-pro-v1,arena/019ff215-pro-v1,arena/019ff237-pro-v1,arena/019ff422-pro-v1,arena/019ff82d-pro-v1,arena/019ff859-pro-v1,arena/019ff8b4-pro-v1,arena/019ff8c7-pro-v1,arena/019ff8f2-pro-v1,arena/019ffce9-pro-v1,arena/019ffd78-pro-v1,arena/019ffe92-pro-v1,arena/019ffece-pro-v1,arena/019fffd5-pro-v1,arena/01a0064f-pro-v1,chore/platform-rebuild-baseline,feat/admin-social-management,feature/uc2000-ve-sms-browser-audit,fix/restore-websocket-registrations,revert-37-arena/019ffd78-pro-v1"
aistudio-export/README.md,28,"arena/019fe8fa-pro-v1,arena/019fe9e3-pro-v1,arena/019ff019-pro-v1,arena/019ff06b-pro-v1,arena/019ff085-pro-v1,arena/019ff0c7-pro-v1,arena/019ff146-pro-v1,arena/019ff178-pro-v1,arena/019ff1f9-pro-v1,arena/019ff215-pro-v1,arena/019ff237-pro-v1,arena/019ff422-pro-v1,arena/019ff82d-pro-v1,arena/019ff859-pro-v1,arena/019ff8b4-pro-v1,arena/019ff8c7-pro-v1,arena/019ff8f2-pro-v1,arena/019ffce9-pro-v1,arena/019ffd78-pro-v1,arena/019ffe92-pro-v1,arena/019ffece-pro-v1,arena/019fffd5-pro-v1,arena/01a0064f-pro-v1,chore/platform-rebuild-baseline,feat/admin-social-management,feature/uc2000-ve-sms-browser-audit,fix/restore-websocket-registrations,revert-37-arena/019ffd78-pro-v1"
aistudio-export/dashboard.nginx.conf,28,"arena/019fe8fa-pro-v1,arena/019fe9e3-pro-v1,arena/019ff019-pro-v1,arena/019ff06b-pro-v1,arena/019ff085-pro-v1,arena/019ff0c7-pro-v1,arena/019ff146-pro-v1,arena/019ff178-pro-v1,arena/019ff1f9-pro-v1,arena/019ff215-pro-v1,arena/019ff237-pro-v1,arena/019ff422-pro-v1,arena/019ff82d-pro-v1,arena/019ff859-pro-v1,arena/019ff8b4-pro-v1,arena/019ff8c7-pro-v1,arena/019ff8f2-pro-v1,arena/019ffce9-pro-v1,arena/019ffd78-pro-v1,arena/019ffe92-pro-v1,arena/019ffece-pro-v1,arena/019fffd5-pro-v1,arena/01a0064f-pro-v1,chore/platform-rebuild-baseline,feat/admin-social-management,feature/uc2000-ve-sms-browser-audit,fix/restore-websocket-registrations,revert-37-arena/019ffd78-pro-v1"
aistudio-export/dev-server/app-routes.cjs,28,"arena/019fe8fa-pro-v1,arena/019fe9e3-pro-v1,arena/019ff019-pro-v1,arena/019ff06b-pro-v1,arena/019ff085-pro-v1,arena/019ff0c7-pro-v1,arena/019ff146-pro-v1,arena/019ff178-pro-v1,arena/019ff1f9-pro-v1,arena/019ff215-pro-v1,arena/019ff237-pro-v1,arena/019ff422-pro-v1,arena/019ff82d-pro-v1,arena/019ff859-pro-v1,arena/019ff8b4-pro-v1,arena/019ff8c7-pro-v1,arena/019ff8f2-pro-v1,arena/019ffce9-pro-v1,arena/019ffd78-pro-v1,arena/019ffe92-pro-v1,arena/019ffece-pro-v1,arena/019fffd5-pro-v1,arena/01a0064f-pro-v1,chore/platform-rebuild-baseline,feat/admin-social-management,feature/uc2000-ve-sms-browser-audit,fix/restore-websocket-registrations,revert-37-arena/019ffd78-pro-v1"
aistudio-export/dev-server/db.cjs,28,"arena/019fe8fa-pro-v1,arena/019fe9e3-pro-v1,arena/019ff019-pro-v1,arena/019ff06b-pro-v1,arena/019ff085-pro-v1,arena/019ff0c7-pro-v1,arena/019ff146-pro-v1,arena/019ff178-pro-v1,arena/019ff1f9-pro-v1,arena/019ff215-pro-v1,arena/019ff237-pro-v1,arena/019ff422-pro-v1,arena/019ff82d-pro-v1,arena/019ff859-pro-v1,arena/019ff8b4-pro-v1,arena/019ff8c7-pro-v1,arena/019ff8f2-pro-v1,arena/019ffce9-pro-v1,arena/019ffd78-pro-v1,arena/019ffe92-pro-v1,arena/019ffece-pro-v1,arena/019fffd5-pro-v1,arena/01a0064f-pro-v1,chore/platform-rebuild-baseline,feat/admin-social-management,feature/uc2000-ve-sms-browser-audit,fix/restore-websocket-registrations,revert-37-arena/019ffd78-pro-v1"
aistudio-export/dev-server/server.cjs,28,"arena/019fe8fa-pro-v1,arena/019fe9e3-pro-v1,arena/019ff019-pro-v1,arena/019ff06b-pro-v1,arena/019ff085-pro-v1,arena/019ff0c7-pro-v1,arena/019ff146-pro-v1,arena/019ff178-pro-v1,arena/019ff1f9-pro-v1,arena/019ff215-pro-v1,arena/019ff237-pro-v1,arena/019ff422-pro-v1,arena/019ff82d-pro-v1,arena/019ff859-pro-v1,arena/019ff8b4-pro-v1,arena/019ff8c7-pro-v1,arena/019ff8f2-pro-v1,arena/019ffce9-pro-v1,arena/019ffd78-pro-v1,arena/019ffe92-pro-v1,arena/019ffece-pro-v1,arena/019fffd5-pro-v1,arena/01a0064f-pro-v1,chore/platform-rebuild-baseline,feat/admin-social-management,feature/uc2000-ve-sms-browser-audit,fix/restore-websocket-registrations,revert-37-arena/019ffd78-pro-v1"
aistudio-export/index.html,28,"arena/019fe8fa-pro-v1,arena/019fe9e3-pro-v1,arena/019ff019-pro-v1,arena/019ff06b-pro-v1,arena/019ff085-pro-v1,arena/019ff0c7-pro-v1,arena/019ff146-pro-v1,arena/019ff178-pro-v1,arena/019ff1f9-pro-v1,arena/019ff215-pro-v1,arena/019ff237-pro-v1,arena/019ff422-pro-v1,arena/019ff82d-pro-v1,arena/019ff859-pro-v1,arena/019ff8b4-pro-v1,arena/019ff8c7-pro-v1,arena/019ff8f2-pro-v1,arena/019ffce9-pro-v1,arena/019ffd78-pro-v1,arena/019ffe92-pro-v1,arena/019ffece-pro-v1,arena/019fffd5-pro-v1,arena/01a0064f-pro-v1,chore/platform-rebuild-baseline,feat/admin-social-management,feature/uc2000-ve-sms-browser-audit,fix/restore-websocket-registrations,revert-37-arena/019ffd78-pro-v1"
aistudio-export/mock-backend.cjs,28,"arena/019fe8fa-pro-v1,arena/019fe9e3-pro-v1,arena/019ff019-pro-v1,arena/019ff06b-pro-v1,arena/019ff085-pro-v1,arena/019ff0c7-pro-v1,arena/019ff146-pro-v1,arena/019ff178-pro-v1,arena/019ff1f9-pro-v1,arena/019ff215-pro-v1,arena/019ff237-pro-v1,arena/019ff422-pro-v1,arena/019ff82d-pro-v1,arena/019ff859-pro-v1,arena/019ff8b4-pro-v1,arena/019ff8c7-pro-v1,arena/019ff8f2-pro-v1,arena/019ffce9-pro-v1,arena/019ffd78-pro-v1,arena/019ffe92-pro-v1,arena/019ffece-pro-v1,arena/019fffd5-pro-v1,arena/01a0064f-pro-v1,chore/platform-rebuild-baseline,feat/admin-social-management,feature/uc2000-ve-sms-browser-audit,fix/restore-websocket-registrations,revert-37-arena/019ffd78-pro-v1"
aistudio-export/nginx.conf,28,"arena/019fe8fa-pro-v1,arena/019fe9e3-pro-v1,arena/019ff019-pro-v1,arena/019ff06b-pro-v1,arena/019ff085-pro-v1,arena/019ff0c7-pro-v1,arena/019ff146-pro-v1,arena/019ff178-pro-v1,arena/019ff1f9-pro-v1,arena/019ff215-pro-v1,arena/019ff237-pro-v1,arena/019ff422-pro-v1,arena/019ff82d-pro-v1,arena/019ff859-pro-v1,arena/019ff8b4-pro-v1,arena/019ff8c7-pro-v1,arena/019ff8f2-pro-v1,arena/019ffce9-pro-v1,arena/019ffd78-pro-v1,arena/019ffe92-pro-v1,arena/019ffece-pro-v1,arena/019fffd5-pro-v1,arena/01a0064f-pro-v1,chore/platform-rebuild-baseline,feat/admin-social-management,feature/uc2000-ve-sms-browser-audit,fix/restore-websocket-registrations,revert-37-arena/019ffd78-pro-v1"
aistudio-export/package-lock.json,28,"arena/019fe8fa-pro-v1,arena/019fe9e3-pro-v1,arena/019ff019-pro-v1,arena/019ff06b-pro-v1,arena/019ff085-pro-v1,arena/019ff0c7-pro-v1,arena/019ff146-pro-v1,arena/019ff178-pro-v1,arena/019ff1f9-pro-v1,arena/019ff215-pro-v1,arena/019ff237-pro-v1,arena/019ff422-pro-v1,arena/019ff82d-pro-v1,arena/019ff859-pro-v1,arena/019ff8b4-pro-v1,arena/019ff8c7-pro-v1,arena/019ff8f2-pro-v1,arena/019ffce9-pro-v1,arena/019ffd78-pro-v1,arena/019ffe92-pro-v1,arena/019ffece-pro-v1,arena/019fffd5-pro-v1,arena/01a0064f-pro-v1,chore/platform-rebuild-baseline,feat/admin-social-management,feature/uc2000-ve-sms-browser-audit,fix/restore-websocket-registrations,revert-37-arena/019ffd78-pro-v1"
aistudio-export/package.json,28,"arena/019fe8fa-pro-v1,arena/019fe9e3-pro-v1,arena/019ff019-pro-v1,arena/019ff06b-pro-v1,arena/019ff085-pro-v1,arena/019ff0c7-pro-v1,arena/019ff146-pro-v1,arena/019ff178-pro-v1,arena/019ff1f9-pro-v1,arena/019ff215-pro-v1,arena/019ff237-pro-v1,arena/019ff422-pro-v1,arena/019ff82d-pro-v1,arena/019ff859-pro-v1,arena/019ff8b4-pro-v1,arena/019ff8c7-pro-v1,arena/019ff8f2-pro-v1,arena/019ffce9-pro-v1,arena/019ffd78-pro-v1,arena/019ffe92-pro-v1,arena/019ffece-pro-v1,arena/019fffd5-pro-v1,arena/01a0064f-pro-v1,chore/platform-rebuild-baseline,feat/admin-social-management,feature/uc2000-ve-sms-browser-audit,fix/restore-websocket-registrations,revert-37-arena/019ffd78-pro-v1"
aistudio-export/public/admin-icon.png,28,"arena/019fe8fa-pro-v1,arena/019fe9e3-pro-v1,arena/019ff019-pro-v1,arena/019ff06b-pro-v1,arena/019ff085-pro-v1,arena/019ff0c7-pro-v1,arena/019ff146-pro-v1,arena/019ff178-pro-v1,arena/019ff1f9-pro-v1,arena/019ff215-pro-v1,arena/019ff237-pro-v1,arena/019ff422-pro-v1,arena/019ff82d-pro-v1,arena/019ff859-pro-v1,arena/019ff8b4-pro-v1,arena/019ff8c7-pro-v1,arena/019ff8f2-pro-v1,arena/019ffce9-pro-v1,arena/019ffd78-pro-v1,arena/019ffe92-pro-v1,arena/019ffece-pro-v1,arena/019fffd5-pro-v1,arena/01a0064f-pro-v1,chore/platform-rebuild-baseline,feat/admin-social-management,feature/uc2000-ve-sms-browser-audit,fix/restore-websocket-registrations,revert-37-arena/019ffd78-pro-v1"
aistudio-export/public/admin-master-icon.svg,28,"arena/019fe8fa-pro-v1,arena/019fe9e3-pro-v1,arena/019ff019-pro-v1,arena/019ff06b-pro-v1,arena/019ff085-pro-v1,arena/019ff0c7-pro-v1,arena/019ff146-pro-v1,arena/019ff178-pro-v1,arena/019ff1f9-pro-v1,arena/019ff215-pro-v1,arena/019ff237-pro-v1,arena/019ff422-pro-v1,arena/019ff82d-pro-v1,arena/019ff859-pro-v1,arena/019ff8b4-pro-v1,arena/019ff8c7-pro-v1,arena/019ff8f2-pro-v1,arena/019ffce9-pro-v1,arena/019ffd78-pro-v1,arena/019ffe92-pro-v1,arena/019ffece-pro-v1,arena/019fffd5-pro-v1,arena/01a0064f-pro-v1,chore/platform-rebuild-baseline,feat/admin-social-management,feature/uc2000-ve-sms-browser-audit,fix/restore-websocket-registrations,revert-37-arena/019ffd78-pro-v1"
aistudio-export/public/admin-master-logo.svg,28,"arena/019fe8fa-pro-v1,arena/019fe9e3-pro-v1,arena/019ff019-pro-v1,arena/019ff06b-pro-v1,arena/019ff085-pro-v1,arena/019ff0c7-pro-v1,arena/019ff146-pro-v1,arena/019ff178-pro-v1,arena/019ff1f9-pro-v1,arena/019ff215-pro-v1,arena/019ff237-pro-v1,arena/019ff422-pro-v1,arena/019ff82d-pro-v1,arena/019ff859-pro-v1,arena/019ff8b4-pro-v1,arena/019ff8c7-pro-v1,arena/019ff8f2-pro-v1,arena/019ffce9-pro-v1,arena/019ffd78-pro-v1,arena/019ffe92-pro-v1,arena/019ffece-pro-v1,arena/019fffd5-pro-v1,arena/01a0064f-pro-v1,chore/platform-rebuild-baseline,feat/admin-social-management,feature/uc2000-ve-sms-browser-audit,fix/restore-websocket-registrations,revert-37-arena/019ffd78-pro-v1"
aistudio-export/public/favicon.png,28,"arena/019fe8fa-pro-v1,arena/019fe9e3-pro-v1,arena/019ff019-pro-v1,arena/019ff06b-pro-v1,arena/019ff085-pro-v1,arena/019ff0c7-pro-v1,arena/019ff146-pro-v1,arena/019ff178-pro-v1,arena/019ff1f9-pro-v1,arena/019ff215-pro-v1,arena/019ff237-pro-v1,arena/019ff422-pro-v1,arena/019ff82d-pro-v1,arena/019ff859-pro-v1,arena/019ff8b4-pro-v1,arena/019ff8c7-pro-v1,arena/019ff8f2-pro-v1,arena/019ffce9-pro-v1,arena/019ffd78-pro-v1,arena/019ffe92-pro-v1,arena/019ffece-pro-v1,arena/019fffd5-pro-v1,arena/01a0064f-pro-v1,chore/platform-rebuild-baseline,feat/admin-social-management,feature/uc2000-ve-sms-browser-audit,fix/restore-websocket-registrations,revert-37-arena/019ffd78-pro-v1"
aistudio-export/public/icon-192.png,28,"arena/019fe8fa-pro-v1,arena/019fe9e3-pro-v1,arena/019ff019-pro-v1,arena/019ff06b-pro-v1,arena/019ff085-pro-v1,arena/019ff0c7-pro-v1,arena/019ff146-pro-v1,arena/019ff178-pro-v1,arena/019ff1f9-pro-v1,arena/019ff215-pro-v1,arena/019ff237-pro-v1,arena/019ff422-pro-v1,arena/019ff82d-pro-v1,arena/019ff859-pro-v1,arena/019ff8b4-pro-v1,arena/019ff8c7-pro-v1,arena/019ff8f2-pro-v1,arena/019ffce9-pro-v1,arena/019ffd78-pro-v1,arena/019ffe92-pro-v1,arena/019ffece-pro-v1,arena/019fffd5-pro-v1,arena/01a0064f-pro-v1,chore/platform-rebuild-baseline,feat/admin-social-management,feature/uc2000-ve-sms-browser-audit,fix/restore-websocket-registrations,revert-37-arena/019ffd78-pro-v1"
aistudio-export/public/icon-512.png,28,"arena/019fe8fa-pro-v1,arena/019fe9e3-pro-v1,arena/019ff019-pro-v1,arena/019ff06b-pro-v1,arena/019ff085-pro-v1,arena/019ff0c7-pro-v1,arena/019ff146-pro-v1,arena/019ff178-pro-v1,arena/019ff1f9-pro-v1,arena/019ff215-pro-v1,arena/019ff237-pro-v1,arena/019ff422-pro-v1,arena/019ff82d-pro-v1,arena/019ff859-pro-v1,arena/019ff8b4-pro-v1,arena/019ff8c7-pro-v1,arena/019ff8f2-pro-v1,arena/019ffce9-pro-v1,arena/019ffd78-pro-v1,arena/019ffe92-pro-v1,arena/019ffece-pro-v1,arena/019fffd5-pro-v1,arena/01a0064f-pro-v1,chore/platform-rebuild-baseline,feat/admin-social-management,feature/uc2000-ve-sms-browser-audit,fix/restore-websocket-registrations,revert-37-arena/019ffd78-pro-v1"
aistudio-export/public/site.webmanifest,28,"arena/019fe8fa-pro-v1,arena/019fe9e3-pro-v1,arena/019ff019-pro-v1,arena/019ff06b-pro-v1,arena/019ff085-pro-v1,arena/019ff0c7-pro-v1,arena/019ff146-pro-v1,arena/019ff178-pro-v1,arena/019ff1f9-pro-v1,arena/019ff215-pro-v1,arena/019ff237-pro-v1,arena/019ff422-pro-v1,arena/019ff82d-pro-v1,arena/019ff859-pro-v1,arena/019ff8b4-pro-v1,arena/019ff8c7-pro-v1,arena/019ff8f2-pro-v1,arena/019ffce9-pro-v1,arena/019ffd78-pro-v1,arena/019ffe92-pro-v1,arena/019ffece-pro-v1,arena/019fffd5-pro-v1,arena/01a0064f-pro-v1,chore/platform-rebuild-baseline,feat/admin-social-management,feature/uc2000-ve-sms-browser-audit,fix/restore-websocket-registrations,revert-37-arena/019ffd78-pro-v1"
aistudio-export/public/younes-app-icon.svg,28,"arena/019fe8fa-pro-v1,arena/019fe9e3-pro-v1,arena/019ff019-pro-v1,arena/019ff06b-pro-v1,arena/019ff085-pro-v1,arena/019ff0c7-pro-v1,arena/019ff146-pro-v1,arena/019ff178-pro-v1,arena/019ff1f9-pro-v1,arena/019ff215-pro-v1,arena/019ff237-pro-v1,arena/019ff422-pro-v1,arena/019ff82d-pro-v1,arena/019ff859-pro-v1,arena/019ff8b4-pro-v1,arena/019ff8c7-pro-v1,arena/019ff8f2-pro-v1,arena/019ffce9-pro-v1,arena/019ffd78-pro-v1,arena/019ffe92-pro-v1,arena/019ffece-pro-v1,arena/019fffd5-pro-v1,arena/01a0064f-pro-v1,chore/platform-rebuild-baseline,feat/admin-social-management,feature/uc2000-ve-sms-browser-audit,fix/restore-websocket-registrations,revert-37-arena/019ffd78-pro-v1"
aistudio-export/scripts/check-api-contract.mjs,28,"arena/019fe8fa-pro-v1,arena/019fe9e3-pro-v1,arena/019ff019-pro-v1,arena/019ff06b-pro-v1,arena/019ff085-pro-v1,arena/019ff0c7-pro-v1,arena/019ff146-pro-v1,arena/019ff178-pro-v1,arena/019ff1f9-pro-v1,arena/019ff215-pro-v1,arena/019ff237-pro-v1,arena/019ff422-pro-v1,arena/019ff82d-pro-v1,arena/019ff859-pro-v1,arena/019ff8b4-pro-v1,arena/019ff8c7-pro-v1,arena/019ff8f2-pro-v1,arena/019ffce9-pro-v1,arena/019ffd78-pro-v1,arena/019ffe92-pro-v1,arena/019ffece-pro-v1,arena/019fffd5-pro-v1,arena/01a0064f-pro-v1,chore/platform-rebuild-baseline,feat/admin-social-management,feature/uc2000-ve-sms-browser-audit,fix/restore-websocket-registrations,revert-37-arena/019ffd78-pro-v1"
aistudio-export/scripts/check-app-roles.mjs,28,"arena/019fe8fa-pro-v1,arena/019fe9e3-pro-v1,arena/019ff019-pro-v1,arena/019ff06b-pro-v1,arena/019ff085-pro-v1,arena/019ff0c7-pro-v1,arena/019ff146-pro-v1,arena/019ff178-pro-v1,arena/019ff1f9-pro-v1,arena/019ff215-pro-v1,arena/019ff237-pro-v1,arena/019ff422-pro-v1,arena/019ff82d-pro-v1,arena/019ff859-pro-v1,arena/019ff8b4-pro-v1,arena/019ff8c7-pro-v1,arena/019ff8f2-pro-v1,arena/019ffce9-pro-v1,arena/019ffd78-pro-v1,arena/019ffe92-pro-v1,arena/019ffece-pro-v1,arena/019fffd5-pro-v1,arena/01a0064f-pro-v1,chore/platform-rebuild-baseline,feat/admin-social-management,feature/uc2000-ve-sms-browser-audit,fix/restore-websocket-registrations,revert-37-arena/019ffd78-pro-v1"
aistudio-export/scripts/check-asterisk-fleet.mjs,28,"arena/019fe8fa-pro-v1,arena/019fe9e3-pro-v1,arena/019ff019-pro-v1,arena/019ff06b-pro-v1,arena/019ff085-pro-v1,arena/019ff0c7-pro-v1,arena/019ff146-pro-v1,arena/019ff178-pro-v1,arena/019ff1f9-pro-v1,arena/019ff215-pro-v1,arena/019ff237-pro-v1,arena/019ff422-pro-v1,arena/019ff82d-pro-v1,arena/019ff859-pro-v1,arena/019ff8b4-pro-v1,arena/019ff8c7-pro-v1,arena/019ff8f2-pro-v1,arena/019ffce9-pro-v1,arena/019ffd78-pro-v1,arena/019ffe92-pro-v1,arena/019ffece-pro-v1,arena/019fffd5-pro-v1,arena/01a0064f-pro-v1,chore/platform-rebuild-baseline,feat/admin-social-management,feature/uc2000-ve-sms-browser-audit,fix/restore-websocket-registrations,revert-37-arena/019ffd78-pro-v1"
aistudio-export/scripts/check-dev-server.mjs,28,"arena/019fe8fa-pro-v1,arena/019fe9e3-pro-v1,arena/019ff019-pro-v1,arena/019ff06b-pro-v1,arena/019ff085-pro-v1,arena/019ff0c7-pro-v1,arena/019ff146-pro-v1,arena/019ff178-pro-v1,arena/019ff1f9-pro-v1,arena/019ff215-pro-v1,arena/019ff237-pro-v1,arena/019ff422-pro-v1,arena/019ff82d-pro-v1,arena/019ff859-pro-v1,arena/019ff8b4-pro-v1,arena/019ff8c7-pro-v1,arena/019ff8f2-pro-v1,arena/019ffce9-pro-v1,arena/019ffd78-pro-v1,arena/019ffe92-pro-v1,arena/019ffece-pro-v1,arena/019fffd5-pro-v1,arena/01a0064f-pro-v1,chore/platform-rebuild-baseline,feat/admin-social-management,feature/uc2000-ve-sms-browser-audit,fix/restore-websocket-registrations,revert-37-arena/019ffd78-pro-v1"
aistudio-export/scripts/check-frontend-guards.mjs,28,"arena/019fe8fa-pro-v1,arena/019fe9e3-pro-v1,arena/019ff019-pro-v1,arena/019ff06b-pro-v1,arena/019ff085-pro-v1,arena/019ff0c7-pro-v1,arena/019ff146-pro-v1,arena/019ff178-pro-v1,arena/019ff1f9-pro-v1,arena/019ff215-pro-v1,arena/019ff237-pro-v1,arena/019ff422-pro-v1,arena/019ff82d-pro-v1,arena/019ff859-pro-v1,arena/019ff8b4-pro-v1,arena/019ff8c7-pro-v1,arena/019ff8f2-pro-v1,arena/019ffce9-pro-v1,arena/019ffd78-pro-v1,arena/019ffe92-pro-v1,arena/019ffece-pro-v1,arena/019fffd5-pro-v1,arena/01a0064f-pro-v1,chore/platform-rebuild-baseline,feat/admin-social-management,feature/uc2000-ve-sms-browser-audit,fix/restore-websocket-registrations,revert-37-arena/019ffd78-pro-v1"
aistudio-export/scripts/check-integration.mjs,28,"arena/019fe8fa-pro-v1,arena/019fe9e3-pro-v1,arena/019ff019-pro-v1,arena/019ff06b-pro-v1,arena/019ff085-pro-v1,arena/019ff0c7-pro-v1,arena/019ff146-pro-v1,arena/019ff178-pro-v1,arena/019ff1f9-pro-v1,arena/019ff215-pro-v1,arena/019ff237-pro-v1,arena/019ff422-pro-v1,arena/019ff82d-pro-v1,arena/019ff859-pro-v1,arena/019ff8b4-pro-v1,arena/019ff8c7-pro-v1,arena/019ff8f2-pro-v1,arena/019ffce9-pro-v1,arena/019ffd78-pro-v1,arena/019ffe92-pro-v1,arena/019ffece-pro-v1,arena/019fffd5-pro-v1,arena/01a0064f-pro-v1,chore/platform-rebuild-baseline,feat/admin-social-management,feature/uc2000-ve-sms-browser-audit,fix/restore-websocket-registrations,revert-37-arena/019ffd78-pro-v1"
aistudio-export/scripts/refuse-mock.mjs,28,"arena/019fe8fa-pro-v1,arena/019fe9e3-pro-v1,arena/019ff019-pro-v1,arena/019ff06b-pro-v1,arena/019ff085-pro-v1,arena/019ff0c7-pro-v1,arena/019ff146-pro-v1,arena/019ff178-pro-v1,arena/019ff1f9-pro-v1,arena/019ff215-pro-v1,arena/019ff237-pro-v1,arena/019ff422-pro-v1,arena/019ff82d-pro-v1,arena/019ff859-pro-v1,arena/019ff8b4-pro-v1,arena/019ff8c7-pro-v1,arena/019ff8f2-pro-v1,arena/019ffce9-pro-v1,arena/019ffd78-pro-v1,arena/019ffe92-pro-v1,arena/019ffece-pro-v1,arena/019fffd5-pro-v1,arena/01a0064f-pro-v1,chore/platform-rebuild-baseline,feat/admin-social-management,feature/uc2000-ve-sms-browser-audit,fix/restore-websocket-registrations,revert-37-arena/019ffd78-pro-v1"
aistudio-export/server.cjs,28,"arena/019fe8fa-pro-v1,arena/019fe9e3-pro-v1,arena/019ff019-pro-v1,arena/019ff06b-pro-v1,arena/019ff085-pro-v1,arena/019ff0c7-pro-v1,arena/019ff146-pro-v1,arena/019ff178-pro-v1,arena/019ff1f9-pro-v1,arena/019ff215-pro-v1,arena/019ff237-pro-v1,arena/019ff422-pro-v1,arena/019ff82d-pro-v1,arena/019ff859-pro-v1,arena/019ff8b4-pro-v1,arena/019ff8c7-pro-v1,arena/019ff8f2-pro-v1,arena/019ffce9-pro-v1,arena/019ffd78-pro-v1,arena/019ffe92-pro-v1,arena/019ffece-pro-v1,arena/019fffd5-pro-v1,arena/01a0064f-pro-v1,chore/platform-rebuild-baseline,feat/admin-social-management,feature/uc2000-ve-sms-browser-audit,fix/restore-websocket-registrations,revert-37-arena/019ffd78-pro-v1"
aistudio-export/src/App.tsx,28,"arena/019fe8fa-pro-v1,arena/019fe9e3-pro-v1,arena/019ff019-pro-v1,arena/019ff06b-pro-v1,arena/019ff085-pro-v1,arena/019ff0c7-pro-v1,arena/019ff146-pro-v1,arena/019ff178-pro-v1,arena/019ff1f9-pro-v1,arena/019ff215-pro-v1,arena/019ff237-pro-v1,arena/019ff422-pro-v1,arena/019ff82d-pro-v1,arena/019ff859-pro-v1,arena/019ff8b4-pro-v1,arena/019ff8c7-pro-v1,arena/019ff8f2-pro-v1,arena/019ffce9-pro-v1,arena/019ffd78-pro-v1,arena/019ffe92-pro-v1,arena/019ffece-pro-v1,arena/019fffd5-pro-v1,arena/01a0064f-pro-v1,chore/platform-rebuild-baseline,feat/admin-social-management,feature/uc2000-ve-sms-browser-audit,fix/restore-websocket-registrations,revert-37-arena/019ffd78-pro-v1"
aistudio-export/src/api.ts,28,"arena/019fe8fa-pro-v1,arena/019fe9e3-pro-v1,arena/019ff019-pro-v1,arena/019ff06b-pro-v1,arena/019ff085-pro-v1,arena/019ff0c7-pro-v1,arena/019ff146-pro-v1,arena/019ff178-pro-v1,arena/019ff1f9-pro-v1,arena/019ff215-pro-v1,arena/019ff237-pro-v1,arena/019ff422-pro-v1,arena/019ff82d-pro-v1,arena/019ff859-pro-v1,arena/019ff8b4-pro-v1,arena/019ff8c7-pro-v1,arena/019ff8f2-pro-v1,arena/019ffce9-pro-v1,arena/019ffd78-pro-v1,arena/019ffe92-pro-v1,arena/019ffece-pro-v1,arena/019fffd5-pro-v1,arena/01a0064f-pro-v1,chore/platform-rebuild-baseline,feat/admin-social-management,feature/uc2000-ve-sms-browser-audit,fix/restore-websocket-registrations,revert-37-arena/019ffd78-pro-v1"
aistudio-export/src/components/Chart.tsx,28,"arena/019fe8fa-pro-v1,arena/019fe9e3-pro-v1,arena/019ff019-pro-v1,arena/019ff06b-pro-v1,arena/019ff085-pro-v1,arena/019ff0c7-pro-v1,arena/019ff146-pro-v1,arena/019ff178-pro-v1,arena/019ff1f9-pro-v1,arena/019ff215-pro-v1,arena/019ff237-pro-v1,arena/019ff422-pro-v1,arena/019ff82d-pro-v1,arena/019ff859-pro-v1,arena/019ff8b4-pro-v1,arena/019ff8c7-pro-v1,arena/019ff8f2-pro-v1,arena/019ffce9-pro-v1,arena/019ffd78-pro-v1,arena/019ffe92-pro-v1,arena/019ffece-pro-v1,arena/019fffd5-pro-v1,arena/01a0064f-pro-v1,chore/platform-rebuild-baseline,feat/admin-social-management,feature/uc2000-ve-sms-browser-audit,fix/restore-websocket-registrations,revert-37-arena/019ffd78-pro-v1"
aistudio-export/src/components/ErrorBoundary.tsx,28,"arena/019fe8fa-pro-v1,arena/019fe9e3-pro-v1,arena/019ff019-pro-v1,arena/019ff06b-pro-v1,arena/019ff085-pro-v1,arena/019ff0c7-pro-v1,arena/019ff146-pro-v1,arena/019ff178-pro-v1,arena/019ff1f9-pro-v1,arena/019ff215-pro-v1,arena/019ff237-pro-v1,arena/019ff422-pro-v1,arena/019ff82d-pro-v1,arena/019ff859-pro-v1,arena/019ff8b4-pro-v1,arena/019ff8c7-pro-v1,arena/019ff8f2-pro-v1,arena/019ffce9-pro-v1,arena/019ffd78-pro-v1,arena/019ffe92-pro-v1,arena/019ffece-pro-v1,arena/019fffd5-pro-v1,arena/01a0064f-pro-v1,chore/platform-rebuild-baseline,feat/admin-social-management,feature/uc2000-ve-sms-browser-audit,fix/restore-websocket-registrations,revert-37-arena/019ffd78-pro-v1"
aistudio-export/src/hooks/usePolling.ts,28,"arena/019fe8fa-pro-v1,arena/019fe9e3-pro-v1,arena/019ff019-pro-v1,arena/019ff06b-pro-v1,arena/019ff085-pro-v1,arena/019ff0c7-pro-v1,arena/019ff146-pro-v1,arena/019ff178-pro-v1,arena/019ff1f9-pro-v1,arena/019ff215-pro-v1,arena/019ff237-pro-v1,arena/019ff422-pro-v1,arena/019ff82d-pro-v1,arena/019ff859-pro-v1,arena/019ff8b4-pro-v1,arena/019ff8c7-pro-v1,arena/019ff8f2-pro-v1,arena/019ffce9-pro-v1,arena/019ffd78-pro-v1,arena/019ffe92-pro-v1,arena/019ffece-pro-v1,arena/019fffd5-pro-v1,arena/01a0064f-pro-v1,chore/platform-rebuild-baseline,feat/admin-social-management,feature/uc2000-ve-sms-browser-audit,fix/restore-websocket-registrations,revert-37-arena/019ffd78-pro-v1"
aistudio-export/src/index.tsx,28,"arena/019fe8fa-pro-v1,arena/019fe9e3-pro-v1,arena/019ff019-pro-v1,arena/019ff06b-pro-v1,arena/019ff085-pro-v1,arena/019ff0c7-pro-v1,arena/019ff146-pro-v1,arena/019ff178-pro-v1,arena/019ff1f9-pro-v1,arena/019ff215-pro-v1,arena/019ff237-pro-v1,arena/019ff422-pro-v1,arena/019ff82d-pro-v1,arena/019ff859-pro-v1,arena/019ff8b4-pro-v1,arena/019ff8c7-pro-v1,arena/019ff8f2-pro-v1,arena/019ffce9-pro-v1,arena/019ffd78-pro-v1,arena/019ffe92-pro-v1,arena/019ffece-pro-v1,arena/019fffd5-pro-v1,arena/01a0064f-pro-v1,chore/platform-rebuild-baseline,feat/admin-social-management,feature/uc2000-ve-sms-browser-audit,fix/restore-websocket-registrations,revert-37-arena/019ffd78-pro-v1"
aistudio-export/src/pages/Announcements.tsx,28,"arena/019fe8fa-pro-v1,arena/019fe9e3-pro-v1,arena/019ff019-pro-v1,arena/019ff06b-pro-v1,arena/019ff085-pro-v1,arena/019ff0c7-pro-v1,arena/019ff146-pro-v1,arena/019ff178-pro-v1,arena/019ff1f9-pro-v1,arena/019ff215-pro-v1,arena/019ff237-pro-v1,arena/019ff422-pro-v1,arena/019ff82d-pro-v1,arena/019ff859-pro-v1,arena/019ff8b4-pro-v1,arena/019ff8c7-pro-v1,arena/019ff8f2-pro-v1,arena/019ffce9-pro-v1,arena/019ffd78-pro-v1,arena/019ffe92-pro-v1,arena/019ffece-pro-v1,arena/019fffd5-pro-v1,arena/01a0064f-pro-v1,chore/platform-rebuild-baseline,feat/admin-social-management,feature/uc2000-ve-sms-browser-audit,fix/restore-websocket-registrations,revert-37-arena/019ffd78-pro-v1"
aistudio-export/src/pages/Approvals.tsx,28,"arena/019fe8fa-pro-v1,arena/019fe9e3-pro-v1,arena/019ff019-pro-v1,arena/019ff06b-pro-v1,arena/019ff085-pro-v1,arena/019ff0c7-pro-v1,arena/019ff146-pro-v1,arena/019ff178-pro-v1,arena/019ff1f9-pro-v1,arena/019ff215-pro-v1,arena/019ff237-pro-v1,arena/019ff422-pro-v1,arena/019ff82d-pro-v1,arena/019ff859-pro-v1,arena/019ff8b4-pro-v1,arena/019ff8c7-pro-v1,arena/019ff8f2-pro-v1,arena/019ffce9-pro-v1,arena/019ffd78-pro-v1,arena/019ffe92-pro-v1,arena/019ffece-pro-v1,arena/019fffd5-pro-v1,arena/01a0064f-pro-v1,chore/platform-rebuild-baseline,feat/admin-social-management,feature/uc2000-ve-sms-browser-audit,fix/restore-websocket-registrations,revert-37-arena/019ffd78-pro-v1"
aistudio-export/src/pages/AuditLog.tsx,28,"arena/019fe8fa-pro-v1,arena/019fe9e3-pro-v1,arena/019ff019-pro-v1,arena/019ff06b-pro-v1,arena/019ff085-pro-v1,arena/019ff0c7-pro-v1,arena/019ff146-pro-v1,arena/019ff178-pro-v1,arena/019ff1f9-pro-v1,arena/019ff215-pro-v1,arena/019ff237-pro-v1,arena/019ff422-pro-v1,arena/019ff82d-pro-v1,arena/019ff859-pro-v1,arena/019ff8b4-pro-v1,arena/019ff8c7-pro-v1,arena/019ff8f2-pro-v1,arena/019ffce9-pro-v1,arena/019ffd78-pro-v1,arena/019ffe92-pro-v1,arena/019ffece-pro-v1,arena/019fffd5-pro-v1,arena/01a0064f-pro-v1,chore/platform-rebuild-baseline,feat/admin-social-management,feature/uc2000-ve-sms-browser-audit,fix/restore-websocket-registrations,revert-37-arena/019ffd78-pro-v1"
aistudio-export/src/pages/Backups.tsx,28,"arena/019fe8fa-pro-v1,arena/019fe9e3-pro-v1,arena/019ff019-pro-v1,arena/019ff06b-pro-v1,arena/019ff085-pro-v1,arena/019ff0c7-pro-v1,arena/019ff146-pro-v1,arena/019ff178-pro-v1,arena/019ff1f9-pro-v1,arena/019ff215-pro-v1,arena/019ff237-pro-v1,arena/019ff422-pro-v1,arena/019ff82d-pro-v1,arena/019ff859-pro-v1,arena/019ff8b4-pro-v1,arena/019ff8c7-pro-v1,arena/019ff8f2-pro-v1,arena/019ffce9-pro-v1,arena/019ffd78-pro-v1,arena/019ffe92-pro-v1,arena/019ffece-pro-v1,arena/019fffd5-pro-v1,arena/01a0064f-pro-v1,chore/platform-rebuild-baseline,feat/admin-social-management,feature/uc2000-ve-sms-browser-audit,fix/restore-websocket-registrations,revert-37-arena/019ffd78-pro-v1"
aistudio-export/src/pages/CdrAnalysis.tsx,28,"arena/019fe8fa-pro-v1,arena/019fe9e3-pro-v1,arena/019ff019-pro-v1,arena/019ff06b-pro-v1,arena/019ff085-pro-v1,arena/019ff0c7-pro-v1,arena/019ff146-pro-v1,arena/019ff178-pro-v1,arena/019ff1f9-pro-v1,arena/019ff215-pro-v1,arena/019ff237-pro-v1,arena/019ff422-pro-v1,arena/019ff82d-pro-v1,arena/019ff859-pro-v1,arena/019ff8b4-pro-v1,arena/019ff8c7-pro-v1,arena/019ff8f2-pro-v1,arena/019ffce9-pro-v1,arena/019ffd78-pro-v1,arena/019ffe92-pro-v1,arena/019ffece-pro-v1,arena/019fffd5-pro-v1,arena/01a0064f-pro-v1,chore/platform-rebuild-baseline,feat/admin-social-management,feature/uc2000-ve-sms-browser-audit,fix/restore-websocket-registrations,revert-37-arena/019ffd78-pro-v1"
aistudio-export/src/pages/ContentManagement.tsx,28,"arena/019fe8fa-pro-v1,arena/019fe9e3-pro-v1,arena/019ff019-pro-v1,arena/019ff06b-pro-v1,arena/019ff085-pro-v1,arena/019ff0c7-pro-v1,arena/019ff146-pro-v1,arena/019ff178-pro-v1,arena/019ff1f9-pro-v1,arena/019ff215-pro-v1,arena/019ff237-pro-v1,arena/019ff422-pro-v1,arena/019ff82d-pro-v1,arena/019ff859-pro-v1,arena/019ff8b4-pro-v1,arena/019ff8c7-pro-v1,arena/019ff8f2-pro-v1,arena/019ffce9-pro-v1,arena/019ffd78-pro-v1,arena/019ffe92-pro-v1,arena/019ffece-pro-v1,arena/019fffd5-pro-v1,arena/01a0064f-pro-v1,chore/platform-rebuild-baseline,feat/admin-social-management,feature/uc2000-ve-sms-browser-audit,fix/restore-websocket-registrations,revert-37-arena/019ffd78-pro-v1"
aistudio-export/src/pages/Dashboard.tsx,28,"arena/019fe8fa-pro-v1,arena/019fe9e3-pro-v1,arena/019ff019-pro-v1,arena/019ff06b-pro-v1,arena/019ff085-pro-v1,arena/019ff0c7-pro-v1,arena/019ff146-pro-v1,arena/019ff178-pro-v1,arena/019ff1f9-pro-v1,arena/019ff215-pro-v1,arena/019ff237-pro-v1,arena/019ff422-pro-v1,arena/019ff82d-pro-v1,arena/019ff859-pro-v1,arena/019ff8b4-pro-v1,arena/019ff8c7-pro-v1,arena/019ff8f2-pro-v1,arena/019ffce9-pro-v1,arena/019ffd78-pro-v1,arena/019ffe92-pro-v1,arena/019ffece-pro-v1,arena/019fffd5-pro-v1,arena/01a0064f-pro-v1,chore/platform-rebuild-baseline,feat/admin-social-management,feature/uc2000-ve-sms-browser-audit,fix/restore-websocket-registrations,revert-37-arena/019ffd78-pro-v1"
aistudio-export/src/pages/DataOverview.tsx,28,"arena/019fe8fa-pro-v1,arena/019fe9e3-pro-v1,arena/019ff019-pro-v1,arena/019ff06b-pro-v1,arena/019ff085-pro-v1,arena/019ff0c7-pro-v1,arena/019ff146-pro-v1,arena/019ff178-pro-v1,arena/019ff1f9-pro-v1,arena/019ff215-pro-v1,arena/019ff237-pro-v1,arena/019ff422-pro-v1,arena/019ff82d-pro-v1,arena/019ff859-pro-v1,arena/019ff8b4-pro-v1,arena/019ff8c7-pro-v1,arena/019ff8f2-pro-v1,arena/019ffce9-pro-v1,arena/019ffd78-pro-v1,arena/019ffe92-pro-v1,arena/019ffece-pro-v1,arena/019fffd5-pro-v1,arena/01a0064f-pro-v1,chore/platform-rebuild-baseline,feat/admin-social-management,feature/uc2000-ve-sms-browser-audit,fix/restore-websocket-registrations,revert-37-arena/019ffd78-pro-v1"
aistudio-export/src/pages/Diagnostics.tsx,28,"arena/019fe8fa-pro-v1,arena/019fe9e3-pro-v1,arena/019ff019-pro-v1,arena/019ff06b-pro-v1,arena/019ff085-pro-v1,arena/019ff0c7-pro-v1,arena/019ff146-pro-v1,arena/019ff178-pro-v1,arena/019ff1f9-pro-v1,arena/019ff215-pro-v1,arena/019ff237-pro-v1,arena/019ff422-pro-v1,arena/019ff82d-pro-v1,arena/019ff859-pro-v1,arena/019ff8b4-pro-v1,arena/019ff8c7-pro-v1,arena/019ff8f2-pro-v1,arena/019ffce9-pro-v1,arena/019ffd78-pro-v1,arena/019ffe92-pro-v1,arena/019ffece-pro-v1,arena/019fffd5-pro-v1,arena/01a0064f-pro-v1,chore/platform-rebuild-baseline,feat/admin-social-management,feature/uc2000-ve-sms-browser-audit,fix/restore-websocket-registrations,revert-37-arena/019ffd78-pro-v1"
aistudio-export/src/pages/DinstarControl.tsx,28,"arena/019fe8fa-pro-v1,arena/019fe9e3-pro-v1,arena/019ff019-pro-v1,arena/019ff06b-pro-v1,arena/019ff085-pro-v1,arena/019ff0c7-pro-v1,arena/019ff146-pro-v1,arena/019ff178-pro-v1,arena/019ff1f9-pro-v1,arena/019ff215-pro-v1,arena/019ff237-pro-v1,arena/019ff422-pro-v1,arena/019ff82d-pro-v1,arena/019ff859-pro-v1,arena/019ff8b4-pro-v1,arena/019ff8c7-pro-v1,arena/019ff8f2-pro-v1,arena/019ffce9-pro-v1,arena/019ffd78-pro-v1,arena/019ffe92-pro-v1,arena/019ffece-pro-v1,arena/019fffd5-pro-v1,arena/01a0064f-pro-v1,chore/platform-rebuild-baseline,feat/admin-social-management,feature/uc2000-ve-sms-browser-audit,fix/restore-websocket-registrations,revert-37-arena/019ffd78-pro-v1"
aistudio-export/src/pages/FeatureFlags.tsx,28,"arena/019fe8fa-pro-v1,arena/019fe9e3-pro-v1,arena/019ff019-pro-v1,arena/019ff06b-pro-v1,arena/019ff085-pro-v1,arena/019ff0c7-pro-v1,arena/019ff146-pro-v1,arena/019ff178-pro-v1,arena/019ff1f9-pro-v1,arena/019ff215-pro-v1,arena/019ff237-pro-v1,arena/019ff422-pro-v1,arena/019ff82d-pro-v1,arena/019ff859-pro-v1,arena/019ff8b4-pro-v1,arena/019ff8c7-pro-v1,arena/019ff8f2-pro-v1,arena/019ffce9-pro-v1,arena/019ffd78-pro-v1,arena/019ffe92-pro-v1,arena/019ffece-pro-v1,arena/019fffd5-pro-v1,arena/01a0064f-pro-v1,chore/platform-rebuild-baseline,feat/admin-social-management,feature/uc2000-ve-sms-browser-audit,fix/restore-websocket-registrations,revert-37-arena/019ffd78-pro-v1"
aistudio-export/src/pages/InfrastructureCenter.tsx,28,"arena/019fe8fa-pro-v1,arena/019fe9e3-pro-v1,arena/019ff019-pro-v1,arena/019ff06b-pro-v1,arena/019ff085-pro-v1,arena/019ff0c7-pro-v1,arena/019ff146-pro-v1,arena/019ff178-pro-v1,arena/019ff1f9-pro-v1,arena/019ff215-pro-v1,arena/019ff237-pro-v1,arena/019ff422-pro-v1,arena/019ff82d-pro-v1,arena/019ff859-pro-v1,arena/019ff8b4-pro-v1,arena/019ff8c7-pro-v1,arena/019ff8f2-pro-v1,arena/019ffce9-pro-v1,arena/019ffd78-pro-v1,arena/019ffe92-pro-v1,arena/019ffece-pro-v1,arena/019fffd5-pro-v1,arena/01a0064f-pro-v1,chore/platform-rebuild-baseline,feat/admin-social-management,feature/uc2000-ve-sms-browser-audit,fix/restore-websocket-registrations,revert-37-arena/019ffd78-pro-v1"
aistudio-export/src/pages/Login.tsx,28,"arena/019fe8fa-pro-v1,arena/019fe9e3-pro-v1,arena/019ff019-pro-v1,arena/019ff06b-pro-v1,arena/019ff085-pro-v1,arena/019ff0c7-pro-v1,arena/019ff146-pro-v1,arena/019ff178-pro-v1,arena/019ff1f9-pro-v1,arena/019ff215-pro-v1,arena/019ff237-pro-v1,arena/019ff422-pro-v1,arena/019ff82d-pro-v1,arena/019ff859-pro-v1,arena/019ff8b4-pro-v1,arena/019ff8c7-pro-v1,arena/019ff8f2-pro-v1,arena/019ffce9-pro-v1,arena/019ffd78-pro-v1,arena/019ffe92-pro-v1,arena/019ffece-pro-v1,arena/019fffd5-pro-v1,arena/01a0064f-pro-v1,chore/platform-rebuild-baseline,feat/admin-social-management,feature/uc2000-ve-sms-browser-audit,fix/restore-websocket-registrations,revert-37-arena/019ffd78-pro-v1"
aistudio-export/src/pages/MasterOverview.tsx,28,"arena/019fe8fa-pro-v1,arena/019fe9e3-pro-v1,arena/019ff019-pro-v1,arena/019ff06b-pro-v1,arena/019ff085-pro-v1,arena/019ff0c7-pro-v1,arena/019ff146-pro-v1,arena/019ff178-pro-v1,arena/019ff1f9-pro-v1,arena/019ff215-pro-v1,arena/019ff237-pro-v1,arena/019ff422-pro-v1,arena/019ff82d-pro-v1,arena/019ff859-pro-v1,arena/019ff8b4-pro-v1,arena/019ff8c7-pro-v1,arena/019ff8f2-pro-v1,arena/019ffce9-pro-v1,arena/019ffd78-pro-v1,arena/019ffe92-pro-v1,arena/019ffece-pro-v1,arena/019fffd5-pro-v1,arena/01a0064f-pro-v1,chore/platform-rebuild-baseline,feat/admin-social-management,feature/uc2000-ve-sms-browser-audit,fix/restore-websocket-registrations,revert-37-arena/019ffd78-pro-v1"
aistudio-export/src/pages/MediaCenter.tsx,28,"arena/019fe8fa-pro-v1,arena/019fe9e3-pro-v1,arena/019ff019-pro-v1,arena/019ff06b-pro-v1,arena/019ff085-pro-v1,arena/019ff0c7-pro-v1,arena/019ff146-pro-v1,arena/019ff178-pro-v1,arena/019ff1f9-pro-v1,arena/019ff215-pro-v1,arena/019ff237-pro-v1,arena/019ff422-pro-v1,arena/019ff82d-pro-v1,arena/019ff859-pro-v1,arena/019ff8b4-pro-v1,arena/019ff8c7-pro-v1,arena/019ff8f2-pro-v1,arena/019ffce9-pro-v1,arena/019ffd78-pro-v1,arena/019ffe92-pro-v1,arena/019ffece-pro-v1,arena/019fffd5-pro-v1,arena/01a0064f-pro-v1,chore/platform-rebuild-baseline,feat/admin-social-management,feature/uc2000-ve-sms-browser-audit,fix/restore-websocket-registrations,revert-37-arena/019ffd78-pro-v1"
aistudio-export/src/pages/MessagingCenter.tsx,28,"arena/019fe8fa-pro-v1,arena/019fe9e3-pro-v1,arena/019ff019-pro-v1,arena/019ff06b-pro-v1,arena/019ff085-pro-v1,arena/019ff0c7-pro-v1,arena/019ff146-pro-v1,arena/019ff178-pro-v1,arena/019ff1f9-pro-v1,arena/019ff215-pro-v1,arena/019ff237-pro-v1,arena/019ff422-pro-v1,arena/019ff82d-pro-v1,arena/019ff859-pro-v1,arena/019ff8b4-pro-v1,arena/019ff8c7-pro-v1,arena/019ff8f2-pro-v1,arena/019ffce9-pro-v1,arena/019ffd78-pro-v1,arena/019ffe92-pro-v1,arena/019ffece-pro-v1,arena/019fffd5-pro-v1,arena/01a0064f-pro-v1,chore/platform-rebuild-baseline,feat/admin-social-management,feature/uc2000-ve-sms-browser-audit,fix/restore-websocket-registrations,revert-37-arena/019ffd78-pro-v1"
aistudio-export/src/pages/ModerationCenter.tsx,28,"arena/019fe8fa-pro-v1,arena/019fe9e3-pro-v1,arena/019ff019-pro-v1,arena/019ff06b-pro-v1,arena/019ff085-pro-v1,arena/019ff0c7-pro-v1,arena/019ff146-pro-v1,arena/019ff178-pro-v1,arena/019ff1f9-pro-v1,arena/019ff215-pro-v1,arena/019ff237-pro-v1,arena/019ff422-pro-v1,arena/019ff82d-pro-v1,arena/019ff859-pro-v1,arena/019ff8b4-pro-v1,arena/019ff8c7-pro-v1,arena/019ff8f2-pro-v1,arena/019ffce9-pro-v1,arena/019ffd78-pro-v1,arena/019ffe92-pro-v1,arena/019ffece-pro-v1,arena/019fffd5-pro-v1,arena/01a0064f-pro-v1,chore/platform-rebuild-baseline,feat/admin-social-management,feature/uc2000-ve-sms-browser-audit,fix/restore-websocket-registrations,revert-37-arena/019ffd78-pro-v1"
aistudio-export/src/pages/NotificationsCenter.tsx,28,"arena/019fe8fa-pro-v1,arena/019fe9e3-pro-v1,arena/019ff019-pro-v1,arena/019ff06b-pro-v1,arena/019ff085-pro-v1,arena/019ff0c7-pro-v1,arena/019ff146-pro-v1,arena/019ff178-pro-v1,arena/019ff1f9-pro-v1,arena/019ff215-pro-v1,arena/019ff237-pro-v1,arena/019ff422-pro-v1,arena/019ff82d-pro-v1,arena/019ff859-pro-v1,arena/019ff8b4-pro-v1,arena/019ff8c7-pro-v1,arena/019ff8f2-pro-v1,arena/019ffce9-pro-v1,arena/019ffd78-pro-v1,arena/019ffe92-pro-v1,arena/019ffece-pro-v1,arena/019fffd5-pro-v1,arena/01a0064f-pro-v1,chore/platform-rebuild-baseline,feat/admin-social-management,feature/uc2000-ve-sms-browser-audit,fix/restore-websocket-registrations,revert-37-arena/019ffd78-pro-v1"
aistudio-export/src/pages/PortControl.tsx,28,"arena/019fe8fa-pro-v1,arena/019fe9e3-pro-v1,arena/019ff019-pro-v1,arena/019ff06b-pro-v1,arena/019ff085-pro-v1,arena/019ff0c7-pro-v1,arena/019ff146-pro-v1,arena/019ff178-pro-v1,arena/019ff1f9-pro-v1,arena/019ff215-pro-v1,arena/019ff237-pro-v1,arena/019ff422-pro-v1,arena/019ff82d-pro-v1,arena/019ff859-pro-v1,arena/019ff8b4-pro-v1,arena/019ff8c7-pro-v1,arena/019ff8f2-pro-v1,arena/019ffce9-pro-v1,arena/019ffd78-pro-v1,arena/019ffe92-pro-v1,arena/019ffece-pro-v1,arena/019fffd5-pro-v1,arena/01a0064f-pro-v1,chore/platform-rebuild-baseline,feat/admin-social-management,feature/uc2000-ve-sms-browser-audit,fix/restore-websocket-registrations,revert-37-arena/019ffd78-pro-v1"
aistudio-export/src/pages/Reports.tsx,28,"arena/019fe8fa-pro-v1,arena/019fe9e3-pro-v1,arena/019ff019-pro-v1,arena/019ff06b-pro-v1,arena/019ff085-pro-v1,arena/019ff0c7-pro-v1,arena/019ff146-pro-v1,arena/019ff178-pro-v1,arena/019ff1f9-pro-v1,arena/019ff215-pro-v1,arena/019ff237-pro-v1,arena/019ff422-pro-v1,arena/019ff82d-pro-v1,arena/019ff859-pro-v1,arena/019ff8b4-pro-v1,arena/019ff8c7-pro-v1,arena/019ff8f2-pro-v1,arena/019ffce9-pro-v1,arena/019ffd78-pro-v1,arena/019ffe92-pro-v1,arena/019ffece-pro-v1,arena/019fffd5-pro-v1,arena/01a0064f-pro-v1,chore/platform-rebuild-baseline,feat/admin-social-management,feature/uc2000-ve-sms-browser-audit,fix/restore-websocket-registrations,revert-37-arena/019ffd78-pro-v1"
aistudio-export/src/pages/SecurityCenter.tsx,28,"arena/019fe8fa-pro-v1,arena/019fe9e3-pro-v1,arena/019ff019-pro-v1,arena/019ff06b-pro-v1,arena/019ff085-pro-v1,arena/019ff0c7-pro-v1,arena/019ff146-pro-v1,arena/019ff178-pro-v1,arena/019ff1f9-pro-v1,arena/019ff215-pro-v1,arena/019ff237-pro-v1,arena/019ff422-pro-v1,arena/019ff82d-pro-v1,arena/019ff859-pro-v1,arena/019ff8b4-pro-v1,arena/019ff8c7-pro-v1,arena/019ff8f2-pro-v1,arena/019ffce9-pro-v1,arena/019ffd78-pro-v1,arena/019ffe92-pro-v1,arena/019ffece-pro-v1,arena/019fffd5-pro-v1,arena/01a0064f-pro-v1,chore/platform-rebuild-baseline,feat/admin-social-management,feature/uc2000-ve-sms-browser-audit,fix/restore-websocket-registrations,revert-37-arena/019ffd78-pro-v1"
aistudio-export/src/pages/SimInventory.tsx,28,"arena/019fe8fa-pro-v1,arena/019fe9e3-pro-v1,arena/019ff019-pro-v1,arena/019ff06b-pro-v1,arena/019ff085-pro-v1,arena/019ff0c7-pro-v1,arena/019ff146-pro-v1,arena/019ff178-pro-v1,arena/019ff1f9-pro-v1,arena/019ff215-pro-v1,arena/019ff237-pro-v1,arena/019ff422-pro-v1,arena/019ff82d-pro-v1,arena/019ff859-pro-v1,arena/019ff8b4-pro-v1,arena/019ff8c7-pro-v1,arena/019ff8f2-pro-v1,arena/019ffce9-pro-v1,arena/019ffd78-pro-v1,arena/019ffe92-pro-v1,arena/019ffece-pro-v1,arena/019fffd5-pro-v1,arena/01a0064f-pro-v1,chore/platform-rebuild-baseline,feat/admin-social-management,feature/uc2000-ve-sms-browser-audit,fix/restore-websocket-registrations,revert-37-arena/019ffd78-pro-v1"
aistudio-export/src/pages/SmsTemplates.tsx,28,"arena/019fe8fa-pro-v1,arena/019fe9e3-pro-v1,arena/019ff019-pro-v1,arena/019ff06b-pro-v1,arena/019ff085-pro-v1,arena/019ff0c7-pro-v1,arena/019ff146-pro-v1,arena/019ff178-pro-v1,arena/019ff1f9-pro-v1,arena/019ff215-pro-v1,arena/019ff237-pro-v1,arena/019ff422-pro-v1,arena/019ff82d-pro-v1,arena/019ff859-pro-v1,arena/019ff8b4-pro-v1,arena/019ff8c7-pro-v1,arena/019ff8f2-pro-v1,arena/019ffce9-pro-v1,arena/019ffd78-pro-v1,arena/019ffe92-pro-v1,arena/019ffece-pro-v1,arena/019fffd5-pro-v1,arena/01a0064f-pro-v1,chore/platform-rebuild-baseline,feat/admin-social-management,feature/uc2000-ve-sms-browser-audit,fix/restore-websocket-registrations,revert-37-arena/019ffd78-pro-v1"
aistudio-export/src/pages/SystemLogs.tsx,28,"arena/019fe8fa-pro-v1,arena/019fe9e3-pro-v1,arena/019ff019-pro-v1,arena/019ff06b-pro-v1,arena/019ff085-pro-v1,arena/019ff0c7-pro-v1,arena/019ff146-pro-v1,arena/019ff178-pro-v1,arena/019ff1f9-pro-v1,arena/019ff215-pro-v1,arena/019ff237-pro-v1,arena/019ff422-pro-v1,arena/019ff82d-pro-v1,arena/019ff859-pro-v1,arena/019ff8b4-pro-v1,arena/019ff8c7-pro-v1,arena/019ff8f2-pro-v1,arena/019ffce9-pro-v1,arena/019ffd78-pro-v1,arena/019ffe92-pro-v1,arena/019ffece-pro-v1,arena/019fffd5-pro-v1,arena/01a0064f-pro-v1,chore/platform-rebuild-baseline,feat/admin-social-management,feature/uc2000-ve-sms-browser-audit,fix/restore-websocket-registrations,revert-37-arena/019ffd78-pro-v1"
aistudio-export/src/pages/UserManagement.tsx,28,"arena/019fe8fa-pro-v1,arena/019fe9e3-pro-v1,arena/019ff019-pro-v1,arena/019ff06b-pro-v1,arena/019ff085-pro-v1,arena/019ff0c7-pro-v1,arena/019ff146-pro-v1,arena/019ff178-pro-v1,arena/019ff1f9-pro-v1,arena/019ff215-pro-v1,arena/019ff237-pro-v1,arena/019ff422-pro-v1,arena/019ff82d-pro-v1,arena/019ff859-pro-v1,arena/019ff8b4-pro-v1,arena/019ff8c7-pro-v1,arena/019ff8f2-pro-v1,arena/019ffce9-pro-v1,arena/019ffd78-pro-v1,arena/019ffe92-pro-v1,arena/019ffece-pro-v1,arena/019fffd5-pro-v1,arena/01a0064f-pro-v1,chore/platform-rebuild-baseline,feat/admin-social-management,feature/uc2000-ve-sms-browser-audit,fix/restore-websocket-registrations,revert-37-arena/019ffd78-pro-v1"
aistudio-export/src/pages/tabs/AuthorityTab.tsx,28,"arena/019fe8fa-pro-v1,arena/019fe9e3-pro-v1,arena/019ff019-pro-v1,arena/019ff06b-pro-v1,arena/019ff085-pro-v1,arena/019ff0c7-pro-v1,arena/019ff146-pro-v1,arena/019ff178-pro-v1,arena/019ff1f9-pro-v1,arena/019ff215-pro-v1,arena/019ff237-pro-v1,arena/019ff422-pro-v1,arena/019ff82d-pro-v1,arena/019ff859-pro-v1,arena/019ff8b4-pro-v1,arena/019ff8c7-pro-v1,arena/019ff8f2-pro-v1,arena/019ffce9-pro-v1,arena/019ffd78-pro-v1,arena/019ffe92-pro-v1,arena/019ffece-pro-v1,arena/019fffd5-pro-v1,arena/01a0064f-pro-v1,chore/platform-rebuild-baseline,feat/admin-social-management,feature/uc2000-ve-sms-browser-audit,fix/restore-websocket-registrations,revert-37-arena/019ffd78-pro-v1"
aistudio-export/src/pages/tabs/InfrastructureTab.tsx,28,"arena/019fe8fa-pro-v1,arena/019fe9e3-pro-v1,arena/019ff019-pro-v1,arena/019ff06b-pro-v1,arena/019ff085-pro-v1,arena/019ff0c7-pro-v1,arena/019ff146-pro-v1,arena/019ff178-pro-v1,arena/019ff1f9-pro-v1,arena/019ff215-pro-v1,arena/019ff237-pro-v1,arena/019ff422-pro-v1,arena/019ff82d-pro-v1,arena/019ff859-pro-v1,arena/019ff8b4-pro-v1,arena/019ff8c7-pro-v1,arena/019ff8f2-pro-v1,arena/019ffce9-pro-v1,arena/019ffd78-pro-v1,arena/019ffe92-pro-v1,arena/019ffece-pro-v1,arena/019fffd5-pro-v1,arena/01a0064f-pro-v1,chore/platform-rebuild-baseline,feat/admin-social-management,feature/uc2000-ve-sms-browser-audit,fix/restore-websocket-registrations,revert-37-arena/019ffd78-pro-v1"
aistudio-export/src/pages/tabs/LogStreamerTab.tsx,28,"arena/019fe8fa-pro-v1,arena/019fe9e3-pro-v1,arena/019ff019-pro-v1,arena/019ff06b-pro-v1,arena/019ff085-pro-v1,arena/019ff0c7-pro-v1,arena/019ff146-pro-v1,arena/019ff178-pro-v1,arena/019ff1f9-pro-v1,arena/019ff215-pro-v1,arena/019ff237-pro-v1,arena/019ff422-pro-v1,arena/019ff82d-pro-v1,arena/019ff859-pro-v1,arena/019ff8b4-pro-v1,arena/019ff8c7-pro-v1,arena/019ff8f2-pro-v1,arena/019ffce9-pro-v1,arena/019ffd78-pro-v1,arena/019ffe92-pro-v1,arena/019ffece-pro-v1,arena/019fffd5-pro-v1,arena/01a0064f-pro-v1,chore/platform-rebuild-baseline,feat/admin-social-management,feature/uc2000-ve-sms-browser-audit,fix/restore-websocket-registrations,revert-37-arena/019ffd78-pro-v1"
aistudio-export/src/pages/tabs/MediaTab.tsx,28,"arena/019fe8fa-pro-v1,arena/019fe9e3-pro-v1,arena/019ff019-pro-v1,arena/019ff06b-pro-v1,arena/019ff085-pro-v1,arena/019ff0c7-pro-v1,arena/019ff146-pro-v1,arena/019ff178-pro-v1,arena/019ff1f9-pro-v1,arena/019ff215-pro-v1,arena/019ff237-pro-v1,arena/019ff422-pro-v1,arena/019ff82d-pro-v1,arena/019ff859-pro-v1,arena/019ff8b4-pro-v1,arena/019ff8c7-pro-v1,arena/019ff8f2-pro-v1,arena/019ffce9-pro-v1,arena/019ffd78-pro-v1,arena/019ffe92-pro-v1,arena/019ffece-pro-v1,arena/019fffd5-pro-v1,arena/01a0064f-pro-v1,chore/platform-rebuild-baseline,feat/admin-social-management,feature/uc2000-ve-sms-browser-audit,fix/restore-websocket-registrations,revert-37-arena/019ffd78-pro-v1"
aistudio-export/src/pages/tabs/MessagingTab.tsx,28,"arena/019fe8fa-pro-v1,arena/019fe9e3-pro-v1,arena/019ff019-pro-v1,arena/019ff06b-pro-v1,arena/019ff085-pro-v1,arena/019ff0c7-pro-v1,arena/019ff146-pro-v1,arena/019ff178-pro-v1,arena/019ff1f9-pro-v1,arena/019ff215-pro-v1,arena/019ff237-pro-v1,arena/019ff422-pro-v1,arena/019ff82d-pro-v1,arena/019ff859-pro-v1,arena/019ff8b4-pro-v1,arena/019ff8c7-pro-v1,arena/019ff8f2-pro-v1,arena/019ffce9-pro-v1,arena/019ffd78-pro-v1,arena/019ffe92-pro-v1,arena/019ffece-pro-v1,arena/019fffd5-pro-v1,arena/01a0064f-pro-v1,chore/platform-rebuild-baseline,feat/admin-social-management,feature/uc2000-ve-sms-browser-audit,fix/restore-websocket-registrations,revert-37-arena/019ffd78-pro-v1"
aistudio-export/src/pages/tabs/ModerationTab.tsx,28,"arena/019fe8fa-pro-v1,arena/019fe9e3-pro-v1,arena/019ff019-pro-v1,arena/019ff06b-pro-v1,arena/019ff085-pro-v1,arena/019ff0c7-pro-v1,arena/019ff146-pro-v1,arena/019ff178-pro-v1,arena/019ff1f9-pro-v1,arena/019ff215-pro-v1,arena/019ff237-pro-v1,arena/019ff422-pro-v1,arena/019ff82d-pro-v1,arena/019ff859-pro-v1,arena/019ff8b4-pro-v1,arena/019ff8c7-pro-v1,arena/019ff8f2-pro-v1,arena/019ffce9-pro-v1,arena/019ffd78-pro-v1,arena/019ffe92-pro-v1,arena/019ffece-pro-v1,arena/019fffd5-pro-v1,arena/01a0064f-pro-v1,chore/platform-rebuild-baseline,feat/admin-social-management,feature/uc2000-ve-sms-browser-audit,fix/restore-websocket-registrations,revert-37-arena/019ffd78-pro-v1"
aistudio-export/src/pages/tabs/NotificationsTab.tsx,28,"arena/019fe8fa-pro-v1,arena/019fe9e3-pro-v1,arena/019ff019-pro-v1,arena/019ff06b-pro-v1,arena/019ff085-pro-v1,arena/019ff0c7-pro-v1,arena/019ff146-pro-v1,arena/019ff178-pro-v1,arena/019ff1f9-pro-v1,arena/019ff215-pro-v1,arena/019ff237-pro-v1,arena/019ff422-pro-v1,arena/019ff82d-pro-v1,arena/019ff859-pro-v1,arena/019ff8b4-pro-v1,arena/019ff8c7-pro-v1,arena/019ff8f2-pro-v1,arena/019ffce9-pro-v1,arena/019ffd78-pro-v1,arena/019ffe92-pro-v1,arena/019ffece-pro-v1,arena/019fffd5-pro-v1,arena/01a0064f-pro-v1,chore/platform-rebuild-baseline,feat/admin-social-management,feature/uc2000-ve-sms-browser-audit,fix/restore-websocket-registrations,revert-37-arena/019ffd78-pro-v1"
aistudio-export/src/pages/tabs/SecurityTab.tsx,28,"arena/019fe8fa-pro-v1,arena/019fe9e3-pro-v1,arena/019ff019-pro-v1,arena/019ff06b-pro-v1,arena/019ff085-pro-v1,arena/019ff0c7-pro-v1,arena/019ff146-pro-v1,arena/019ff178-pro-v1,arena/019ff1f9-pro-v1,arena/019ff215-pro-v1,arena/019ff237-pro-v1,arena/019ff422-pro-v1,arena/019ff82d-pro-v1,arena/019ff859-pro-v1,arena/019ff8b4-pro-v1,arena/019ff8c7-pro-v1,arena/019ff8f2-pro-v1,arena/019ffce9-pro-v1,arena/019ffd78-pro-v1,arena/019ffe92-pro-v1,arena/019ffece-pro-v1,arena/019fffd5-pro-v1,arena/01a0064f-pro-v1,chore/platform-rebuild-baseline,feat/admin-social-management,feature/uc2000-ve-sms-browser-audit,fix/restore-websocket-registrations,revert-37-arena/019ffd78-pro-v1"
aistudio-export/src/styles.css,28,"arena/019fe8fa-pro-v1,arena/019fe9e3-pro-v1,arena/019ff019-pro-v1,arena/019ff06b-pro-v1,arena/019ff085-pro-v1,arena/019ff0c7-pro-v1,arena/019ff146-pro-v1,arena/019ff178-pro-v1,arena/019ff1f9-pro-v1,arena/019ff215-pro-v1,arena/019ff237-pro-v1,arena/019ff422-pro-v1,arena/019ff82d-pro-v1,arena/019ff859-pro-v1,arena/019ff8b4-pro-v1,arena/019ff8c7-pro-v1,arena/019ff8f2-pro-v1,arena/019ffce9-pro-v1,arena/019ffd78-pro-v1,arena/019ffe92-pro-v1,arena/019ffece-pro-v1,arena/019fffd5-pro-v1,arena/01a0064f-pro-v1,chore/platform-rebuild-baseline,feat/admin-social-management,feature/uc2000-ve-sms-browser-audit,fix/restore-websocket-registrations,revert-37-arena/019ffd78-pro-v1"
aistudio-export/src/vite-env.d.ts,28,"arena/019fe8fa-pro-v1,arena/019fe9e3-pro-v1,arena/019ff019-pro-v1,arena/019ff06b-pro-v1,arena/019ff085-pro-v1,arena/019ff0c7-pro-v1,arena/019ff146-pro-v1,arena/019ff178-pro-v1,arena/019ff1f9-pro-v1,arena/019ff215-pro-v1,arena/019ff237-pro-v1,arena/019ff422-pro-v1,arena/019ff82d-pro-v1,arena/019ff859-pro-v1,arena/019ff8b4-pro-v1,arena/019ff8c7-pro-v1,arena/019ff8f2-pro-v1,arena/019ffce9-pro-v1,arena/019ffd78-pro-v1,arena/019ffe92-pro-v1,arena/019ffece-pro-v1,arena/019fffd5-pro-v1,arena/01a0064f-pro-v1,chore/platform-rebuild-baseline,feat/admin-social-management,feature/uc2000-ve-sms-browser-audit,fix/restore-websocket-registrations,revert-37-arena/019ffd78-pro-v1"
aistudio-export/tsconfig.json,28,"arena/019fe8fa-pro-v1,arena/019fe9e3-pro-v1,arena/019ff019-pro-v1,arena/019ff06b-pro-v1,arena/019ff085-pro-v1,arena/019ff0c7-pro-v1,arena/019ff146-pro-v1,arena/019ff178-pro-v1,arena/019ff1f9-pro-v1,arena/019ff215-pro-v1,arena/019ff237-pro-v1,arena/019ff422-pro-v1,arena/019ff82d-pro-v1,arena/019ff859-pro-v1,arena/019ff8b4-pro-v1,arena/019ff8c7-pro-v1,arena/019ff8f2-pro-v1,arena/019ffce9-pro-v1,arena/019ffd78-pro-v1,arena/019ffe92-pro-v1,arena/019ffece-pro-v1,arena/019fffd5-pro-v1,arena/01a0064f-pro-v1,chore/platform-rebuild-baseline,feat/admin-social-management,feature/uc2000-ve-sms-browser-audit,fix/restore-websocket-registrations,revert-37-arena/019ffd78-pro-v1"
aistudio-export/vite.config.js,28,"arena/019fe8fa-pro-v1,arena/019fe9e3-pro-v1,arena/019ff019-pro-v1,arena/019ff06b-pro-v1,arena/019ff085-pro-v1,arena/019ff0c7-pro-v1,arena/019ff146-pro-v1,arena/019ff178-pro-v1,arena/019ff1f9-pro-v1,arena/019ff215-pro-v1,arena/019ff237-pro-v1,arena/019ff422-pro-v1,arena/019ff82d-pro-v1,arena/019ff859-pro-v1,arena/019ff8b4-pro-v1,arena/019ff8c7-pro-v1,arena/019ff8f2-pro-v1,arena/019ffce9-pro-v1,arena/019ffd78-pro-v1,arena/019ffe92-pro-v1,arena/019ffece-pro-v1,arena/019fffd5-pro-v1,arena/01a0064f-pro-v1,chore/platform-rebuild-baseline,feat/admin-social-management,feature/uc2000-ve-sms-browser-audit,fix/restore-websocket-registrations,revert-37-arena/019ffd78-pro-v1"
ci-proposed/README.md,28,"arena/019fe8fa-pro-v1,arena/019fe9e3-pro-v1,arena/019ff019-pro-v1,arena/019ff06b-pro-v1,arena/019ff085-pro-v1,arena/019ff0c7-pro-v1,arena/019ff146-pro-v1,arena/019ff178-pro-v1,arena/019ff1f9-pro-v1,arena/019ff215-pro-v1,arena/019ff237-pro-v1,arena/019ff422-pro-v1,arena/019ff82d-pro-v1,arena/019ff859-pro-v1,arena/019ff8b4-pro-v1,arena/019ff8c7-pro-v1,arena/019ff8f2-pro-v1,arena/019ffce9-pro-v1,arena/019ffd78-pro-v1,arena/019ffe92-pro-v1,arena/019ffece-pro-v1,arena/019fffd5-pro-v1,arena/01a0064f-pro-v1,chore/platform-rebuild-baseline,feat/admin-social-management,feature/uc2000-ve-sms-browser-audit,fix/restore-websocket-registrations,revert-37-arena/019ffd78-pro-v1"
ci-proposed/ci-workflow.yml,28,"arena/019fe8fa-pro-v1,arena/019fe9e3-pro-v1,arena/019ff019-pro-v1,arena/019ff06b-pro-v1,arena/019ff085-pro-v1,arena/019ff0c7-pro-v1,arena/019ff146-pro-v1,arena/019ff178-pro-v1,arena/019ff1f9-pro-v1,arena/019ff215-pro-v1,arena/019ff237-pro-v1,arena/019ff422-pro-v1,arena/019ff82d-pro-v1,arena/019ff859-pro-v1,arena/019ff8b4-pro-v1,arena/019ff8c7-pro-v1,arena/019ff8f2-pro-v1,arena/019ffce9-pro-v1,arena/019ffd78-pro-v1,arena/019ffe92-pro-v1,arena/019ffece-pro-v1,arena/019fffd5-pro-v1,arena/01a0064f-pro-v1,chore/platform-rebuild-baseline,feat/admin-social-management,feature/uc2000-ve-sms-browser-audit,fix/restore-websocket-registrations,revert-37-arena/019ffd78-pro-v1"
scripts/BACKUP_EVERYTHING.ps1,28,"arena/019fe8fa-pro-v1,arena/019fe9e3-pro-v1,arena/019ff019-pro-v1,arena/019ff06b-pro-v1,arena/019ff085-pro-v1,arena/019ff0c7-pro-v1,arena/019ff146-pro-v1,arena/019ff178-pro-v1,arena/019ff1f9-pro-v1,arena/019ff215-pro-v1,arena/019ff237-pro-v1,arena/019ff422-pro-v1,arena/019ff82d-pro-v1,arena/019ff859-pro-v1,arena/019ff8b4-pro-v1,arena/019ff8c7-pro-v1,arena/019ff8f2-pro-v1,arena/019ffce9-pro-v1,arena/019ffd78-pro-v1,arena/019ffe92-pro-v1,arena/019ffece-pro-v1,arena/019fffd5-pro-v1,arena/01a0064f-pro-v1,chore/platform-rebuild-baseline,feat/admin-social-management,feature/uc2000-ve-sms-browser-audit,fix/restore-websocket-registrations,revert-37-arena/019ffd78-pro-v1"
الأرشيف/تقارير-تاريخية/ACTUAL_INTEGRATION_AUDIT_AR.md,28,"arena/019fe8fa-pro-v1,arena/019fe9e3-pro-v1,arena/019ff019-pro-v1,arena/019ff06b-pro-v1,arena/019ff085-pro-v1,arena/019ff0c7-pro-v1,arena/019ff146-pro-v1,arena/019ff178-pro-v1,arena/019ff1f9-pro-v1,arena/019ff215-pro-v1,arena/019ff237-pro-v1,arena/019ff422-pro-v1,arena/019ff82d-pro-v1,arena/019ff859-pro-v1,arena/019ff8b4-pro-v1,arena/019ff8c7-pro-v1,arena/019ff8f2-pro-v1,arena/019ffce9-pro-v1,arena/019ffd78-pro-v1,arena/019ffe92-pro-v1,arena/019ffece-pro-v1,arena/019fffd5-pro-v1,arena/01a0064f-pro-v1,chore/platform-rebuild-baseline,feat/admin-social-management,feature/uc2000-ve-sms-browser-audit,fix/restore-websocket-registrations,revert-37-arena/019ffd78-pro-v1"
الأرشيف/تقارير-تاريخية/ANDROID_APP_COMPREHENSIVE_AUDIT_AR.md,28,"arena/019fe8fa-pro-v1,arena/019fe9e3-pro-v1,arena/019ff019-pro-v1,arena/019ff06b-pro-v1,arena/019ff085-pro-v1,arena/019ff0c7-pro-v1,arena/019ff146-pro-v1,arena/019ff178-pro-v1,arena/019ff1f9-pro-v1,arena/019ff215-pro-v1,arena/019ff237-pro-v1,arena/019ff422-pro-v1,arena/019ff82d-pro-v1,arena/019ff859-pro-v1,arena/019ff8b4-pro-v1,arena/019ff8c7-pro-v1,arena/019ff8f2-pro-v1,arena/019ffce9-pro-v1,arena/019ffd78-pro-v1,arena/019ffe92-pro-v1,arena/019ffece-pro-v1,arena/019fffd5-pro-v1,arena/01a0064f-pro-v1,chore/platform-rebuild-baseline,feat/admin-social-management,feature/uc2000-ve-sms-browser-audit,fix/restore-websocket-registrations,revert-37-arena/019ffd78-pro-v1"
الأرشيف/تقارير-تاريخية/COMPREHENSIVE_TECHNICAL_REPORT_AR.md,28,"arena/019fe8fa-pro-v1,arena/019fe9e3-pro-v1,arena/019ff019-pro-v1,arena/019ff06b-pro-v1,arena/019ff085-pro-v1,arena/019ff0c7-pro-v1,arena/019ff146-pro-v1,arena/019ff178-pro-v1,arena/019ff1f9-pro-v1,arena/019ff215-pro-v1,arena/019ff237-pro-v1,arena/019ff422-pro-v1,arena/019ff82d-pro-v1,arena/019ff859-pro-v1,arena/019ff8b4-pro-v1,arena/019ff8c7-pro-v1,arena/019ff8f2-pro-v1,arena/019ffce9-pro-v1,arena/019ffd78-pro-v1,arena/019ffe92-pro-v1,arena/019ffece-pro-v1,arena/019fffd5-pro-v1,arena/01a0064f-pro-v1,chore/platform-rebuild-baseline,feat/admin-social-management,feature/uc2000-ve-sms-browser-audit,fix/restore-websocket-registrations,revert-37-arena/019ffd78-pro-v1"
الأرشيف/تقارير-تاريخية/CONVERSATION_RECOVERY_REPORT_AR.md,28,"arena/019fe8fa-pro-v1,arena/019fe9e3-pro-v1,arena/019ff019-pro-v1,arena/019ff06b-pro-v1,arena/019ff085-pro-v1,arena/019ff0c7-pro-v1,arena/019ff146-pro-v1,arena/019ff178-pro-v1,arena/019ff1f9-pro-v1,arena/019ff215-pro-v1,arena/019ff237-pro-v1,arena/019ff422-pro-v1,arena/019ff82d-pro-v1,arena/019ff859-pro-v1,arena/019ff8b4-pro-v1,arena/019ff8c7-pro-v1,arena/019ff8f2-pro-v1,arena/019ffce9-pro-v1,arena/019ffd78-pro-v1,arena/019ffe92-pro-v1,arena/019ffece-pro-v1,arena/019fffd5-pro-v1,arena/01a0064f-pro-v1,chore/platform-rebuild-baseline,feat/admin-social-management,feature/uc2000-ve-sms-browser-audit,fix/restore-websocket-registrations,revert-37-arena/019ffd78-pro-v1"
الأرشيف/تقارير-تاريخية/DEEP_AUDIT_2026-08-11.md,28,"arena/019fe8fa-pro-v1,arena/019fe9e3-pro-v1,arena/019ff019-pro-v1,arena/019ff06b-pro-v1,arena/019ff085-pro-v1,arena/019ff0c7-pro-v1,arena/019ff146-pro-v1,arena/019ff178-pro-v1,arena/019ff1f9-pro-v1,arena/019ff215-pro-v1,arena/019ff237-pro-v1,arena/019ff422-pro-v1,arena/019ff82d-pro-v1,arena/019ff859-pro-v1,arena/019ff8b4-pro-v1,arena/019ff8c7-pro-v1,arena/019ff8f2-pro-v1,arena/019ffce9-pro-v1,arena/019ffd78-pro-v1,arena/019ffe92-pro-v1,arena/019ffece-pro-v1,arena/019fffd5-pro-v1,arena/01a0064f-pro-v1,chore/platform-rebuild-baseline,feat/admin-social-management,feature/uc2000-ve-sms-browser-audit,fix/restore-websocket-registrations,revert-37-arena/019ffd78-pro-v1"
الأرشيف/تقارير-تاريخية/FINAL_COMPREHENSIVE_REPORT_AR.md,28,"arena/019fe8fa-pro-v1,arena/019fe9e3-pro-v1,arena/019ff019-pro-v1,arena/019ff06b-pro-v1,arena/019ff085-pro-v1,arena/019ff0c7-pro-v1,arena/019ff146-pro-v1,arena/019ff178-pro-v1,arena/019ff1f9-pro-v1,arena/019ff215-pro-v1,arena/019ff237-pro-v1,arena/019ff422-pro-v1,arena/019ff82d-pro-v1,arena/019ff859-pro-v1,arena/019ff8b4-pro-v1,arena/019ff8c7-pro-v1,arena/019ff8f2-pro-v1,arena/019ffce9-pro-v1,arena/019ffd78-pro-v1,arena/019ffe92-pro-v1,arena/019ffece-pro-v1,arena/019fffd5-pro-v1,arena/01a0064f-pro-v1,chore/platform-rebuild-baseline,feat/admin-social-management,feature/uc2000-ve-sms-browser-audit,fix/restore-websocket-registrations,revert-37-arena/019ffd78-pro-v1"
الأرشيف/تقارير-تاريخية/PROFESSIONAL_UPGRADE_REPORT.md,28,"arena/019fe8fa-pro-v1,arena/019fe9e3-pro-v1,arena/019ff019-pro-v1,arena/019ff06b-pro-v1,arena/019ff085-pro-v1,arena/019ff0c7-pro-v1,arena/019ff146-pro-v1,arena/019ff178-pro-v1,arena/019ff1f9-pro-v1,arena/019ff215-pro-v1,arena/019ff237-pro-v1,arena/019ff422-pro-v1,arena/019ff82d-pro-v1,arena/019ff859-pro-v1,arena/019ff8b4-pro-v1,arena/019ff8c7-pro-v1,arena/019ff8f2-pro-v1,arena/019ffce9-pro-v1,arena/019ffd78-pro-v1,arena/019ffe92-pro-v1,arena/019ffece-pro-v1,arena/019fffd5-pro-v1,arena/01a0064f-pro-v1,chore/platform-rebuild-baseline,feat/admin-social-management,feature/uc2000-ve-sms-browser-audit,fix/restore-websocket-registrations,revert-37-arena/019ffd78-pro-v1"
الأرشيف/تقارير-تاريخية/PUSH_INSTRUCTIONS.md,28,"arena/019fe8fa-pro-v1,arena/019fe9e3-pro-v1,arena/019ff019-pro-v1,arena/019ff06b-pro-v1,arena/019ff085-pro-v1,arena/019ff0c7-pro-v1,arena/019ff146-pro-v1,arena/019ff178-pro-v1,arena/019ff1f9-pro-v1,arena/019ff215-pro-v1,arena/019ff237-pro-v1,arena/019ff422-pro-v1,arena/019ff82d-pro-v1,arena/019ff859-pro-v1,arena/019ff8b4-pro-v1,arena/019ff8c7-pro-v1,arena/019ff8f2-pro-v1,arena/019ffce9-pro-v1,arena/019ffd78-pro-v1,arena/019ffe92-pro-v1,arena/019ffece-pro-v1,arena/019fffd5-pro-v1,arena/01a0064f-pro-v1,chore/platform-rebuild-baseline,feat/admin-social-management,feature/uc2000-ve-sms-browser-audit,fix/restore-websocket-registrations,revert-37-arena/019ffd78-pro-v1"
الأرشيف/تقارير-تاريخية/README.md,28,"arena/019fe8fa-pro-v1,arena/019fe9e3-pro-v1,arena/019ff019-pro-v1,arena/019ff06b-pro-v1,arena/019ff085-pro-v1,arena/019ff0c7-pro-v1,arena/019ff146-pro-v1,arena/019ff178-pro-v1,arena/019ff1f9-pro-v1,arena/019ff215-pro-v1,arena/019ff237-pro-v1,arena/019ff422-pro-v1,arena/019ff82d-pro-v1,arena/019ff859-pro-v1,arena/019ff8b4-pro-v1,arena/019ff8c7-pro-v1,arena/019ff8f2-pro-v1,arena/019ffce9-pro-v1,arena/019ffd78-pro-v1,arena/019ffe92-pro-v1,arena/019ffece-pro-v1,arena/019fffd5-pro-v1,arena/01a0064f-pro-v1,chore/platform-rebuild-baseline,feat/admin-social-management,feature/uc2000-ve-sms-browser-audit,fix/restore-websocket-registrations,revert-37-arena/019ffd78-pro-v1"
الأرشيف/تقارير-تاريخية/RED_ULTIMATE_DEEP_ANALYSIS_100_PERCENT.md,28,"arena/019fe8fa-pro-v1,arena/019fe9e3-pro-v1,arena/019ff019-pro-v1,arena/019ff06b-pro-v1,arena/019ff085-pro-v1,arena/019ff0c7-pro-v1,arena/019ff146-pro-v1,arena/019ff178-pro-v1,arena/019ff1f9-pro-v1,arena/019ff215-pro-v1,arena/019ff237-pro-v1,arena/019ff422-pro-v1,arena/019ff82d-pro-v1,arena/019ff859-pro-v1,arena/019ff8b4-pro-v1,arena/019ff8c7-pro-v1,arena/019ff8f2-pro-v1,arena/019ffce9-pro-v1,arena/019ffd78-pro-v1,arena/019ffe92-pro-v1,arena/019ffece-pro-v1,arena/019fffd5-pro-v1,arena/01a0064f-pro-v1,chore/platform-rebuild-baseline,feat/admin-social-management,feature/uc2000-ve-sms-browser-audit,fix/restore-websocket-registrations,revert-37-arena/019ffd78-pro-v1"
الأرشيف/تقارير-تاريخية/RED_ULTIMATE_MASTER_UPGRADE_REPORT.md,28,"arena/019fe8fa-pro-v1,arena/019fe9e3-pro-v1,arena/019ff019-pro-v1,arena/019ff06b-pro-v1,arena/019ff085-pro-v1,arena/019ff0c7-pro-v1,arena/019ff146-pro-v1,arena/019ff178-pro-v1,arena/019ff1f9-pro-v1,arena/019ff215-pro-v1,arena/019ff237-pro-v1,arena/019ff422-pro-v1,arena/019ff82d-pro-v1,arena/019ff859-pro-v1,arena/019ff8b4-pro-v1,arena/019ff8c7-pro-v1,arena/019ff8f2-pro-v1,arena/019ffce9-pro-v1,arena/019ffd78-pro-v1,arena/019ffe92-pro-v1,arena/019ffece-pro-v1,arena/019fffd5-pro-v1,arena/01a0064f-pro-v1,chore/platform-rebuild-baseline,feat/admin-social-management,feature/uc2000-ve-sms-browser-audit,fix/restore-websocket-registrations,revert-37-arena/019ffd78-pro-v1"
الأرشيف/تقارير-تاريخية/UI_UX_UPGRADE_REPORT.md,28,"arena/019fe8fa-pro-v1,arena/019fe9e3-pro-v1,arena/019ff019-pro-v1,arena/019ff06b-pro-v1,arena/019ff085-pro-v1,arena/019ff0c7-pro-v1,arena/019ff146-pro-v1,arena/019ff178-pro-v1,arena/019ff1f9-pro-v1,arena/019ff215-pro-v1,arena/019ff237-pro-v1,arena/019ff422-pro-v1,arena/019ff82d-pro-v1,arena/019ff859-pro-v1,arena/019ff8b4-pro-v1,arena/019ff8c7-pro-v1,arena/019ff8f2-pro-v1,arena/019ffce9-pro-v1,arena/019ffd78-pro-v1,arena/019ffe92-pro-v1,arena/019ffece-pro-v1,arena/019fffd5-pro-v1,arena/01a0064f-pro-v1,chore/platform-rebuild-baseline,feat/admin-social-management,feature/uc2000-ve-sms-browser-audit,fix/restore-websocket-registrations,revert-37-arena/019ffd78-pro-v1"
الأرشيف/تقارير-تاريخية/UPGRADE_LEGENDARY_2026-08-11.md,28,"arena/019fe8fa-pro-v1,arena/019fe9e3-pro-v1,arena/019ff019-pro-v1,arena/019ff06b-pro-v1,arena/019ff085-pro-v1,arena/019ff0c7-pro-v1,arena/019ff146-pro-v1,arena/019ff178-pro-v1,arena/019ff1f9-pro-v1,arena/019ff215-pro-v1,arena/019ff237-pro-v1,arena/019ff422-pro-v1,arena/019ff82d-pro-v1,arena/019ff859-pro-v1,arena/019ff8b4-pro-v1,arena/019ff8c7-pro-v1,arena/019ff8f2-pro-v1,arena/019ffce9-pro-v1,arena/019ffd78-pro-v1,arena/019ffe92-pro-v1,arena/019ffece-pro-v1,arena/019fffd5-pro-v1,arena/01a0064f-pro-v1,chore/platform-rebuild-baseline,feat/admin-social-management,feature/uc2000-ve-sms-browser-audit,fix/restore-websocket-registrations,revert-37-arena/019ffd78-pro-v1"
الأرشيف/تقارير-تاريخية/التحليل_الشامل_العملاق_RED_Ultimate_AR.md,28,"arena/019fe8fa-pro-v1,arena/019fe9e3-pro-v1,arena/019ff019-pro-v1,arena/019ff06b-pro-v1,arena/019ff085-pro-v1,arena/019ff0c7-pro-v1,arena/019ff146-pro-v1,arena/019ff178-pro-v1,arena/019ff1f9-pro-v1,arena/019ff215-pro-v1,arena/019ff237-pro-v1,arena/019ff422-pro-v1,arena/019ff82d-pro-v1,arena/019ff859-pro-v1,arena/019ff8b4-pro-v1,arena/019ff8c7-pro-v1,arena/019ff8f2-pro-v1,arena/019ffce9-pro-v1,arena/019ffd78-pro-v1,arena/019ffe92-pro-v1,arena/019ffece-pro-v1,arena/019fffd5-pro-v1,arena/01a0064f-pro-v1,chore/platform-rebuild-baseline,feat/admin-social-management,feature/uc2000-ve-sms-browser-audit,fix/restore-websocket-registrations,revert-37-arena/019ffd78-pro-v1"
الأرشيف/تقارير-تاريخية/التحليل_العملاق_الشامل_2026-08-11.md,28,"arena/019fe8fa-pro-v1,arena/019fe9e3-pro-v1,arena/019ff019-pro-v1,arena/019ff06b-pro-v1,arena/019ff085-pro-v1,arena/019ff0c7-pro-v1,arena/019ff146-pro-v1,arena/019ff178-pro-v1,arena/019ff1f9-pro-v1,arena/019ff215-pro-v1,arena/019ff237-pro-v1,arena/019ff422-pro-v1,arena/019ff82d-pro-v1,arena/019ff859-pro-v1,arena/019ff8b4-pro-v1,arena/019ff8c7-pro-v1,arena/019ff8f2-pro-v1,arena/019ffce9-pro-v1,arena/019ffd78-pro-v1,arena/019ffe92-pro-v1,arena/019ffece-pro-v1,arena/019fffd5-pro-v1,arena/01a0064f-pro-v1,chore/platform-rebuild-baseline,feat/admin-social-management,feature/uc2000-ve-sms-browser-audit,fix/restore-websocket-registrations,revert-37-arena/019ffd78-pro-v1"
الأرشيف/تقارير-تاريخية/التقرير_الشامل_الحرفي_الكامل.md,28,"arena/019fe8fa-pro-v1,arena/019fe9e3-pro-v1,arena/019ff019-pro-v1,arena/019ff06b-pro-v1,arena/019ff085-pro-v1,arena/019ff0c7-pro-v1,arena/019ff146-pro-v1,arena/019ff178-pro-v1,arena/019ff1f9-pro-v1,arena/019ff215-pro-v1,arena/019ff237-pro-v1,arena/019ff422-pro-v1,arena/019ff82d-pro-v1,arena/019ff859-pro-v1,arena/019ff8b4-pro-v1,arena/019ff8c7-pro-v1,arena/019ff8f2-pro-v1,arena/019ffce9-pro-v1,arena/019ffd78-pro-v1,arena/019ffe92-pro-v1,arena/019ffece-pro-v1,arena/019fffd5-pro-v1,arena/01a0064f-pro-v1,chore/platform-rebuild-baseline,feat/admin-social-management,feature/uc2000-ve-sms-browser-audit,fix/restore-websocket-registrations,revert-37-arena/019ffd78-pro-v1"
الأرشيف/تقارير-تاريخية/التكامل_النهائي_الموحد_2026-08-10.md,28,"arena/019fe8fa-pro-v1,arena/019fe9e3-pro-v1,arena/019ff019-pro-v1,arena/019ff06b-pro-v1,arena/019ff085-pro-v1,arena/019ff0c7-pro-v1,arena/019ff146-pro-v1,arena/019ff178-pro-v1,arena/019ff1f9-pro-v1,arena/019ff215-pro-v1,arena/019ff237-pro-v1,arena/019ff422-pro-v1,arena/019ff82d-pro-v1,arena/019ff859-pro-v1,arena/019ff8b4-pro-v1,arena/019ff8c7-pro-v1,arena/019ff8f2-pro-v1,arena/019ffce9-pro-v1,arena/019ffd78-pro-v1,arena/019ffe92-pro-v1,arena/019ffece-pro-v1,arena/019fffd5-pro-v1,arena/01a0064f-pro-v1,chore/platform-rebuild-baseline,feat/admin-social-management,feature/uc2000-ve-sms-browser-audit,fix/restore-websocket-registrations,revert-37-arena/019ffd78-pro-v1"
الأرشيف/تقارير-تاريخية/الحقيقة_الكاملة_بلا_وهم_النهائية_AR.md,28,"arena/019fe8fa-pro-v1,arena/019fe9e3-pro-v1,arena/019ff019-pro-v1,arena/019ff06b-pro-v1,arena/019ff085-pro-v1,arena/019ff0c7-pro-v1,arena/019ff146-pro-v1,arena/019ff178-pro-v1,arena/019ff1f9-pro-v1,arena/019ff215-pro-v1,arena/019ff237-pro-v1,arena/019ff422-pro-v1,arena/019ff82d-pro-v1,arena/019ff859-pro-v1,arena/019ff8b4-pro-v1,arena/019ff8c7-pro-v1,arena/019ff8f2-pro-v1,arena/019ffce9-pro-v1,arena/019ffd78-pro-v1,arena/019ffe92-pro-v1,arena/019ffece-pro-v1,arena/019fffd5-pro-v1,arena/01a0064f-pro-v1,chore/platform-rebuild-baseline,feat/admin-social-management,feature/uc2000-ve-sms-browser-audit,fix/restore-websocket-registrations,revert-37-arena/019ffd78-pro-v1"
الأرشيف/تقارير-تاريخية/الخريطة_التنافسية_وخطة_التفوق_2026-08-11.md,28,"arena/019fe8fa-pro-v1,arena/019fe9e3-pro-v1,arena/019ff019-pro-v1,arena/019ff06b-pro-v1,arena/019ff085-pro-v1,arena/019ff0c7-pro-v1,arena/019ff146-pro-v1,arena/019ff178-pro-v1,arena/019ff1f9-pro-v1,arena/019ff215-pro-v1,arena/019ff237-pro-v1,arena/019ff422-pro-v1,arena/019ff82d-pro-v1,arena/019ff859-pro-v1,arena/019ff8b4-pro-v1,arena/019ff8c7-pro-v1,arena/019ff8f2-pro-v1,arena/019ffce9-pro-v1,arena/019ffd78-pro-v1,arena/019ffe92-pro-v1,arena/019ffece-pro-v1,arena/019fffd5-pro-v1,arena/01a0064f-pro-v1,chore/platform-rebuild-baseline,feat/admin-social-management,feature/uc2000-ve-sms-browser-audit,fix/restore-websocket-registrations,revert-37-arena/019ffd78-pro-v1"
الأرشيف/تقارير-تاريخية/الخطة_الاحترافية_للتفوق_على_واتساب_وتلجرام_AR.md,28,"arena/019fe8fa-pro-v1,arena/019fe9e3-pro-v1,arena/019ff019-pro-v1,arena/019ff06b-pro-v1,arena/019ff085-pro-v1,arena/019ff0c7-pro-v1,arena/019ff146-pro-v1,arena/019ff178-pro-v1,arena/019ff1f9-pro-v1,arena/019ff215-pro-v1,arena/019ff237-pro-v1,arena/019ff422-pro-v1,arena/019ff82d-pro-v1,arena/019ff859-pro-v1,arena/019ff8b4-pro-v1,arena/019ff8c7-pro-v1,arena/019ff8f2-pro-v1,arena/019ffce9-pro-v1,arena/019ffd78-pro-v1,arena/019ffe92-pro-v1,arena/019ffece-pro-v1,arena/019fffd5-pro-v1,arena/01a0064f-pro-v1,chore/platform-rebuild-baseline,feat/admin-social-management,feature/uc2000-ve-sms-browser-audit,fix/restore-websocket-registrations,revert-37-arena/019ffd78-pro-v1"
الأرشيف/تقارير-تاريخية/الخلاصة_النهائية_الجذر_القانوني_2026-08-10.md,28,"arena/019fe8fa-pro-v1,arena/019fe9e3-pro-v1,arena/019ff019-pro-v1,arena/019ff06b-pro-v1,arena/019ff085-pro-v1,arena/019ff0c7-pro-v1,arena/019ff146-pro-v1,arena/019ff178-pro-v1,arena/019ff1f9-pro-v1,arena/019ff215-pro-v1,arena/019ff237-pro-v1,arena/019ff422-pro-v1,arena/019ff82d-pro-v1,arena/019ff859-pro-v1,arena/019ff8b4-pro-v1,arena/019ff8c7-pro-v1,arena/019ff8f2-pro-v1,arena/019ffce9-pro-v1,arena/019ffd78-pro-v1,arena/019ffe92-pro-v1,arena/019ffece-pro-v1,arena/019fffd5-pro-v1,arena/01a0064f-pro-v1,chore/platform-rebuild-baseline,feat/admin-social-management,feature/uc2000-ve-sms-browser-audit,fix/restore-websocket-registrations,revert-37-arena/019ffd78-pro-v1"
الأرشيف/تقارير-تاريخية/الفحص_الذاتي_المستقل_حرف_حرف_AR.md,28,"arena/019fe8fa-pro-v1,arena/019fe9e3-pro-v1,arena/019ff019-pro-v1,arena/019ff06b-pro-v1,arena/019ff085-pro-v1,arena/019ff0c7-pro-v1,arena/019ff146-pro-v1,arena/019ff178-pro-v1,arena/019ff1f9-pro-v1,arena/019ff215-pro-v1,arena/019ff237-pro-v1,arena/019ff422-pro-v1,arena/019ff82d-pro-v1,arena/019ff859-pro-v1,arena/019ff8b4-pro-v1,arena/019ff8c7-pro-v1,arena/019ff8f2-pro-v1,arena/019ffce9-pro-v1,arena/019ffd78-pro-v1,arena/019ffe92-pro-v1,arena/019ffece-pro-v1,arena/019fffd5-pro-v1,arena/01a0064f-pro-v1,chore/platform-rebuild-baseline,feat/admin-social-management,feature/uc2000-ve-sms-browser-audit,fix/restore-websocket-registrations,revert-37-arena/019ffd78-pro-v1"
الأرشيف/تقارير-تاريخية/تحليل_المشروع_الشامل_العميق_2026-08-10.md,28,"arena/019fe8fa-pro-v1,arena/019fe9e3-pro-v1,arena/019ff019-pro-v1,arena/019ff06b-pro-v1,arena/019ff085-pro-v1,arena/019ff0c7-pro-v1,arena/019ff146-pro-v1,arena/019ff178-pro-v1,arena/019ff1f9-pro-v1,arena/019ff215-pro-v1,arena/019ff237-pro-v1,arena/019ff422-pro-v1,arena/019ff82d-pro-v1,arena/019ff859-pro-v1,arena/019ff8b4-pro-v1,arena/019ff8c7-pro-v1,arena/019ff8f2-pro-v1,arena/019ffce9-pro-v1,arena/019ffd78-pro-v1,arena/019ffe92-pro-v1,arena/019ffece-pro-v1,arena/019fffd5-pro-v1,arena/01a0064f-pro-v1,chore/platform-rebuild-baseline,feat/admin-social-management,feature/uc2000-ve-sms-browser-audit,fix/restore-websocket-registrations,revert-37-arena/019ffd78-pro-v1"
الأرشيف/تقارير-تاريخية/تحليل_تطبيق_الأندرويد_الشامل_2026-08-10.md,28,"arena/019fe8fa-pro-v1,arena/019fe9e3-pro-v1,arena/019ff019-pro-v1,arena/019ff06b-pro-v1,arena/019ff085-pro-v1,arena/019ff0c7-pro-v1,arena/019ff146-pro-v1,arena/019ff178-pro-v1,arena/019ff1f9-pro-v1,arena/019ff215-pro-v1,arena/019ff237-pro-v1,arena/019ff422-pro-v1,arena/019ff82d-pro-v1,arena/019ff859-pro-v1,arena/019ff8b4-pro-v1,arena/019ff8c7-pro-v1,arena/019ff8f2-pro-v1,arena/019ffce9-pro-v1,arena/019ffd78-pro-v1,arena/019ffe92-pro-v1,arena/019ffece-pro-v1,arena/019fffd5-pro-v1,arena/01a0064f-pro-v1,chore/platform-rebuild-baseline,feat/admin-social-management,feature/uc2000-ve-sms-browser-audit,fix/restore-websocket-registrations,revert-37-arena/019ffd78-pro-v1"
الأرشيف/تقارير-تاريخية/تقرير_الادمن_القديمة_vs_الجديدة.md,28,"arena/019fe8fa-pro-v1,arena/019fe9e3-pro-v1,arena/019ff019-pro-v1,arena/019ff06b-pro-v1,arena/019ff085-pro-v1,arena/019ff0c7-pro-v1,arena/019ff146-pro-v1,arena/019ff178-pro-v1,arena/019ff1f9-pro-v1,arena/019ff215-pro-v1,arena/019ff237-pro-v1,arena/019ff422-pro-v1,arena/019ff82d-pro-v1,arena/019ff859-pro-v1,arena/019ff8b4-pro-v1,arena/019ff8c7-pro-v1,arena/019ff8f2-pro-v1,arena/019ffce9-pro-v1,arena/019ffd78-pro-v1,arena/019ffe92-pro-v1,arena/019ffece-pro-v1,arena/019fffd5-pro-v1,arena/01a0064f-pro-v1,chore/platform-rebuild-baseline,feat/admin-social-management,feature/uc2000-ve-sms-browser-audit,fix/restore-websocket-registrations,revert-37-arena/019ffd78-pro-v1"
الأرشيف/تقارير-تاريخية/تقرير_الانطلاق_الفعلي_AR.md,28,"arena/019fe8fa-pro-v1,arena/019fe9e3-pro-v1,arena/019ff019-pro-v1,arena/019ff06b-pro-v1,arena/019ff085-pro-v1,arena/019ff0c7-pro-v1,arena/019ff146-pro-v1,arena/019ff178-pro-v1,arena/019ff1f9-pro-v1,arena/019ff215-pro-v1,arena/019ff237-pro-v1,arena/019ff422-pro-v1,arena/019ff82d-pro-v1,arena/019ff859-pro-v1,arena/019ff8b4-pro-v1,arena/019ff8c7-pro-v1,arena/019ff8f2-pro-v1,arena/019ffce9-pro-v1,arena/019ffd78-pro-v1,arena/019ffe92-pro-v1,arena/019ffece-pro-v1,arena/019fffd5-pro-v1,arena/01a0064f-pro-v1,chore/platform-rebuild-baseline,feat/admin-social-management,feature/uc2000-ve-sms-browser-audit,fix/restore-websocket-registrations,revert-37-arena/019ffd78-pro-v1"
الأرشيف/تقارير-تاريخية/تقرير_الفحص_الشامل_الأندرويد_2026-08-11.md,28,"arena/019fe8fa-pro-v1,arena/019fe9e3-pro-v1,arena/019ff019-pro-v1,arena/019ff06b-pro-v1,arena/019ff085-pro-v1,arena/019ff0c7-pro-v1,arena/019ff146-pro-v1,arena/019ff178-pro-v1,arena/019ff1f9-pro-v1,arena/019ff215-pro-v1,arena/019ff237-pro-v1,arena/019ff422-pro-v1,arena/019ff82d-pro-v1,arena/019ff859-pro-v1,arena/019ff8b4-pro-v1,arena/019ff8c7-pro-v1,arena/019ff8f2-pro-v1,arena/019ffce9-pro-v1,arena/019ffd78-pro-v1,arena/019ffe92-pro-v1,arena/019ffece-pro-v1,arena/019fffd5-pro-v1,arena/01a0064f-pro-v1,chore/platform-rebuild-baseline,feat/admin-social-management,feature/uc2000-ve-sms-browser-audit,fix/restore-websocket-registrations,revert-37-arena/019ffd78-pro-v1"
الأرشيف/تقارير-تاريخية/تقرير_الفحص_الشامل_الكامل_النهائي_AR.md,28,"arena/019fe8fa-pro-v1,arena/019fe9e3-pro-v1,arena/019ff019-pro-v1,arena/019ff06b-pro-v1,arena/019ff085-pro-v1,arena/019ff0c7-pro-v1,arena/019ff146-pro-v1,arena/019ff178-pro-v1,arena/019ff1f9-pro-v1,arena/019ff215-pro-v1,arena/019ff237-pro-v1,arena/019ff422-pro-v1,arena/019ff82d-pro-v1,arena/019ff859-pro-v1,arena/019ff8b4-pro-v1,arena/019ff8c7-pro-v1,arena/019ff8f2-pro-v1,arena/019ffce9-pro-v1,arena/019ffd78-pro-v1,arena/019ffe92-pro-v1,arena/019ffece-pro-v1,arena/019fffd5-pro-v1,arena/01a0064f-pro-v1,chore/platform-rebuild-baseline,feat/admin-social-management,feature/uc2000-ve-sms-browser-audit,fix/restore-websocket-registrations,revert-37-arena/019ffd78-pro-v1"
الأرشيف/تقارير-تاريخية/تقرير_الفحص_الشامل_النهائي_2026-08-12.md,28,"arena/019fe8fa-pro-v1,arena/019fe9e3-pro-v1,arena/019ff019-pro-v1,arena/019ff06b-pro-v1,arena/019ff085-pro-v1,arena/019ff0c7-pro-v1,arena/019ff146-pro-v1,arena/019ff178-pro-v1,arena/019ff1f9-pro-v1,arena/019ff215-pro-v1,arena/019ff237-pro-v1,arena/019ff422-pro-v1,arena/019ff82d-pro-v1,arena/019ff859-pro-v1,arena/019ff8b4-pro-v1,arena/019ff8c7-pro-v1,arena/019ff8f2-pro-v1,arena/019ffce9-pro-v1,arena/019ffd78-pro-v1,arena/019ffe92-pro-v1,arena/019ffece-pro-v1,arena/019fffd5-pro-v1,arena/01a0064f-pro-v1,chore/platform-rebuild-baseline,feat/admin-social-management,feature/uc2000-ve-sms-browser-audit,fix/restore-websocket-registrations,revert-37-arena/019ffd78-pro-v1"
الأرشيف/تقارير-تاريخية/تقرير_فحص_تطبيق_الأندرويد_الشامل_2026-08-13.md,28,"arena/019fe8fa-pro-v1,arena/019fe9e3-pro-v1,arena/019ff019-pro-v1,arena/019ff06b-pro-v1,arena/019ff085-pro-v1,arena/019ff0c7-pro-v1,arena/019ff146-pro-v1,arena/019ff178-pro-v1,arena/019ff1f9-pro-v1,arena/019ff215-pro-v1,arena/019ff237-pro-v1,arena/019ff422-pro-v1,arena/019ff82d-pro-v1,arena/019ff859-pro-v1,arena/019ff8b4-pro-v1,arena/019ff8c7-pro-v1,arena/019ff8f2-pro-v1,arena/019ffce9-pro-v1,arena/019ffd78-pro-v1,arena/019ffe92-pro-v1,arena/019ffece-pro-v1,arena/019fffd5-pro-v1,arena/01a0064f-pro-v1,chore/platform-rebuild-baseline,feat/admin-social-management,feature/uc2000-ve-sms-browser-audit,fix/restore-websocket-registrations,revert-37-arena/019ffd78-pro-v1"
الأرشيف/تقارير-تاريخية/تقنيات_المكالمات_الحديثة_وإصلاحات_2026-08-11.md,28,"arena/019fe8fa-pro-v1,arena/019fe9e3-pro-v1,arena/019ff019-pro-v1,arena/019ff06b-pro-v1,arena/019ff085-pro-v1,arena/019ff0c7-pro-v1,arena/019ff146-pro-v1,arena/019ff178-pro-v1,arena/019ff1f9-pro-v1,arena/019ff215-pro-v1,arena/019ff237-pro-v1,arena/019ff422-pro-v1,arena/019ff82d-pro-v1,arena/019ff859-pro-v1,arena/019ff8b4-pro-v1,arena/019ff8c7-pro-v1,arena/019ff8f2-pro-v1,arena/019ffce9-pro-v1,arena/019ffd78-pro-v1,arena/019ffe92-pro-v1,arena/019ffece-pro-v1,arena/019fffd5-pro-v1,arena/01a0064f-pro-v1,chore/platform-rebuild-baseline,feat/admin-social-management,feature/uc2000-ve-sms-browser-audit,fix/restore-websocket-registrations,revert-37-arena/019ffd78-pro-v1"
الأرشيف/تقارير-تاريخية/تقنيات_المكالمات_وإصلاحات_المراحل_2026-08-11.md,28,"arena/019fe8fa-pro-v1,arena/019fe9e3-pro-v1,arena/019ff019-pro-v1,arena/019ff06b-pro-v1,arena/019ff085-pro-v1,arena/019ff0c7-pro-v1,arena/019ff146-pro-v1,arena/019ff178-pro-v1,arena/019ff1f9-pro-v1,arena/019ff215-pro-v1,arena/019ff237-pro-v1,arena/019ff422-pro-v1,arena/019ff82d-pro-v1,arena/019ff859-pro-v1,arena/019ff8b4-pro-v1,arena/019ff8c7-pro-v1,arena/019ff8f2-pro-v1,arena/019ffce9-pro-v1,arena/019ffd78-pro-v1,arena/019ffe92-pro-v1,arena/019ffece-pro-v1,arena/019fffd5-pro-v1,arena/01a0064f-pro-v1,chore/platform-rebuild-baseline,feat/admin-social-management,feature/uc2000-ve-sms-browser-audit,fix/restore-websocket-registrations,revert-37-arena/019ffd78-pro-v1"
الأرشيف/تقارير-تاريخية/حكم_التحقيق_في_تقرير_Copilot_2026-08-10.md,28,"arena/019fe8fa-pro-v1,arena/019fe9e3-pro-v1,arena/019ff019-pro-v1,arena/019ff06b-pro-v1,arena/019ff085-pro-v1,arena/019ff0c7-pro-v1,arena/019ff146-pro-v1,arena/019ff178-pro-v1,arena/019ff1f9-pro-v1,arena/019ff215-pro-v1,arena/019ff237-pro-v1,arena/019ff422-pro-v1,arena/019ff82d-pro-v1,arena/019ff859-pro-v1,arena/019ff8b4-pro-v1,arena/019ff8c7-pro-v1,arena/019ff8f2-pro-v1,arena/019ffce9-pro-v1,arena/019ffd78-pro-v1,arena/019ffe92-pro-v1,arena/019ffece-pro-v1,arena/019fffd5-pro-v1,arena/01a0064f-pro-v1,chore/platform-rebuild-baseline,feat/admin-social-management,feature/uc2000-ve-sms-browser-audit,fix/restore-websocket-registrations,revert-37-arena/019ffd78-pro-v1"
الأرشيف/تقارير-تاريخية/خارطة_التطوير_المحدّثة_2026-08-11.md,28,"arena/019fe8fa-pro-v1,arena/019fe9e3-pro-v1,arena/019ff019-pro-v1,arena/019ff06b-pro-v1,arena/019ff085-pro-v1,arena/019ff0c7-pro-v1,arena/019ff146-pro-v1,arena/019ff178-pro-v1,arena/019ff1f9-pro-v1,arena/019ff215-pro-v1,arena/019ff237-pro-v1,arena/019ff422-pro-v1,arena/019ff82d-pro-v1,arena/019ff859-pro-v1,arena/019ff8b4-pro-v1,arena/019ff8c7-pro-v1,arena/019ff8f2-pro-v1,arena/019ffce9-pro-v1,arena/019ffd78-pro-v1,arena/019ffe92-pro-v1,arena/019ffece-pro-v1,arena/019fffd5-pro-v1,arena/01a0064f-pro-v1,chore/platform-rebuild-baseline,feat/admin-social-management,feature/uc2000-ve-sms-browser-audit,fix/restore-websocket-registrations,revert-37-arena/019ffd78-pro-v1"
الأرشيف/تقارير-تاريخية/خارطة_المجموعات_وخطة_التفوق_2026-08-11.md,28,"arena/019fe8fa-pro-v1,arena/019fe9e3-pro-v1,arena/019ff019-pro-v1,arena/019ff06b-pro-v1,arena/019ff085-pro-v1,arena/019ff0c7-pro-v1,arena/019ff146-pro-v1,arena/019ff178-pro-v1,arena/019ff1f9-pro-v1,arena/019ff215-pro-v1,arena/019ff237-pro-v1,arena/019ff422-pro-v1,arena/019ff82d-pro-v1,arena/019ff859-pro-v1,arena/019ff8b4-pro-v1,arena/019ff8c7-pro-v1,arena/019ff8f2-pro-v1,arena/019ffce9-pro-v1,arena/019ffd78-pro-v1,arena/019ffe92-pro-v1,arena/019ffece-pro-v1,arena/019fffd5-pro-v1,arena/01a0064f-pro-v1,chore/platform-rebuild-baseline,feat/admin-social-management,feature/uc2000-ve-sms-browser-audit,fix/restore-websocket-registrations,revert-37-arena/019ffd78-pro-v1"
الأرشيف/تقارير-تاريخية/خطة_الانطلاق_الأسطورية_AR.md,28,"arena/019fe8fa-pro-v1,arena/019fe9e3-pro-v1,arena/019ff019-pro-v1,arena/019ff06b-pro-v1,arena/019ff085-pro-v1,arena/019ff0c7-pro-v1,arena/019ff146-pro-v1,arena/019ff178-pro-v1,arena/019ff1f9-pro-v1,arena/019ff215-pro-v1,arena/019ff237-pro-v1,arena/019ff422-pro-v1,arena/019ff82d-pro-v1,arena/019ff859-pro-v1,arena/019ff8b4-pro-v1,arena/019ff8c7-pro-v1,arena/019ff8f2-pro-v1,arena/019ffce9-pro-v1,arena/019ffd78-pro-v1,arena/019ffe92-pro-v1,arena/019ffece-pro-v1,arena/019fffd5-pro-v1,arena/01a0064f-pro-v1,chore/platform-rebuild-baseline,feat/admin-social-management,feature/uc2000-ve-sms-browser-audit,fix/restore-websocket-registrations,revert-37-arena/019ffd78-pro-v1"
الأرشيف/تقارير-تاريخية/سجل_التغييرات_الكامل_2026-08-10.md,28,"arena/019fe8fa-pro-v1,arena/019fe9e3-pro-v1,arena/019ff019-pro-v1,arena/019ff06b-pro-v1,arena/019ff085-pro-v1,arena/019ff0c7-pro-v1,arena/019ff146-pro-v1,arena/019ff178-pro-v1,arena/019ff1f9-pro-v1,arena/019ff215-pro-v1,arena/019ff237-pro-v1,arena/019ff422-pro-v1,arena/019ff82d-pro-v1,arena/019ff859-pro-v1,arena/019ff8b4-pro-v1,arena/019ff8c7-pro-v1,arena/019ff8f2-pro-v1,arena/019ffce9-pro-v1,arena/019ffd78-pro-v1,arena/019ffe92-pro-v1,arena/019ffece-pro-v1,arena/019fffd5-pro-v1,arena/01a0064f-pro-v1,chore/platform-rebuild-baseline,feat/admin-social-management,feature/uc2000-ve-sms-browser-audit,fix/restore-websocket-registrations,revert-37-arena/019ffd78-pro-v1"
الأرشيف/تقارير-تاريخية/فحص_الدردشة_الخاصة_بين_الصديقين_2026-08-11.md,28,"arena/019fe8fa-pro-v1,arena/019fe9e3-pro-v1,arena/019ff019-pro-v1,arena/019ff06b-pro-v1,arena/019ff085-pro-v1,arena/019ff0c7-pro-v1,arena/019ff146-pro-v1,arena/019ff178-pro-v1,arena/019ff1f9-pro-v1,arena/019ff215-pro-v1,arena/019ff237-pro-v1,arena/019ff422-pro-v1,arena/019ff82d-pro-v1,arena/019ff859-pro-v1,arena/019ff8b4-pro-v1,arena/019ff8c7-pro-v1,arena/019ff8f2-pro-v1,arena/019ffce9-pro-v1,arena/019ffd78-pro-v1,arena/019ffe92-pro-v1,arena/019ffece-pro-v1,arena/019fffd5-pro-v1,arena/01a0064f-pro-v1,chore/platform-rebuild-baseline,feat/admin-social-management,feature/uc2000-ve-sms-browser-audit,fix/restore-websocket-registrations,revert-37-arena/019ffd78-pro-v1"
الأرشيف/تقارير-تاريخية/فحص_الشاشات_الخاصة_العميق_2026-08-11.md,28,"arena/019fe8fa-pro-v1,arena/019fe9e3-pro-v1,arena/019ff019-pro-v1,arena/019ff06b-pro-v1,arena/019ff085-pro-v1,arena/019ff0c7-pro-v1,arena/019ff146-pro-v1,arena/019ff178-pro-v1,arena/019ff1f9-pro-v1,arena/019ff215-pro-v1,arena/019ff237-pro-v1,arena/019ff422-pro-v1,arena/019ff82d-pro-v1,arena/019ff859-pro-v1,arena/019ff8b4-pro-v1,arena/019ff8c7-pro-v1,arena/019ff8f2-pro-v1,arena/019ffce9-pro-v1,arena/019ffd78-pro-v1,arena/019ffe92-pro-v1,arena/019ffece-pro-v1,arena/019fffd5-pro-v1,arena/01a0064f-pro-v1,chore/platform-rebuild-baseline,feat/admin-social-management,feature/uc2000-ve-sms-browser-audit,fix/restore-websocket-registrations,revert-37-arena/019ffd78-pro-v1"
الأرشيف/تقارير-تاريخية/مقارنة_الأيقونات_الاحترافية_AR.md,28,"arena/019fe8fa-pro-v1,arena/019fe9e3-pro-v1,arena/019ff019-pro-v1,arena/019ff06b-pro-v1,arena/019ff085-pro-v1,arena/019ff0c7-pro-v1,arena/019ff146-pro-v1,arena/019ff178-pro-v1,arena/019ff1f9-pro-v1,arena/019ff215-pro-v1,arena/019ff237-pro-v1,arena/019ff422-pro-v1,arena/019ff82d-pro-v1,arena/019ff859-pro-v1,arena/019ff8b4-pro-v1,arena/019ff8c7-pro-v1,arena/019ff8f2-pro-v1,arena/019ffce9-pro-v1,arena/019ffd78-pro-v1,arena/019ffe92-pro-v1,arena/019ffece-pro-v1,arena/019fffd5-pro-v1,arena/01a0064f-pro-v1,chore/platform-rebuild-baseline,feat/admin-social-management,feature/uc2000-ve-sms-browser-audit,fix/restore-websocket-registrations,revert-37-arena/019ffd78-pro-v1"
الأرشيف/تقارير-تاريخية/مقارنة_الواجهة_البصرية_والوظيفية_2026-08-11.md,28,"arena/019fe8fa-pro-v1,arena/019fe9e3-pro-v1,arena/019ff019-pro-v1,arena/019ff06b-pro-v1,arena/019ff085-pro-v1,arena/019ff0c7-pro-v1,arena/019ff146-pro-v1,arena/019ff178-pro-v1,arena/019ff1f9-pro-v1,arena/019ff215-pro-v1,arena/019ff237-pro-v1,arena/019ff422-pro-v1,arena/019ff82d-pro-v1,arena/019ff859-pro-v1,arena/019ff8b4-pro-v1,arena/019ff8c7-pro-v1,arena/019ff8f2-pro-v1,arena/019ffce9-pro-v1,arena/019ffd78-pro-v1,arena/019ffe92-pro-v1,arena/019ffece-pro-v1,arena/019fffd5-pro-v1,arena/01a0064f-pro-v1,chore/platform-rebuild-baseline,feat/admin-social-management,feature/uc2000-ve-sms-browser-audit,fix/restore-websocket-registrations,revert-37-arena/019ffd78-pro-v1"
الأرشيف/تقارير-تاريخية/مقترحات_التطوير_2026-08-11.md,28,"arena/019fe8fa-pro-v1,arena/019fe9e3-pro-v1,arena/019ff019-pro-v1,arena/019ff06b-pro-v1,arena/019ff085-pro-v1,arena/019ff0c7-pro-v1,arena/019ff146-pro-v1,arena/019ff178-pro-v1,arena/019ff1f9-pro-v1,arena/019ff215-pro-v1,arena/019ff237-pro-v1,arena/019ff422-pro-v1,arena/019ff82d-pro-v1,arena/019ff859-pro-v1,arena/019ff8b4-pro-v1,arena/019ff8c7-pro-v1,arena/019ff8f2-pro-v1,arena/019ffce9-pro-v1,arena/019ffd78-pro-v1,arena/019ffe92-pro-v1,arena/019ffece-pro-v1,arena/019fffd5-pro-v1,arena/01a0064f-pro-v1,chore/platform-rebuild-baseline,feat/admin-social-management,feature/uc2000-ve-sms-browser-audit,fix/restore-websocket-registrations,revert-37-arena/019ffd78-pro-v1"
الأرشيف/تقارير-تاريخية/وقائع_مؤكدة_بلا_وهم_AR.md,28,"arena/019fe8fa-pro-v1,arena/019fe9e3-pro-v1,arena/019ff019-pro-v1,arena/019ff06b-pro-v1,arena/019ff085-pro-v1,arena/019ff0c7-pro-v1,arena/019ff146-pro-v1,arena/019ff178-pro-v1,arena/019ff1f9-pro-v1,arena/019ff215-pro-v1,arena/019ff237-pro-v1,arena/019ff422-pro-v1,arena/019ff82d-pro-v1,arena/019ff859-pro-v1,arena/019ff8b4-pro-v1,arena/019ff8c7-pro-v1,arena/019ff8f2-pro-v1,arena/019ffce9-pro-v1,arena/019ffd78-pro-v1,arena/019ffe92-pro-v1,arena/019ffece-pro-v1,arena/019fffd5-pro-v1,arena/01a0064f-pro-v1,chore/platform-rebuild-baseline,feat/admin-social-management,feature/uc2000-ve-sms-browser-audit,fix/restore-websocket-registrations,revert-37-arena/019ffd78-pro-v1"
تدقيق_المحذوفات_والإضافات_2026-08-19.md,28,"arena/019fe8fa-pro-v1,arena/019fe9e3-pro-v1,arena/019ff019-pro-v1,arena/019ff06b-pro-v1,arena/019ff085-pro-v1,arena/019ff0c7-pro-v1,arena/019ff146-pro-v1,arena/019ff178-pro-v1,arena/019ff1f9-pro-v1,arena/019ff215-pro-v1,arena/019ff237-pro-v1,arena/019ff422-pro-v1,arena/019ff82d-pro-v1,arena/019ff859-pro-v1,arena/019ff8b4-pro-v1,arena/019ff8c7-pro-v1,arena/019ff8f2-pro-v1,arena/019ffce9-pro-v1,arena/019ffd78-pro-v1,arena/019ffe92-pro-v1,arena/019ffece-pro-v1,arena/019fffd5-pro-v1,arena/01a0064f-pro-v1,chore/platform-rebuild-baseline,feat/admin-social-management,feature/uc2000-ve-sms-browser-audit,fix/restore-websocket-registrations,revert-37-arena/019ffd78-pro-v1"
تقرير_استرجاع_المفقودات_من_كل_الفروع_2026-08-19.md,28,"arena/019fe8fa-pro-v1,arena/019fe9e3-pro-v1,arena/019ff019-pro-v1,arena/019ff06b-pro-v1,arena/019ff085-pro-v1,arena/019ff0c7-pro-v1,arena/019ff146-pro-v1,arena/019ff178-pro-v1,arena/019ff1f9-pro-v1,arena/019ff215-pro-v1,arena/019ff237-pro-v1,arena/019ff422-pro-v1,arena/019ff82d-pro-v1,arena/019ff859-pro-v1,arena/019ff8b4-pro-v1,arena/019ff8c7-pro-v1,arena/019ff8f2-pro-v1,arena/019ffce9-pro-v1,arena/019ffd78-pro-v1,arena/019ffe92-pro-v1,arena/019ffece-pro-v1,arena/019fffd5-pro-v1,arena/01a0064f-pro-v1,chore/platform-rebuild-baseline,feat/admin-social-management,feature/uc2000-ve-sms-browser-audit,fix/restore-websocket-registrations,revert-37-arena/019ffd78-pro-v1"
تقرير_التدقيق_الشامل_2026-08-19.md,28,"arena/019fe8fa-pro-v1,arena/019fe9e3-pro-v1,arena/019ff019-pro-v1,arena/019ff06b-pro-v1,arena/019ff085-pro-v1,arena/019ff0c7-pro-v1,arena/019ff146-pro-v1,arena/019ff178-pro-v1,arena/019ff1f9-pro-v1,arena/019ff215-pro-v1,arena/019ff237-pro-v1,arena/019ff422-pro-v1,arena/019ff82d-pro-v1,arena/019ff859-pro-v1,arena/019ff8b4-pro-v1,arena/019ff8c7-pro-v1,arena/019ff8f2-pro-v1,arena/019ffce9-pro-v1,arena/019ffd78-pro-v1,arena/019ffe92-pro-v1,arena/019ffece-pro-v1,arena/019fffd5-pro-v1,arena/01a0064f-pro-v1,chore/platform-rebuild-baseline,feat/admin-social-management,feature/uc2000-ve-sms-browser-audit,fix/restore-websocket-registrations,revert-37-arena/019ffd78-pro-v1"
تقرير_التطوير_الشامل_2026-08-19.md,28,"arena/019fe8fa-pro-v1,arena/019fe9e3-pro-v1,arena/019ff019-pro-v1,arena/019ff06b-pro-v1,arena/019ff085-pro-v1,arena/019ff0c7-pro-v1,arena/019ff146-pro-v1,arena/019ff178-pro-v1,arena/019ff1f9-pro-v1,arena/019ff215-pro-v1,arena/019ff237-pro-v1,arena/019ff422-pro-v1,arena/019ff82d-pro-v1,arena/019ff859-pro-v1,arena/019ff8b4-pro-v1,arena/019ff8c7-pro-v1,arena/019ff8f2-pro-v1,arena/019ffce9-pro-v1,arena/019ffd78-pro-v1,arena/019ffe92-pro-v1,arena/019ffece-pro-v1,arena/019fffd5-pro-v1,arena/01a0064f-pro-v1,chore/platform-rebuild-baseline,feat/admin-social-management,feature/uc2000-ve-sms-browser-audit,fix/restore-websocket-registrations,revert-37-arena/019ffd78-pro-v1"
خارطة_الطريق_2026-08-19.md,28,"arena/019fe8fa-pro-v1,arena/019fe9e3-pro-v1,arena/019ff019-pro-v1,arena/019ff06b-pro-v1,arena/019ff085-pro-v1,arena/019ff0c7-pro-v1,arena/019ff146-pro-v1,arena/019ff178-pro-v1,arena/019ff1f9-pro-v1,arena/019ff215-pro-v1,arena/019ff237-pro-v1,arena/019ff422-pro-v1,arena/019ff82d-pro-v1,arena/019ff859-pro-v1,arena/019ff8b4-pro-v1,arena/019ff8c7-pro-v1,arena/019ff8f2-pro-v1,arena/019ffce9-pro-v1,arena/019ffd78-pro-v1,arena/019ffe92-pro-v1,arena/019ffece-pro-v1,arena/019fffd5-pro-v1,arena/01a0064f-pro-v1,chore/platform-rebuild-baseline,feat/admin-social-management,feature/uc2000-ve-sms-browser-audit,fix/restore-websocket-registrations,revert-37-arena/019ffd78-pro-v1"
RED_Ultimate_V1-main/RED_Ultimate/run_red.bat,27,"arena/019fe8fa-pro-v1,arena/019ff019-pro-v1,arena/019ff06b-pro-v1,arena/019ff085-pro-v1,arena/019ff0c7-pro-v1,arena/019ff146-pro-v1,arena/019ff178-pro-v1,arena/019ff1f9-pro-v1,arena/019ff215-pro-v1,arena/019ff237-pro-v1,arena/019ff422-pro-v1,arena/019ff82d-pro-v1,arena/019ff859-pro-v1,arena/019ff8b4-pro-v1,arena/019ff8c7-pro-v1,arena/019ff8f2-pro-v1,arena/019ffce9-pro-v1,arena/019ffd78-pro-v1,arena/019ffe92-pro-v1,arena/019ffece-pro-v1,arena/019fffd5-pro-v1,arena/01a0064f-pro-v1,chore/platform-rebuild-baseline,feat/admin-social-management,feature/uc2000-ve-sms-browser-audit,fix/restore-websocket-registrations,revert-37-arena/019ffd78-pro-v1"
RED_Ultimate_V1-main/RED_Ultimate/تقرير_الجلسة_2026-08-15_إصلاح_وتطوير_واختبار.md,27,"arena/019fe8fa-pro-v1,arena/019fe9e3-pro-v1,arena/019ff019-pro-v1,arena/019ff06b-pro-v1,arena/019ff085-pro-v1,arena/019ff0c7-pro-v1,arena/019ff146-pro-v1,arena/019ff178-pro-v1,arena/019ff1f9-pro-v1,arena/019ff215-pro-v1,arena/019ff237-pro-v1,arena/019ff422-pro-v1,arena/019ff82d-pro-v1,arena/019ff859-pro-v1,arena/019ff8b4-pro-v1,arena/019ff8c7-pro-v1,arena/019ff8f2-pro-v1,arena/019ffce9-pro-v1,arena/019ffd78-pro-v1,arena/019ffe92-pro-v1,arena/019ffece-pro-v1,arena/019fffd5-pro-v1,chore/platform-rebuild-baseline,feat/admin-social-management,feature/uc2000-ve-sms-browser-audit,fix/restore-websocket-registrations,revert-37-arena/019ffd78-pro-v1"
RED_Ultimate_V1-main/RED_Ultimate/تقرير_الجلسة_2026-08-15_دمج_PR39_الأحدث.md,27,"arena/019fe8fa-pro-v1,arena/019fe9e3-pro-v1,arena/019ff019-pro-v1,arena/019ff06b-pro-v1,arena/019ff085-pro-v1,arena/019ff0c7-pro-v1,arena/019ff146-pro-v1,arena/019ff178-pro-v1,arena/019ff1f9-pro-v1,arena/019ff215-pro-v1,arena/019ff237-pro-v1,arena/019ff422-pro-v1,arena/019ff82d-pro-v1,arena/019ff859-pro-v1,arena/019ff8b4-pro-v1,arena/019ff8c7-pro-v1,arena/019ff8f2-pro-v1,arena/019ffce9-pro-v1,arena/019ffd78-pro-v1,arena/019ffe92-pro-v1,arena/019ffece-pro-v1,arena/019fffd5-pro-v1,chore/platform-rebuild-baseline,feat/admin-social-management,feature/uc2000-ve-sms-browser-audit,fix/restore-websocket-registrations,revert-37-arena/019ffd78-pro-v1"
docs/PLATFORM_BASELINE_AUDIT_2026-08-19_AR.md,27,"arena/019fe8fa-pro-v1,arena/019fe9e3-pro-v1,arena/019ff019-pro-v1,arena/019ff06b-pro-v1,arena/019ff085-pro-v1,arena/019ff0c7-pro-v1,arena/019ff146-pro-v1,arena/019ff178-pro-v1,arena/019ff1f9-pro-v1,arena/019ff215-pro-v1,arena/019ff237-pro-v1,arena/019ff422-pro-v1,arena/019ff82d-pro-v1,arena/019ff859-pro-v1,arena/019ff8b4-pro-v1,arena/019ff8c7-pro-v1,arena/019ff8f2-pro-v1,arena/019ffce9-pro-v1,arena/019ffd78-pro-v1,arena/019ffe92-pro-v1,arena/019ffece-pro-v1,arena/019fffd5-pro-v1,arena/01a0064f-pro-v1,feat/admin-social-management,feature/uc2000-ve-sms-browser-audit,fix/restore-websocket-registrations,revert-37-arena/019ffd78-pro-v1"
RED_Ultimate_V1-main/RED_Ultimate/backend-server/src/main/kotlin/com/red/server/calls/RoomPasswordHasher.kt,26,"arena/019fe8fa-pro-v1,arena/019fe9e3-pro-v1,arena/019ff019-pro-v1,arena/019ff06b-pro-v1,arena/019ff085-pro-v1,arena/019ff0c7-pro-v1,arena/019ff146-pro-v1,arena/019ff178-pro-v1,arena/019ff1f9-pro-v1,arena/019ff215-pro-v1,arena/019ff237-pro-v1,arena/019ff422-pro-v1,arena/019ff82d-pro-v1,arena/019ff859-pro-v1,arena/019ff8b4-pro-v1,arena/019ff8c7-pro-v1,arena/019ff8f2-pro-v1,arena/019ffce9-pro-v1,arena/019ffd78-pro-v1,arena/019ffe92-pro-v1,arena/019fffd5-pro-v1,chore/platform-rebuild-baseline,feat/admin-social-management,feature/uc2000-ve-sms-browser-audit,fix/restore-websocket-registrations,revert-37-arena/019ffd78-pro-v1"
RED_Ultimate_V1-main/RED_Ultimate/backend-server/src/test/kotlin/com/red/server/RedSecurityServiceTest.kt,26,"arena/019fe8fa-pro-v1,arena/019fe9e3-pro-v1,arena/019ff019-pro-v1,arena/019ff06b-pro-v1,arena/019ff085-pro-v1,arena/019ff0c7-pro-v1,arena/019ff146-pro-v1,arena/019ff178-pro-v1,arena/019ff1f9-pro-v1,arena/019ff215-pro-v1,arena/019ff237-pro-v1,arena/019ff422-pro-v1,arena/019ff82d-pro-v1,arena/019ff859-pro-v1,arena/019ff8b4-pro-v1,arena/019ff8c7-pro-v1,arena/019ff8f2-pro-v1,arena/019ffce9-pro-v1,arena/019ffd78-pro-v1,arena/019ffe92-pro-v1,arena/019fffd5-pro-v1,chore/platform-rebuild-baseline,feat/admin-social-management,feature/uc2000-ve-sms-browser-audit,fix/restore-websocket-registrations,revert-37-arena/019ffd78-pro-v1"
RED_Ultimate_V1-main/RED_Ultimate/backend-server/src/test/kotlin/com/red/server/websocket/WebSocketRouteContractTest.kt,26,"arena/019fe8fa-pro-v1,arena/019fe9e3-pro-v1,arena/019ff019-pro-v1,arena/019ff06b-pro-v1,arena/019ff085-pro-v1,arena/019ff0c7-pro-v1,arena/019ff146-pro-v1,arena/019ff178-pro-v1,arena/019ff1f9-pro-v1,arena/019ff215-pro-v1,arena/019ff237-pro-v1,arena/019ff422-pro-v1,arena/019ff82d-pro-v1,arena/019ff859-pro-v1,arena/019ff8b4-pro-v1,arena/019ff8c7-pro-v1,arena/019ff8f2-pro-v1,arena/019ffce9-pro-v1,arena/019ffd78-pro-v1,arena/019ffe92-pro-v1,arena/019fffd5-pro-v1,chore/platform-rebuild-baseline,feat/admin-social-management,feature/uc2000-ve-sms-browser-audit,fix/restore-websocket-registrations,revert-37-arena/019ffd78-pro-v1"
RED_Ultimate_V1-main/RED_Ultimate/admin_dashboard/src/pages/GroupsManagement.tsx,25,"arena/019fe8fa-pro-v1,arena/019fe9e3-pro-v1,arena/019ff019-pro-v1,arena/019ff06b-pro-v1,arena/019ff085-pro-v1,arena/019ff0c7-pro-v1,arena/019ff146-pro-v1,arena/019ff178-pro-v1,arena/019ff1f9-pro-v1,arena/019ff215-pro-v1,arena/019ff237-pro-v1,arena/019ff422-pro-v1,arena/019ff82d-pro-v1,arena/019ff859-pro-v1,arena/019ff8b4-pro-v1,arena/019ff8c7-pro-v1,arena/019ff8f2-pro-v1,arena/019ffce9-pro-v1,arena/019ffd78-pro-v1,arena/019ffe92-pro-v1,arena/019ffece-pro-v1,arena/019fffd5-pro-v1,arena/01a0064f-pro-v1,fix/restore-websocket-registrations,revert-37-arena/019ffd78-pro-v1"
RED_Ultimate_V1-main/RED_Ultimate/admin_dashboard/src/pages/PostsManagement.tsx,25,"arena/019fe8fa-pro-v1,arena/019fe9e3-pro-v1,arena/019ff019-pro-v1,arena/019ff06b-pro-v1,arena/019ff085-pro-v1,arena/019ff0c7-pro-v1,arena/019ff146-pro-v1,arena/019ff178-pro-v1,arena/019ff1f9-pro-v1,arena/019ff215-pro-v1,arena/019ff237-pro-v1,arena/019ff422-pro-v1,arena/019ff82d-pro-v1,arena/019ff859-pro-v1,arena/019ff8b4-pro-v1,arena/019ff8c7-pro-v1,arena/019ff8f2-pro-v1,arena/019ffce9-pro-v1,arena/019ffd78-pro-v1,arena/019ffe92-pro-v1,arena/019ffece-pro-v1,arena/019fffd5-pro-v1,arena/01a0064f-pro-v1,fix/restore-websocket-registrations,revert-37-arena/019ffd78-pro-v1"
RED_Ultimate_V1-main/RED_Ultimate/backend-server/src/main/kotlin/com/red/server/controllers/AdminSocialController.kt,25,"arena/019fe8fa-pro-v1,arena/019fe9e3-pro-v1,arena/019ff019-pro-v1,arena/019ff06b-pro-v1,arena/019ff085-pro-v1,arena/019ff0c7-pro-v1,arena/019ff146-pro-v1,arena/019ff178-pro-v1,arena/019ff1f9-pro-v1,arena/019ff215-pro-v1,arena/019ff237-pro-v1,arena/019ff422-pro-v1,arena/019ff82d-pro-v1,arena/019ff859-pro-v1,arena/019ff8b4-pro-v1,arena/019ff8c7-pro-v1,arena/019ff8f2-pro-v1,arena/019ffce9-pro-v1,arena/019ffd78-pro-v1,arena/019ffe92-pro-v1,arena/019ffece-pro-v1,arena/019fffd5-pro-v1,arena/01a0064f-pro-v1,fix/restore-websocket-registrations,revert-37-arena/019ffd78-pro-v1"
RED_Ultimate_V1-main/RED_Ultimate/backend-server/src/main/resources/db/migration/V25_1__User_Avatar_And_Bio.sql,23,"arena/019fe8fa-pro-v1,arena/019fe9e3-pro-v1,arena/019ff019-pro-v1,arena/019ff06b-pro-v1,arena/019ff085-pro-v1,arena/019ff0c7-pro-v1,arena/019ff146-pro-v1,arena/019ff178-pro-v1,arena/019ff1f9-pro-v1,arena/019ff215-pro-v1,arena/019ff237-pro-v1,arena/019ff422-pro-v1,arena/019ff82d-pro-v1,arena/019ff859-pro-v1,arena/019ff8b4-pro-v1,arena/019ff8c7-pro-v1,arena/019ff8f2-pro-v1,arena/019ffce9-pro-v1,arena/019ffd78-pro-v1,arena/019ffe92-pro-v1,arena/019ffece-pro-v1,arena/01a0064f-pro-v1,revert-37-arena/019ffd78-pro-v1"
RED_Ultimate_V1-main/RED_Ultimate/backend-server/src/main/resources/db/migration/V26_1__Dinstar_Enhanced.sql,23,"arena/019fe8fa-pro-v1,arena/019fe9e3-pro-v1,arena/019ff019-pro-v1,arena/019ff06b-pro-v1,arena/019ff085-pro-v1,arena/019ff0c7-pro-v1,arena/019ff146-pro-v1,arena/019ff178-pro-v1,arena/019ff1f9-pro-v1,arena/019ff215-pro-v1,arena/019ff237-pro-v1,arena/019ff422-pro-v1,arena/019ff82d-pro-v1,arena/019ff859-pro-v1,arena/019ff8b4-pro-v1,arena/019ff8c7-pro-v1,arena/019ff8f2-pro-v1,arena/019ffce9-pro-v1,arena/019ffd78-pro-v1,arena/019ffe92-pro-v1,arena/019ffece-pro-v1,arena/01a0064f-pro-v1,revert-37-arena/019ffd78-pro-v1"
RED_Ultimate_V1-main/RED_Ultimate/backend-server/src/main/kotlin/com/red/server/controllers/LiveStreamAdminController.kt,22,"arena/019fe8fa-pro-v1,arena/019fe9e3-pro-v1,arena/019ff019-pro-v1,arena/019ff06b-pro-v1,arena/019ff085-pro-v1,arena/019ff0c7-pro-v1,arena/019ff146-pro-v1,arena/019ff178-pro-v1,arena/019ff1f9-pro-v1,arena/019ff215-pro-v1,arena/019ff237-pro-v1,arena/019ff422-pro-v1,arena/019ff82d-pro-v1,arena/019ff859-pro-v1,arena/019ff8b4-pro-v1,arena/019ff8c7-pro-v1,arena/019ff8f2-pro-v1,arena/019ffce9-pro-v1,arena/019ffd78-pro-v1,arena/019ffe92-pro-v1,arena/019ffece-pro-v1,revert-37-arena/019ffd78-pro-v1"
RED_Ultimate_V1-main/RED_Ultimate/red-app/src/main/java/com/red/sovereign/core/ChatComposer.kt,19,"arena/019fe8fa-pro-v1,arena/019fe9e3-pro-v1,arena/019ff019-pro-v1,arena/019ff06b-pro-v1,arena/019ff085-pro-v1,arena/019ff0c7-pro-v1,arena/019ff146-pro-v1,arena/019ff178-pro-v1,arena/019ff1f9-pro-v1,arena/019ff215-pro-v1,arena/019ff237-pro-v1,arena/019ff422-pro-v1,arena/019ff82d-pro-v1,arena/019ff859-pro-v1,arena/019ff8b4-pro-v1,arena/019ff8c7-pro-v1,arena/019ff8f2-pro-v1,arena/019ffce9-pro-v1,revert-37-arena/019ffd78-pro-v1"
RED_Ultimate_V1-main/RED_Ultimate/red-app/src/main/java/com/red/sovereign/core/ChatOrganizationStore.kt,19,"arena/019fe8fa-pro-v1,arena/019fe9e3-pro-v1,arena/019ff019-pro-v1,arena/019ff06b-pro-v1,arena/019ff085-pro-v1,arena/019ff0c7-pro-v1,arena/019ff146-pro-v1,arena/019ff178-pro-v1,arena/019ff1f9-pro-v1,arena/019ff215-pro-v1,arena/019ff237-pro-v1,arena/019ff422-pro-v1,arena/019ff82d-pro-v1,arena/019ff859-pro-v1,arena/019ff8b4-pro-v1,arena/019ff8c7-pro-v1,arena/019ff8f2-pro-v1,arena/019ffce9-pro-v1,revert-37-arena/019ffd78-pro-v1"
RED_Ultimate_V1-main/RED_Ultimate/red-app/src/main/java/com/red/sovereign/core/ConversationActions.kt,19,"arena/019fe8fa-pro-v1,arena/019fe9e3-pro-v1,arena/019ff019-pro-v1,arena/019ff06b-pro-v1,arena/019ff085-pro-v1,arena/019ff0c7-pro-v1,arena/019ff146-pro-v1,arena/019ff178-pro-v1,arena/019ff1f9-pro-v1,arena/019ff215-pro-v1,arena/019ff237-pro-v1,arena/019ff422-pro-v1,arena/019ff82d-pro-v1,arena/019ff859-pro-v1,arena/019ff8b4-pro-v1,arena/019ff8c7-pro-v1,arena/019ff8f2-pro-v1,arena/019ffce9-pro-v1,revert-37-arena/019ffd78-pro-v1"
RED_Ultimate_V1-main/RED_Ultimate/red-app/src/main/java/com/red/sovereign/core/GroupMentions.kt,19,"arena/019fe8fa-pro-v1,arena/019fe9e3-pro-v1,arena/019ff019-pro-v1,arena/019ff06b-pro-v1,arena/019ff085-pro-v1,arena/019ff0c7-pro-v1,arena/019ff146-pro-v1,arena/019ff178-pro-v1,arena/019ff1f9-pro-v1,arena/019ff215-pro-v1,arena/019ff237-pro-v1,arena/019ff422-pro-v1,arena/019ff82d-pro-v1,arena/019ff859-pro-v1,arena/019ff8b4-pro-v1,arena/019ff8c7-pro-v1,arena/019ff8f2-pro-v1,arena/019ffce9-pro-v1,revert-37-arena/019ffd78-pro-v1"
RED_Ultimate_V1-main/RED_Ultimate/red-app/src/main/java/com/red/sovereign/core/OutgoingSendBus.kt,19,"arena/019fe8fa-pro-v1,arena/019fe9e3-pro-v1,arena/019ff019-pro-v1,arena/019ff06b-pro-v1,arena/019ff085-pro-v1,arena/019ff0c7-pro-v1,arena/019ff146-pro-v1,arena/019ff178-pro-v1,arena/019ff1f9-pro-v1,arena/019ff215-pro-v1,arena/019ff237-pro-v1,arena/019ff422-pro-v1,arena/019ff82d-pro-v1,arena/019ff859-pro-v1,arena/019ff8b4-pro-v1,arena/019ff8c7-pro-v1,arena/019ff8f2-pro-v1,arena/019ffce9-pro-v1,revert-37-arena/019ffd78-pro-v1"
RED_Ultimate_V1-main/RED_Ultimate/red-app/src/main/java/com/red/sovereign/media/GallerySaver.kt,19,"arena/019fe8fa-pro-v1,arena/019fe9e3-pro-v1,arena/019ff019-pro-v1,arena/019ff06b-pro-v1,arena/019ff085-pro-v1,arena/019ff0c7-pro-v1,arena/019ff146-pro-v1,arena/019ff178-pro-v1,arena/019ff1f9-pro-v1,arena/019ff215-pro-v1,arena/019ff237-pro-v1,arena/019ff422-pro-v1,arena/019ff82d-pro-v1,arena/019ff859-pro-v1,arena/019ff8b4-pro-v1,arena/019ff8c7-pro-v1,arena/019ff8f2-pro-v1,arena/019ffce9-pro-v1,revert-37-arena/019ffd78-pro-v1"
RED_Ultimate_V1-main/RED_Ultimate/red-app/src/main/java/com/red/sovereign/ui/GroupMentionBar.kt,19,"arena/019fe8fa-pro-v1,arena/019fe9e3-pro-v1,arena/019ff019-pro-v1,arena/019ff06b-pro-v1,arena/019ff085-pro-v1,arena/019ff0c7-pro-v1,arena/019ff146-pro-v1,arena/019ff178-pro-v1,arena/019ff1f9-pro-v1,arena/019ff215-pro-v1,arena/019ff237-pro-v1,arena/019ff422-pro-v1,arena/019ff82d-pro-v1,arena/019ff859-pro-v1,arena/019ff8b4-pro-v1,arena/019ff8c7-pro-v1,arena/019ff8f2-pro-v1,arena/019ffce9-pro-v1,revert-37-arena/019ffd78-pro-v1"
RED_Ultimate_V1-main/RED_Ultimate/red-app/src/main/java/com/red/sovereign/ui/InboxChrome.kt,19,"arena/019fe8fa-pro-v1,arena/019fe9e3-pro-v1,arena/019ff019-pro-v1,arena/019ff06b-pro-v1,arena/019ff085-pro-v1,arena/019ff0c7-pro-v1,arena/019ff146-pro-v1,arena/019ff178-pro-v1,arena/019ff1f9-pro-v1,arena/019ff215-pro-v1,arena/019ff237-pro-v1,arena/019ff422-pro-v1,arena/019ff82d-pro-v1,arena/019ff859-pro-v1,arena/019ff8b4-pro-v1,arena/019ff8c7-pro-v1,arena/019ff8f2-pro-v1,arena/019ffce9-pro-v1,revert-37-arena/019ffd78-pro-v1"
RED_Ultimate_V1-main/RED_Ultimate/red-app/src/main/java/com/red/sovereign/ui/WindowLayout.kt,19,"arena/019fe8fa-pro-v1,arena/019fe9e3-pro-v1,arena/019ff019-pro-v1,arena/019ff06b-pro-v1,arena/019ff085-pro-v1,arena/019ff0c7-pro-v1,arena/019ff146-pro-v1,arena/019ff178-pro-v1,arena/019ff1f9-pro-v1,arena/019ff215-pro-v1,arena/019ff237-pro-v1,arena/019ff422-pro-v1,arena/019ff82d-pro-v1,arena/019ff859-pro-v1,arena/019ff8b4-pro-v1,arena/019ff8c7-pro-v1,arena/019ff8f2-pro-v1,arena/019ffce9-pro-v1,revert-37-arena/019ffd78-pro-v1"
RED_Ultimate_V1-main/RED_Ultimate/red-app/src/main/java/com/red/sovereign/ui/YounesComposer.kt,19,"arena/019fe8fa-pro-v1,arena/019fe9e3-pro-v1,arena/019ff019-pro-v1,arena/019ff06b-pro-v1,arena/019ff085-pro-v1,arena/019ff0c7-pro-v1,arena/019ff146-pro-v1,arena/019ff178-pro-v1,arena/019ff1f9-pro-v1,arena/019ff215-pro-v1,arena/019ff237-pro-v1,arena/019ff422-pro-v1,arena/019ff82d-pro-v1,arena/019ff859-pro-v1,arena/019ff8b4-pro-v1,arena/019ff8c7-pro-v1,arena/019ff8f2-pro-v1,arena/019ffce9-pro-v1,revert-37-arena/019ffd78-pro-v1"
RED_Ultimate_V1-main/RED_Ultimate/red-app/src/test/java/com/red/sovereign/core/ChatComposerTest.kt,19,"arena/019fe8fa-pro-v1,arena/019fe9e3-pro-v1,arena/019ff019-pro-v1,arena/019ff06b-pro-v1,arena/019ff085-pro-v1,arena/019ff0c7-pro-v1,arena/019ff146-pro-v1,arena/019ff178-pro-v1,arena/019ff1f9-pro-v1,arena/019ff215-pro-v1,arena/019ff237-pro-v1,arena/019ff422-pro-v1,arena/019ff82d-pro-v1,arena/019ff859-pro-v1,arena/019ff8b4-pro-v1,arena/019ff8c7-pro-v1,arena/019ff8f2-pro-v1,arena/019ffce9-pro-v1,revert-37-arena/019ffd78-pro-v1"
RED_Ultimate_V1-main/RED_Ultimate/red-app/src/test/java/com/red/sovereign/core/GroupMentionsTest.kt,19,"arena/019fe8fa-pro-v1,arena/019fe9e3-pro-v1,arena/019ff019-pro-v1,arena/019ff06b-pro-v1,arena/019ff085-pro-v1,arena/019ff0c7-pro-v1,arena/019ff146-pro-v1,arena/019ff178-pro-v1,arena/019ff1f9-pro-v1,arena/019ff215-pro-v1,arena/019ff237-pro-v1,arena/019ff422-pro-v1,arena/019ff82d-pro-v1,arena/019ff859-pro-v1,arena/019ff8b4-pro-v1,arena/019ff8c7-pro-v1,arena/019ff8f2-pro-v1,arena/019ffce9-pro-v1,revert-37-arena/019ffd78-pro-v1"
RED_Ultimate_V1-main/RED_Ultimate/red-app/src/test/java/com/red/sovereign/core/InboxQueryTest.kt,19,"arena/019fe8fa-pro-v1,arena/019fe9e3-pro-v1,arena/019ff019-pro-v1,arena/019ff06b-pro-v1,arena/019ff085-pro-v1,arena/019ff0c7-pro-v1,arena/019ff146-pro-v1,arena/019ff178-pro-v1,arena/019ff1f9-pro-v1,arena/019ff215-pro-v1,arena/019ff237-pro-v1,arena/019ff422-pro-v1,arena/019ff82d-pro-v1,arena/019ff859-pro-v1,arena/019ff8b4-pro-v1,arena/019ff8c7-pro-v1,arena/019ff8f2-pro-v1,arena/019ffce9-pro-v1,revert-37-arena/019ffd78-pro-v1"
مقترحات_التطوير_2026-08-14.md,19,"arena/019fe8fa-pro-v1,arena/019fe9e3-pro-v1,arena/019ff019-pro-v1,arena/019ff06b-pro-v1,arena/019ff085-pro-v1,arena/019ff0c7-pro-v1,arena/019ff146-pro-v1,arena/019ff178-pro-v1,arena/019ff1f9-pro-v1,arena/019ff215-pro-v1,arena/019ff237-pro-v1,arena/019ff422-pro-v1,arena/019ff82d-pro-v1,arena/019ff859-pro-v1,arena/019ff8b4-pro-v1,arena/019ff8c7-pro-v1,arena/019ff8f2-pro-v1,arena/019ffce9-pro-v1,revert-37-arena/019ffd78-pro-v1"
مقترحات_الدردشات_والمجموعات_والإعدادات_2026-08-13.md,19,"arena/019fe8fa-pro-v1,arena/019fe9e3-pro-v1,arena/019ff019-pro-v1,arena/019ff06b-pro-v1,arena/019ff085-pro-v1,arena/019ff0c7-pro-v1,arena/019ff146-pro-v1,arena/019ff178-pro-v1,arena/019ff1f9-pro-v1,arena/019ff215-pro-v1,arena/019ff237-pro-v1,arena/019ff422-pro-v1,arena/019ff82d-pro-v1,arena/019ff859-pro-v1,arena/019ff8b4-pro-v1,arena/019ff8c7-pro-v1,arena/019ff8f2-pro-v1,arena/019ffce9-pro-v1,revert-37-arena/019ffd78-pro-v1"
RED_Ultimate_V1-main/RED_Ultimate/backend-server/src/main/resources/db/migration/V25__Dinstar_Enhancements.sql,18,"arena/019fe8fa-pro-v1,arena/019fe9e3-pro-v1,arena/019ff019-pro-v1,arena/019ff06b-pro-v1,arena/019ff085-pro-v1,arena/019ff0c7-pro-v1,arena/019ff146-pro-v1,arena/019ff178-pro-v1,arena/019ff1f9-pro-v1,arena/019ff215-pro-v1,arena/019ff237-pro-v1,arena/019ff422-pro-v1,arena/019ff82d-pro-v1,arena/019ff859-pro-v1,arena/019ff8b4-pro-v1,arena/019ff8c7-pro-v1,arena/019ffece-pro-v1,arena/01a0064f-pro-v1"
تشخيص_مشكلة_INVALID_REQUEST_والاتصال_AR.md,17,"arena/019fe8fa-pro-v1,arena/019fe9e3-pro-v1,arena/019ff019-pro-v1,arena/019ff06b-pro-v1,arena/019ff085-pro-v1,arena/019ff0c7-pro-v1,arena/019ff146-pro-v1,arena/019ff178-pro-v1,arena/019ff1f9-pro-v1,arena/019ff215-pro-v1,arena/019ff237-pro-v1,arena/019ff422-pro-v1,arena/019ff82d-pro-v1,arena/019ff859-pro-v1,arena/019ff8b4-pro-v1,arena/019ff8c7-pro-v1,arena/019ff8f2-pro-v1"
تقرير_تطوير_المحادثات_والمكالمات_AR.md,17,"arena/019fe8fa-pro-v1,arena/019fe9e3-pro-v1,arena/019ff019-pro-v1,arena/019ff06b-pro-v1,arena/019ff085-pro-v1,arena/019ff0c7-pro-v1,arena/019ff146-pro-v1,arena/019ff178-pro-v1,arena/019ff1f9-pro-v1,arena/019ff215-pro-v1,arena/019ff237-pro-v1,arena/019ff422-pro-v1,arena/019ff82d-pro-v1,arena/019ff859-pro-v1,arena/019ff8b4-pro-v1,arena/019ff8c7-pro-v1,arena/019ff8f2-pro-v1"
تقرير_تفعيل_PSTN_والتسجيل_الصوتي_AR.md,17,"arena/019fe8fa-pro-v1,arena/019fe9e3-pro-v1,arena/019ff019-pro-v1,arena/019ff06b-pro-v1,arena/019ff085-pro-v1,arena/019ff0c7-pro-v1,arena/019ff146-pro-v1,arena/019ff178-pro-v1,arena/019ff1f9-pro-v1,arena/019ff215-pro-v1,arena/019ff237-pro-v1,arena/019ff422-pro-v1,arena/019ff82d-pro-v1,arena/019ff859-pro-v1,arena/019ff8b4-pro-v1,arena/019ff8c7-pro-v1,arena/019ff8f2-pro-v1"
BUILD_APK_GUIDE_AR.md,16,"arena/019fe8fa-pro-v1,arena/019fe9e3-pro-v1,arena/019ff019-pro-v1,arena/019ff06b-pro-v1,arena/019ff085-pro-v1,arena/019ff0c7-pro-v1,arena/019ff146-pro-v1,arena/019ff178-pro-v1,arena/019ff1f9-pro-v1,arena/019ff215-pro-v1,arena/019ff237-pro-v1,arena/019ff422-pro-v1,arena/019ff82d-pro-v1,arena/019ff859-pro-v1,arena/019ff8b4-pro-v1,arena/019ff8c7-pro-v1"
BUILD_FIX_GUIDE_AR.md,16,"arena/019fe8fa-pro-v1,arena/019fe9e3-pro-v1,arena/019ff019-pro-v1,arena/019ff06b-pro-v1,arena/019ff085-pro-v1,arena/019ff0c7-pro-v1,arena/019ff146-pro-v1,arena/019ff178-pro-v1,arena/019ff1f9-pro-v1,arena/019ff215-pro-v1,arena/019ff237-pro-v1,arena/019ff422-pro-v1,arena/019ff82d-pro-v1,arena/019ff859-pro-v1,arena/019ff8b4-pro-v1,arena/019ff8c7-pro-v1"
DINSTAR_COMPLETE_DEVELOPMENT_REPORT_AR.md,16,"arena/019fe8fa-pro-v1,arena/019fe9e3-pro-v1,arena/019ff019-pro-v1,arena/019ff06b-pro-v1,arena/019ff085-pro-v1,arena/019ff0c7-pro-v1,arena/019ff146-pro-v1,arena/019ff178-pro-v1,arena/019ff1f9-pro-v1,arena/019ff215-pro-v1,arena/019ff237-pro-v1,arena/019ff422-pro-v1,arena/019ff82d-pro-v1,arena/019ff859-pro-v1,arena/019ff8b4-pro-v1,arena/019ff8c7-pro-v1"
DINSTAR_DEVELOPMENT_REPORT_2026-08-13_AR.md,16,"arena/019fe8fa-pro-v1,arena/019fe9e3-pro-v1,arena/019ff019-pro-v1,arena/019ff06b-pro-v1,arena/019ff085-pro-v1,arena/019ff0c7-pro-v1,arena/019ff146-pro-v1,arena/019ff178-pro-v1,arena/019ff1f9-pro-v1,arena/019ff215-pro-v1,arena/019ff237-pro-v1,arena/019ff422-pro-v1,arena/019ff82d-pro-v1,arena/019ff859-pro-v1,arena/019ff8b4-pro-v1,arena/019ff8c7-pro-v1"
FIXES_2026-08-13_AR.md,16,"arena/019fe8fa-pro-v1,arena/019fe9e3-pro-v1,arena/019ff019-pro-v1,arena/019ff06b-pro-v1,arena/019ff085-pro-v1,arena/019ff0c7-pro-v1,arena/019ff146-pro-v1,arena/019ff178-pro-v1,arena/019ff1f9-pro-v1,arena/019ff215-pro-v1,arena/019ff237-pro-v1,arena/019ff422-pro-v1,arena/019ff82d-pro-v1,arena/019ff859-pro-v1,arena/019ff8b4-pro-v1,arena/019ff8c7-pro-v1"
RED_Ultimate_V1-main/RED_Ultimate/admin_dashboard/src/pages/CdrAnalysis.tsx,16,"arena/019fe8fa-pro-v1,arena/019fe9e3-pro-v1,arena/019ff019-pro-v1,arena/019ff06b-pro-v1,arena/019ff085-pro-v1,arena/019ff0c7-pro-v1,arena/019ff146-pro-v1,arena/019ff178-pro-v1,arena/019ff1f9-pro-v1,arena/019ff215-pro-v1,arena/019ff237-pro-v1,arena/019ff422-pro-v1,arena/019ff82d-pro-v1,arena/019ff859-pro-v1,arena/019ff8b4-pro-v1,arena/019ff8c7-pro-v1"
RED_Ultimate_V1-main/RED_Ultimate/admin_dashboard/src/pages/PortControl.tsx,16,"arena/019fe8fa-pro-v1,arena/019fe9e3-pro-v1,arena/019ff019-pro-v1,arena/019ff06b-pro-v1,arena/019ff085-pro-v1,arena/019ff0c7-pro-v1,arena/019ff146-pro-v1,arena/019ff178-pro-v1,arena/019ff1f9-pro-v1,arena/019ff215-pro-v1,arena/019ff237-pro-v1,arena/019ff422-pro-v1,arena/019ff82d-pro-v1,arena/019ff859-pro-v1,arena/019ff8b4-pro-v1,arena/019ff8c7-pro-v1"
RED_Ultimate_V1-main/RED_Ultimate/admin_dashboard/src/pages/SimInventory.tsx,16,"arena/019fe8fa-pro-v1,arena/019fe9e3-pro-v1,arena/019ff019-pro-v1,arena/019ff06b-pro-v1,arena/019ff085-pro-v1,arena/019ff0c7-pro-v1,arena/019ff146-pro-v1,arena/019ff178-pro-v1,arena/019ff1f9-pro-v1,arena/019ff215-pro-v1,arena/019ff237-pro-v1,arena/019ff422-pro-v1,arena/019ff82d-pro-v1,arena/019ff859-pro-v1,arena/019ff8b4-pro-v1,arena/019ff8c7-pro-v1"
RED_Ultimate_V1-main/RED_Ultimate/admin_dashboard/src/pages/SmsTemplates.tsx,16,"arena/019fe8fa-pro-v1,arena/019fe9e3-pro-v1,arena/019ff019-pro-v1,arena/019ff06b-pro-v1,arena/019ff085-pro-v1,arena/019ff0c7-pro-v1,arena/019ff146-pro-v1,arena/019ff178-pro-v1,arena/019ff1f9-pro-v1,arena/019ff215-pro-v1,arena/019ff237-pro-v1,arena/019ff422-pro-v1,arena/019ff82d-pro-v1,arena/019ff859-pro-v1,arena/019ff8b4-pro-v1,arena/019ff8c7-pro-v1"
RED_Ultimate_V1-main/RED_Ultimate/backend-server/src/main/kotlin/com/red/server/config/JacksonConfig.kt,16,"arena/019fe8fa-pro-v1,arena/019fe9e3-pro-v1,arena/019ff019-pro-v1,arena/019ff06b-pro-v1,arena/019ff085-pro-v1,arena/019ff0c7-pro-v1,arena/019ff146-pro-v1,arena/019ff178-pro-v1,arena/019ff1f9-pro-v1,arena/019ff215-pro-v1,arena/019ff237-pro-v1,arena/019ff422-pro-v1,arena/019ff82d-pro-v1,arena/019ff859-pro-v1,arena/019ff8b4-pro-v1,arena/019ff8c7-pro-v1"
RED_Ultimate_V1-main/RED_Ultimate/backend-server/src/main/kotlin/com/red/server/controllers/CdrAnalysisController.kt,16,"arena/019fe8fa-pro-v1,arena/019fe9e3-pro-v1,arena/019ff019-pro-v1,arena/019ff06b-pro-v1,arena/019ff085-pro-v1,arena/019ff0c7-pro-v1,arena/019ff146-pro-v1,arena/019ff178-pro-v1,arena/019ff1f9-pro-v1,arena/019ff215-pro-v1,arena/019ff237-pro-v1,arena/019ff422-pro-v1,arena/019ff82d-pro-v1,arena/019ff859-pro-v1,arena/019ff8b4-pro-v1,arena/019ff8c7-pro-v1"
RED_Ultimate_V1-main/RED_Ultimate/backend-server/src/main/kotlin/com/red/server/controllers/PortControlController.kt,16,"arena/019fe8fa-pro-v1,arena/019fe9e3-pro-v1,arena/019ff019-pro-v1,arena/019ff06b-pro-v1,arena/019ff085-pro-v1,arena/019ff0c7-pro-v1,arena/019ff146-pro-v1,arena/019ff178-pro-v1,arena/019ff1f9-pro-v1,arena/019ff215-pro-v1,arena/019ff237-pro-v1,arena/019ff422-pro-v1,arena/019ff82d-pro-v1,arena/019ff859-pro-v1,arena/019ff8b4-pro-v1,arena/019ff8c7-pro-v1"
RED_Ultimate_V1-main/RED_Ultimate/backend-server/src/main/kotlin/com/red/server/controllers/SimInventoryController.kt,16,"arena/019fe8fa-pro-v1,arena/019fe9e3-pro-v1,arena/019ff019-pro-v1,arena/019ff06b-pro-v1,arena/019ff085-pro-v1,arena/019ff0c7-pro-v1,arena/019ff146-pro-v1,arena/019ff178-pro-v1,arena/019ff1f9-pro-v1,arena/019ff215-pro-v1,arena/019ff237-pro-v1,arena/019ff422-pro-v1,arena/019ff82d-pro-v1,arena/019ff859-pro-v1,arena/019ff8b4-pro-v1,arena/019ff8c7-pro-v1"
RED_Ultimate_V1-main/RED_Ultimate/backend-server/src/main/kotlin/com/red/server/controllers/SmsTemplatesController.kt,16,"arena/019fe8fa-pro-v1,arena/019fe9e3-pro-v1,arena/019ff019-pro-v1,arena/019ff06b-pro-v1,arena/019ff085-pro-v1,arena/019ff0c7-pro-v1,arena/019ff146-pro-v1,arena/019ff178-pro-v1,arena/019ff1f9-pro-v1,arena/019ff215-pro-v1,arena/019ff237-pro-v1,arena/019ff422-pro-v1,arena/019ff82d-pro-v1,arena/019ff859-pro-v1,arena/019ff8b4-pro-v1,arena/019ff8c7-pro-v1"
RED_Ultimate_V1-main/RED_Ultimate/backend-server/src/main/kotlin/com/red/server/services/DinstarApiService.kt,16,"arena/019fe8fa-pro-v1,arena/019fe9e3-pro-v1,arena/019ff019-pro-v1,arena/019ff06b-pro-v1,arena/019ff085-pro-v1,arena/019ff0c7-pro-v1,arena/019ff146-pro-v1,arena/019ff178-pro-v1,arena/019ff1f9-pro-v1,arena/019ff215-pro-v1,arena/019ff237-pro-v1,arena/019ff422-pro-v1,arena/019ff82d-pro-v1,arena/019ff859-pro-v1,arena/019ff8b4-pro-v1,arena/019ff8c7-pro-v1"
RED_Ultimate_V1-main/RED_Ultimate/backend-server/src/main/kotlin/com/red/server/websocket/DinstarEventBridge.kt,16,"arena/019fe8fa-pro-v1,arena/019fe9e3-pro-v1,arena/019ff019-pro-v1,arena/019ff06b-pro-v1,arena/019ff085-pro-v1,arena/019ff0c7-pro-v1,arena/019ff146-pro-v1,arena/019ff178-pro-v1,arena/019ff1f9-pro-v1,arena/019ff215-pro-v1,arena/019ff237-pro-v1,arena/019ff422-pro-v1,arena/019ff82d-pro-v1,arena/019ff859-pro-v1,arena/019ff8b4-pro-v1,arena/019ff8c7-pro-v1"
RED_Ultimate_V1-main/RED_Ultimate/backend-server/src/main/kotlin/com/red/server/websocket/DinstarWebSocketHandler.kt,16,"arena/019fe8fa-pro-v1,arena/019fe9e3-pro-v1,arena/019ff019-pro-v1,arena/019ff06b-pro-v1,arena/019ff085-pro-v1,arena/019ff0c7-pro-v1,arena/019ff146-pro-v1,arena/019ff178-pro-v1,arena/019ff1f9-pro-v1,arena/019ff215-pro-v1,arena/019ff237-pro-v1,arena/019ff422-pro-v1,arena/019ff82d-pro-v1,arena/019ff859-pro-v1,arena/019ff8b4-pro-v1,arena/019ff8c7-pro-v1"
RED_Ultimate_V1-main/RED_Ultimate/backend-server/src/main/kotlin/com/red/server/websocket/WebSocketConfig.kt,16,"arena/019fe8fa-pro-v1,arena/019fe9e3-pro-v1,arena/019ff019-pro-v1,arena/019ff06b-pro-v1,arena/019ff085-pro-v1,arena/019ff0c7-pro-v1,arena/019ff146-pro-v1,arena/019ff178-pro-v1,arena/019ff1f9-pro-v1,arena/019ff215-pro-v1,arena/019ff237-pro-v1,arena/019ff422-pro-v1,arena/019ff82d-pro-v1,arena/019ff859-pro-v1,arena/019ff8b4-pro-v1,arena/019ff8c7-pro-v1"
RED_Ultimate_V1-main/RED_Ultimate/scripts/docker-build-apk.sh,16,"arena/019fe8fa-pro-v1,arena/019fe9e3-pro-v1,arena/019ff019-pro-v1,arena/019ff06b-pro-v1,arena/019ff085-pro-v1,arena/019ff0c7-pro-v1,arena/019ff146-pro-v1,arena/019ff178-pro-v1,arena/019ff1f9-pro-v1,arena/019ff215-pro-v1,arena/019ff237-pro-v1,arena/019ff422-pro-v1,arena/019ff82d-pro-v1,arena/019ff859-pro-v1,arena/019ff8b4-pro-v1,arena/019ff8c7-pro-v1"
scripts/build-apk.ps1,16,"arena/019fe8fa-pro-v1,arena/019fe9e3-pro-v1,arena/019ff019-pro-v1,arena/019ff06b-pro-v1,arena/019ff085-pro-v1,arena/019ff0c7-pro-v1,arena/019ff146-pro-v1,arena/019ff178-pro-v1,arena/019ff1f9-pro-v1,arena/019ff215-pro-v1,arena/019ff237-pro-v1,arena/019ff422-pro-v1,arena/019ff82d-pro-v1,arena/019ff859-pro-v1,arena/019ff8b4-pro-v1,arena/019ff8c7-pro-v1"
scripts/fix-build-issues.ps1,16,"arena/019fe8fa-pro-v1,arena/019fe9e3-pro-v1,arena/019ff019-pro-v1,arena/019ff06b-pro-v1,arena/019ff085-pro-v1,arena/019ff0c7-pro-v1,arena/019ff146-pro-v1,arena/019ff178-pro-v1,arena/019ff1f9-pro-v1,arena/019ff215-pro-v1,arena/019ff237-pro-v1,arena/019ff422-pro-v1,arena/019ff82d-pro-v1,arena/019ff859-pro-v1,arena/019ff8b4-pro-v1,arena/019ff8c7-pro-v1"
scripts/regenerate-verification.ps1,16,"arena/019fe8fa-pro-v1,arena/019fe9e3-pro-v1,arena/019ff019-pro-v1,arena/019ff06b-pro-v1,arena/019ff085-pro-v1,arena/019ff0c7-pro-v1,arena/019ff146-pro-v1,arena/019ff178-pro-v1,arena/019ff1f9-pro-v1,arena/019ff215-pro-v1,arena/019ff237-pro-v1,arena/019ff422-pro-v1,arena/019ff82d-pro-v1,arena/019ff859-pro-v1,arena/019ff8b4-pro-v1,arena/019ff8c7-pro-v1"
RED_Ultimate_V1-main/RED_Ultimate/android-build.Dockerfile,15,"arena/019fe8fa-pro-v1,arena/019fe9e3-pro-v1,arena/019ff019-pro-v1,arena/019ff06b-pro-v1,arena/019ff085-pro-v1,arena/019ff0c7-pro-v1,arena/019ff146-pro-v1,arena/019ff178-pro-v1,arena/019ff1f9-pro-v1,arena/019ff215-pro-v1,arena/019ff237-pro-v1,arena/019ff422-pro-v1,arena/019ff82d-pro-v1,arena/019ff859-pro-v1,arena/019ff8b4-pro-v1"
RED_Ultimate_V1-main/RED_Ultimate/backend-server/src/main/kotlin/com/red/server/auth/repository/AdminUserSort.kt,15,"arena/019fe8fa-pro-v1,arena/019fe9e3-pro-v1,arena/019ff019-pro-v1,arena/019ff06b-pro-v1,arena/019ff085-pro-v1,arena/019ff0c7-pro-v1,arena/019ff146-pro-v1,arena/019ff178-pro-v1,arena/019ff1f9-pro-v1,arena/019ff215-pro-v1,arena/019ff237-pro-v1,arena/019ff422-pro-v1,arena/019ff82d-pro-v1,arena/019ff859-pro-v1,arena/019ff8b4-pro-v1"
RED_Ultimate_V1-main/RED_Ultimate/backend-server/src/test/kotlin/com/red/server/auth/AdminUserSortTest.kt,15,"arena/019fe8fa-pro-v1,arena/019fe9e3-pro-v1,arena/019ff019-pro-v1,arena/019ff06b-pro-v1,arena/019ff085-pro-v1,arena/019ff0c7-pro-v1,arena/019ff146-pro-v1,arena/019ff178-pro-v1,arena/019ff1f9-pro-v1,arena/019ff215-pro-v1,arena/019ff237-pro-v1,arena/019ff422-pro-v1,arena/019ff82d-pro-v1,arena/019ff859-pro-v1,arena/019ff8b4-pro-v1"
RED_Ultimate_V1-main/RED_Ultimate/docs/ANDROID_DEPENDENCY_PINS.md,15,"arena/019fe8fa-pro-v1,arena/019fe9e3-pro-v1,arena/019ff019-pro-v1,arena/019ff06b-pro-v1,arena/019ff085-pro-v1,arena/019ff0c7-pro-v1,arena/019ff146-pro-v1,arena/019ff178-pro-v1,arena/019ff1f9-pro-v1,arena/019ff215-pro-v1,arena/019ff237-pro-v1,arena/019ff422-pro-v1,arena/019ff82d-pro-v1,arena/019ff859-pro-v1,arena/019ff8b4-pro-v1"
RED_Ultimate_V1-main/RED_Ultimate/scripts/extract-or-build-apk.ps1,15,"arena/019fe8fa-pro-v1,arena/019fe9e3-pro-v1,arena/019ff019-pro-v1,arena/019ff06b-pro-v1,arena/019ff085-pro-v1,arena/019ff0c7-pro-v1,arena/019ff146-pro-v1,arena/019ff178-pro-v1,arena/019ff1f9-pro-v1,arena/019ff215-pro-v1,arena/019ff237-pro-v1,arena/019ff422-pro-v1,arena/019ff82d-pro-v1,arena/019ff859-pro-v1,arena/019ff8b4-pro-v1"
RED_Ultimate_V1-main/RED_Ultimate/scripts/run-android-builder.ps1,15,"arena/019fe8fa-pro-v1,arena/019fe9e3-pro-v1,arena/019ff019-pro-v1,arena/019ff06b-pro-v1,arena/019ff085-pro-v1,arena/019ff0c7-pro-v1,arena/019ff146-pro-v1,arena/019ff178-pro-v1,arena/019ff1f9-pro-v1,arena/019ff215-pro-v1,arena/019ff237-pro-v1,arena/019ff422-pro-v1,arena/019ff82d-pro-v1,arena/019ff859-pro-v1,arena/019ff8b4-pro-v1"
تقرير_فحص_لوحة_الإدارة_والخادم_2026-08-13.md,15,"arena/019fe8fa-pro-v1,arena/019fe9e3-pro-v1,arena/019ff019-pro-v1,arena/019ff06b-pro-v1,arena/019ff085-pro-v1,arena/019ff0c7-pro-v1,arena/019ff146-pro-v1,arena/019ff178-pro-v1,arena/019ff1f9-pro-v1,arena/019ff215-pro-v1,arena/019ff237-pro-v1,arena/019ff422-pro-v1,arena/019ff82d-pro-v1,arena/019ff859-pro-v1,arena/019ff8b4-pro-v1"
ICON_PREVIEW.png,13,"arena/019fe8fa-pro-v1,arena/019fe9e3-pro-v1,arena/019ff019-pro-v1,arena/019ff06b-pro-v1,arena/019ff085-pro-v1,arena/019ff0c7-pro-v1,arena/019ff146-pro-v1,arena/019ff178-pro-v1,arena/019ff1f9-pro-v1,arena/019ff215-pro-v1,arena/019ff237-pro-v1,arena/019ff422-pro-v1,arena/019ff859-pro-v1"
RED_Ultimate_V1-main/RED_Ultimate/admin_dashboard/scripts/refuse-mock.mjs,13,"arena/019fe8fa-pro-v1,arena/019fe9e3-pro-v1,arena/019ff019-pro-v1,arena/019ff06b-pro-v1,arena/019ff085-pro-v1,arena/019ff0c7-pro-v1,arena/019ff146-pro-v1,arena/019ff178-pro-v1,arena/019ff1f9-pro-v1,arena/019ff215-pro-v1,arena/019ff237-pro-v1,arena/019ff422-pro-v1,arena/019ff859-pro-v1"
RED_Ultimate_V1-main/RED_Ultimate/backend-server/src/main/kotlin/com/red/server/auth/repository/SqlLike.kt,13,"arena/019fe8fa-pro-v1,arena/019fe9e3-pro-v1,arena/019ff019-pro-v1,arena/019ff06b-pro-v1,arena/019ff085-pro-v1,arena/019ff0c7-pro-v1,arena/019ff146-pro-v1,arena/019ff178-pro-v1,arena/019ff1f9-pro-v1,arena/019ff215-pro-v1,arena/019ff237-pro-v1,arena/019ff422-pro-v1,arena/019ff859-pro-v1"
RED_Ultimate_V1-main/RED_Ultimate/backend-server/src/main/kotlin/com/red/server/auth/repository/UserAccountSpecs.kt,13,"arena/019fe8fa-pro-v1,arena/019fe9e3-pro-v1,arena/019ff019-pro-v1,arena/019ff06b-pro-v1,arena/019ff085-pro-v1,arena/019ff0c7-pro-v1,arena/019ff146-pro-v1,arena/019ff178-pro-v1,arena/019ff1f9-pro-v1,arena/019ff215-pro-v1,arena/019ff237-pro-v1,arena/019ff422-pro-v1,arena/019ff859-pro-v1"
RED_Ultimate_V1-main/RED_Ultimate/backend-server/src/main/kotlin/com/red/server/calls/AdminCallHistoryMapper.kt,13,"arena/019fe8fa-pro-v1,arena/019fe9e3-pro-v1,arena/019ff019-pro-v1,arena/019ff06b-pro-v1,arena/019ff085-pro-v1,arena/019ff0c7-pro-v1,arena/019ff146-pro-v1,arena/019ff178-pro-v1,arena/019ff1f9-pro-v1,arena/019ff215-pro-v1,arena/019ff237-pro-v1,arena/019ff422-pro-v1,arena/019ff859-pro-v1"
RED_Ultimate_V1-main/RED_Ultimate/backend-server/src/main/kotlin/com/red/server/calls/AdminCallHistorySync.kt,13,"arena/019fe8fa-pro-v1,arena/019fe9e3-pro-v1,arena/019ff019-pro-v1,arena/019ff06b-pro-v1,arena/019ff085-pro-v1,arena/019ff0c7-pro-v1,arena/019ff146-pro-v1,arena/019ff178-pro-v1,arena/019ff1f9-pro-v1,arena/019ff215-pro-v1,arena/019ff237-pro-v1,arena/019ff422-pro-v1,arena/019ff859-pro-v1"
RED_Ultimate_V1-main/RED_Ultimate/backend-server/src/main/kotlin/com/red/server/calls/CallRingExpiryJob.kt,13,"arena/019fe8fa-pro-v1,arena/019fe9e3-pro-v1,arena/019ff019-pro-v1,arena/019ff06b-pro-v1,arena/019ff085-pro-v1,arena/019ff0c7-pro-v1,arena/019ff146-pro-v1,arena/019ff178-pro-v1,arena/019ff1f9-pro-v1,arena/019ff215-pro-v1,arena/019ff237-pro-v1,arena/019ff422-pro-v1,arena/019ff859-pro-v1"
RED_Ultimate_V1-main/RED_Ultimate/backend-server/src/main/kotlin/com/red/server/config/InfrastructureBinding.kt,13,"arena/019fe8fa-pro-v1,arena/019fe9e3-pro-v1,arena/019ff019-pro-v1,arena/019ff06b-pro-v1,arena/019ff085-pro-v1,arena/019ff0c7-pro-v1,arena/019ff146-pro-v1,arena/019ff178-pro-v1,arena/019ff1f9-pro-v1,arena/019ff215-pro-v1,arena/019ff237-pro-v1,arena/019ff422-pro-v1,arena/019ff859-pro-v1"
RED_Ultimate_V1-main/RED_Ultimate/backend-server/src/main/kotlin/com/red/server/config/InfrastructureBindingGuard.kt,13,"arena/019fe8fa-pro-v1,arena/019fe9e3-pro-v1,arena/019ff019-pro-v1,arena/019ff06b-pro-v1,arena/019ff085-pro-v1,arena/019ff0c7-pro-v1,arena/019ff146-pro-v1,arena/019ff178-pro-v1,arena/019ff1f9-pro-v1,arena/019ff215-pro-v1,arena/019ff237-pro-v1,arena/019ff422-pro-v1,arena/019ff859-pro-v1"
RED_Ultimate_V1-main/RED_Ultimate/backend-server/src/main/kotlin/com/red/server/notification/DevicePushTokenService.kt,13,"arena/019fe8fa-pro-v1,arena/019fe9e3-pro-v1,arena/019ff019-pro-v1,arena/019ff06b-pro-v1,arena/019ff085-pro-v1,arena/019ff0c7-pro-v1,arena/019ff146-pro-v1,arena/019ff178-pro-v1,arena/019ff1f9-pro-v1,arena/019ff215-pro-v1,arena/019ff237-pro-v1,arena/019ff422-pro-v1,arena/019ff859-pro-v1"
RED_Ultimate_V1-main/RED_Ultimate/backend-server/src/main/resources/application-docker.yml,13,"arena/019fe8fa-pro-v1,arena/019fe9e3-pro-v1,arena/019ff019-pro-v1,arena/019ff06b-pro-v1,arena/019ff085-pro-v1,arena/019ff0c7-pro-v1,arena/019ff146-pro-v1,arena/019ff178-pro-v1,arena/019ff1f9-pro-v1,arena/019ff215-pro-v1,arena/019ff237-pro-v1,arena/019ff422-pro-v1,arena/019ff859-pro-v1"
RED_Ultimate_V1-main/RED_Ultimate/backend-server/src/main/resources/application-host.yml,13,"arena/019fe8fa-pro-v1,arena/019fe9e3-pro-v1,arena/019ff019-pro-v1,arena/019ff06b-pro-v1,arena/019ff085-pro-v1,arena/019ff0c7-pro-v1,arena/019ff146-pro-v1,arena/019ff178-pro-v1,arena/019ff1f9-pro-v1,arena/019ff215-pro-v1,arena/019ff237-pro-v1,arena/019ff422-pro-v1,arena/019ff859-pro-v1"
RED_Ultimate_V1-main/RED_Ultimate/backend-server/src/test/kotlin/com/red/server/auth/SqlLikeTest.kt,13,"arena/019fe8fa-pro-v1,arena/019fe9e3-pro-v1,arena/019ff019-pro-v1,arena/019ff06b-pro-v1,arena/019ff085-pro-v1,arena/019ff0c7-pro-v1,arena/019ff146-pro-v1,arena/019ff178-pro-v1,arena/019ff1f9-pro-v1,arena/019ff215-pro-v1,arena/019ff237-pro-v1,arena/019ff422-pro-v1,arena/019ff859-pro-v1"
RED_Ultimate_V1-main/RED_Ultimate/backend-server/src/test/kotlin/com/red/server/calls/AdminCallHistoryMapperTest.kt,13,"arena/019fe8fa-pro-v1,arena/019fe9e3-pro-v1,arena/019ff019-pro-v1,arena/019ff06b-pro-v1,arena/019ff085-pro-v1,arena/019ff0c7-pro-v1,arena/019ff146-pro-v1,arena/019ff178-pro-v1,arena/019ff1f9-pro-v1,arena/019ff215-pro-v1,arena/019ff237-pro-v1,arena/019ff422-pro-v1,arena/019ff859-pro-v1"
RED_Ultimate_V1-main/RED_Ultimate/backend-server/src/test/kotlin/com/red/server/config/InfrastructureBindingTest.kt,13,"arena/019fe8fa-pro-v1,arena/019fe9e3-pro-v1,arena/019ff019-pro-v1,arena/019ff06b-pro-v1,arena/019ff085-pro-v1,arena/019ff0c7-pro-v1,arena/019ff146-pro-v1,arena/019ff178-pro-v1,arena/019ff1f9-pro-v1,arena/019ff215-pro-v1,arena/019ff237-pro-v1,arena/019ff422-pro-v1,arena/019ff859-pro-v1"
RED_Ultimate_V1-main/RED_Ultimate/backend-server/src/test/kotlin/com/red/server/websocket/CallWebSocketHandlerTest.kt,13,"arena/019fe8fa-pro-v1,arena/019fe9e3-pro-v1,arena/019ff019-pro-v1,arena/019ff06b-pro-v1,arena/019ff085-pro-v1,arena/019ff0c7-pro-v1,arena/019ff146-pro-v1,arena/019ff178-pro-v1,arena/019ff1f9-pro-v1,arena/019ff215-pro-v1,arena/019ff237-pro-v1,arena/019ff422-pro-v1,arena/019ff859-pro-v1"
RED_Ultimate_V1-main/RED_Ultimate/docker-compose.host-debug.yml,13,"arena/019fe8fa-pro-v1,arena/019fe9e3-pro-v1,arena/019ff019-pro-v1,arena/019ff06b-pro-v1,arena/019ff085-pro-v1,arena/019ff0c7-pro-v1,arena/019ff146-pro-v1,arena/019ff178-pro-v1,arena/019ff1f9-pro-v1,arena/019ff215-pro-v1,arena/019ff237-pro-v1,arena/019ff422-pro-v1,arena/019ff859-pro-v1"
RED_Ultimate_V1-main/RED_Ultimate/docker-compose.lan.yml,13,"arena/019fe8fa-pro-v1,arena/019fe9e3-pro-v1,arena/019ff019-pro-v1,arena/019ff06b-pro-v1,arena/019ff085-pro-v1,arena/019ff0c7-pro-v1,arena/019ff146-pro-v1,arena/019ff178-pro-v1,arena/019ff1f9-pro-v1,arena/019ff215-pro-v1,arena/019ff237-pro-v1,arena/019ff422-pro-v1,arena/019ff859-pro-v1"
RED_Ultimate_V1-main/RED_Ultimate/docs/CALLS_DEEP_AUDIT_AR.md,13,"arena/019fe8fa-pro-v1,arena/019fe9e3-pro-v1,arena/019ff019-pro-v1,arena/019ff06b-pro-v1,arena/019ff085-pro-v1,arena/019ff0c7-pro-v1,arena/019ff146-pro-v1,arena/019ff178-pro-v1,arena/019ff1f9-pro-v1,arena/019ff215-pro-v1,arena/019ff237-pro-v1,arena/019ff422-pro-v1,arena/019ff859-pro-v1"
RED_Ultimate_V1-main/RED_Ultimate/docs/IP_CALL_TYPES_AR.md,13,"arena/019fe8fa-pro-v1,arena/019fe9e3-pro-v1,arena/019ff019-pro-v1,arena/019ff06b-pro-v1,arena/019ff085-pro-v1,arena/019ff0c7-pro-v1,arena/019ff146-pro-v1,arena/019ff178-pro-v1,arena/019ff1f9-pro-v1,arena/019ff215-pro-v1,arena/019ff237-pro-v1,arena/019ff422-pro-v1,arena/019ff859-pro-v1"
RED_Ultimate_V1-main/RED_Ultimate/media-sfu/install-worker.sh,13,"arena/019fe8fa-pro-v1,arena/019fe9e3-pro-v1,arena/019ff019-pro-v1,arena/019ff06b-pro-v1,arena/019ff085-pro-v1,arena/019ff0c7-pro-v1,arena/019ff146-pro-v1,arena/019ff178-pro-v1,arena/019ff1f9-pro-v1,arena/019ff215-pro-v1,arena/019ff237-pro-v1,arena/019ff422-pro-v1,arena/019ff859-pro-v1"
RED_Ultimate_V1-main/RED_Ultimate/red-app/src/main/java/com/red/sovereign/calls/CallRingPolicy.kt,13,"arena/019fe8fa-pro-v1,arena/019fe9e3-pro-v1,arena/019ff019-pro-v1,arena/019ff06b-pro-v1,arena/019ff085-pro-v1,arena/019ff0c7-pro-v1,arena/019ff146-pro-v1,arena/019ff178-pro-v1,arena/019ff1f9-pro-v1,arena/019ff215-pro-v1,arena/019ff237-pro-v1,arena/019ff422-pro-v1,arena/019ff859-pro-v1"
RED_Ultimate_V1-main/RED_Ultimate/red-app/src/main/java/com/red/sovereign/calls/CallUiKit.kt,13,"arena/019fe8fa-pro-v1,arena/019fe9e3-pro-v1,arena/019ff019-pro-v1,arena/019ff06b-pro-v1,arena/019ff085-pro-v1,arena/019ff0c7-pro-v1,arena/019ff146-pro-v1,arena/019ff178-pro-v1,arena/019ff1f9-pro-v1,arena/019ff215-pro-v1,arena/019ff237-pro-v1,arena/019ff422-pro-v1,arena/019ff859-pro-v1"
RED_Ultimate_V1-main/RED_Ultimate/red-app/src/main/java/com/red/sovereign/calls/MeshNegotiation.kt,13,"arena/019fe8fa-pro-v1,arena/019fe9e3-pro-v1,arena/019ff019-pro-v1,arena/019ff06b-pro-v1,arena/019ff085-pro-v1,arena/019ff0c7-pro-v1,arena/019ff146-pro-v1,arena/019ff178-pro-v1,arena/019ff1f9-pro-v1,arena/019ff215-pro-v1,arena/019ff237-pro-v1,arena/019ff422-pro-v1,arena/019ff859-pro-v1"
RED_Ultimate_V1-main/RED_Ultimate/red-app/src/main/java/com/red/sovereign/calls/MeshRtcSession.kt,13,"arena/019fe8fa-pro-v1,arena/019fe9e3-pro-v1,arena/019ff019-pro-v1,arena/019ff06b-pro-v1,arena/019ff085-pro-v1,arena/019ff0c7-pro-v1,arena/019ff146-pro-v1,arena/019ff178-pro-v1,arena/019ff1f9-pro-v1,arena/019ff215-pro-v1,arena/019ff237-pro-v1,arena/019ff422-pro-v1,arena/019ff859-pro-v1"
RED_Ultimate_V1-main/RED_Ultimate/red-app/src/main/java/com/red/sovereign/calls/SdpMediaOptimizer.kt,13,"arena/019fe8fa-pro-v1,arena/019fe9e3-pro-v1,arena/019ff019-pro-v1,arena/019ff06b-pro-v1,arena/019ff085-pro-v1,arena/019ff0c7-pro-v1,arena/019ff146-pro-v1,arena/019ff178-pro-v1,arena/019ff1f9-pro-v1,arena/019ff215-pro-v1,arena/019ff237-pro-v1,arena/019ff422-pro-v1,arena/019ff859-pro-v1"
RED_Ultimate_V1-main/RED_Ultimate/red-app/src/main/java/com/red/sovereign/calls/SfuMediaClient.kt,13,"arena/019fe8fa-pro-v1,arena/019fe9e3-pro-v1,arena/019ff019-pro-v1,arena/019ff06b-pro-v1,arena/019ff085-pro-v1,arena/019ff0c7-pro-v1,arena/019ff146-pro-v1,arena/019ff178-pro-v1,arena/019ff1f9-pro-v1,arena/019ff215-pro-v1,arena/019ff237-pro-v1,arena/019ff422-pro-v1,arena/019ff859-pro-v1"
RED_Ultimate_V1-main/RED_Ultimate/red-app/src/main/java/com/red/sovereign/calls/SfuProtocol.kt,13,"arena/019fe8fa-pro-v1,arena/019fe9e3-pro-v1,arena/019ff019-pro-v1,arena/019ff06b-pro-v1,arena/019ff085-pro-v1,arena/019ff0c7-pro-v1,arena/019ff146-pro-v1,arena/019ff178-pro-v1,arena/019ff1f9-pro-v1,arena/019ff215-pro-v1,arena/019ff237-pro-v1,arena/019ff422-pro-v1,arena/019ff859-pro-v1"
RED_Ultimate_V1-main/RED_Ultimate/red-app/src/main/java/com/red/sovereign/calls/SfuSdpFactory.kt,13,"arena/019fe8fa-pro-v1,arena/019fe9e3-pro-v1,arena/019ff019-pro-v1,arena/019ff06b-pro-v1,arena/019ff085-pro-v1,arena/019ff0c7-pro-v1,arena/019ff146-pro-v1,arena/019ff178-pro-v1,arena/019ff1f9-pro-v1,arena/019ff215-pro-v1,arena/019ff237-pro-v1,arena/019ff422-pro-v1,arena/019ff859-pro-v1"
RED_Ultimate_V1-main/RED_Ultimate/red-app/src/main/java/com/red/sovereign/calls/VoipPushRegistrar.kt,13,"arena/019fe8fa-pro-v1,arena/019fe9e3-pro-v1,arena/019ff019-pro-v1,arena/019ff06b-pro-v1,arena/019ff085-pro-v1,arena/019ff0c7-pro-v1,arena/019ff146-pro-v1,arena/019ff178-pro-v1,arena/019ff1f9-pro-v1,arena/019ff215-pro-v1,arena/019ff237-pro-v1,arena/019ff422-pro-v1,arena/019ff859-pro-v1"
RED_Ultimate_V1-main/RED_Ultimate/red-app/src/main/java/com/red/sovereign/calls/WebRtcBootstrap.kt,13,"arena/019fe8fa-pro-v1,arena/019fe9e3-pro-v1,arena/019ff019-pro-v1,arena/019ff06b-pro-v1,arena/019ff085-pro-v1,arena/019ff0c7-pro-v1,arena/019ff146-pro-v1,arena/019ff178-pro-v1,arena/019ff1f9-pro-v1,arena/019ff215-pro-v1,arena/019ff237-pro-v1,arena/019ff422-pro-v1,arena/019ff859-pro-v1"
RED_Ultimate_V1-main/RED_Ultimate/red-app/src/main/java/com/red/sovereign/ui/CallsHubActions.kt,13,"arena/019fe8fa-pro-v1,arena/019fe9e3-pro-v1,arena/019ff019-pro-v1,arena/019ff06b-pro-v1,arena/019ff085-pro-v1,arena/019ff0c7-pro-v1,arena/019ff146-pro-v1,arena/019ff178-pro-v1,arena/019ff1f9-pro-v1,arena/019ff215-pro-v1,arena/019ff237-pro-v1,arena/019ff422-pro-v1,arena/019ff859-pro-v1"
RED_Ultimate_V1-main/RED_Ultimate/red-app/src/main/java/com/red/sovereign/ui/ChatHeaderActions.kt,13,"arena/019fe8fa-pro-v1,arena/019fe9e3-pro-v1,arena/019ff019-pro-v1,arena/019ff06b-pro-v1,arena/019ff085-pro-v1,arena/019ff0c7-pro-v1,arena/019ff146-pro-v1,arena/019ff178-pro-v1,arena/019ff1f9-pro-v1,arena/019ff215-pro-v1,arena/019ff237-pro-v1,arena/019ff422-pro-v1,arena/019ff859-pro-v1"
RED_Ultimate_V1-main/RED_Ultimate/red-app/src/test/java/com/red/sovereign/calls/CallRingPolicyTest.kt,13,"arena/019fe8fa-pro-v1,arena/019fe9e3-pro-v1,arena/019ff019-pro-v1,arena/019ff06b-pro-v1,arena/019ff085-pro-v1,arena/019ff0c7-pro-v1,arena/019ff146-pro-v1,arena/019ff178-pro-v1,arena/019ff1f9-pro-v1,arena/019ff215-pro-v1,arena/019ff237-pro-v1,arena/019ff422-pro-v1,arena/019ff859-pro-v1"
RED_Ultimate_V1-main/RED_Ultimate/red-app/src/test/java/com/red/sovereign/calls/MeshNegotiationTest.kt,13,"arena/019fe8fa-pro-v1,arena/019fe9e3-pro-v1,arena/019ff019-pro-v1,arena/019ff06b-pro-v1,arena/019ff085-pro-v1,arena/019ff0c7-pro-v1,arena/019ff146-pro-v1,arena/019ff178-pro-v1,arena/019ff1f9-pro-v1,arena/019ff215-pro-v1,arena/019ff237-pro-v1,arena/019ff422-pro-v1,arena/019ff859-pro-v1"
RED_Ultimate_V1-main/RED_Ultimate/red-app/src/test/java/com/red/sovereign/calls/SdpMediaOptimizerTest.kt,13,"arena/019fe8fa-pro-v1,arena/019fe9e3-pro-v1,arena/019ff019-pro-v1,arena/019ff06b-pro-v1,arena/019ff085-pro-v1,arena/019ff0c7-pro-v1,arena/019ff146-pro-v1,arena/019ff178-pro-v1,arena/019ff1f9-pro-v1,arena/019ff215-pro-v1,arena/019ff237-pro-v1,arena/019ff422-pro-v1,arena/019ff859-pro-v1"
RED_Ultimate_V1-main/RED_Ultimate/red-app/src/test/java/com/red/sovereign/calls/SfuSdpFactoryTest.kt,13,"arena/019fe8fa-pro-v1,arena/019fe9e3-pro-v1,arena/019ff019-pro-v1,arena/019ff06b-pro-v1,arena/019ff085-pro-v1,arena/019ff0c7-pro-v1,arena/019ff146-pro-v1,arena/019ff178-pro-v1,arena/019ff1f9-pro-v1,arena/019ff215-pro-v1,arena/019ff237-pro-v1,arena/019ff422-pro-v1,arena/019ff859-pro-v1"
RED_Ultimate_V1-main/RED_Ultimate/scripts/compose-recover.ps1,13,"arena/019fe8fa-pro-v1,arena/019fe9e3-pro-v1,arena/019ff019-pro-v1,arena/019ff06b-pro-v1,arena/019ff085-pro-v1,arena/019ff0c7-pro-v1,arena/019ff146-pro-v1,arena/019ff178-pro-v1,arena/019ff1f9-pro-v1,arena/019ff215-pro-v1,arena/019ff237-pro-v1,arena/019ff422-pro-v1,arena/019ff859-pro-v1"
RED_Ultimate_V1-main/RED_Ultimate/scripts/compose-recover.sh,13,"arena/019fe8fa-pro-v1,arena/019fe9e3-pro-v1,arena/019ff019-pro-v1,arena/019ff06b-pro-v1,arena/019ff085-pro-v1,arena/019ff0c7-pro-v1,arena/019ff146-pro-v1,arena/019ff178-pro-v1,arena/019ff1f9-pro-v1,arena/019ff215-pro-v1,arena/019ff237-pro-v1,arena/019ff422-pro-v1,arena/019ff859-pro-v1"
RED_Ultimate_V1-main/RED_Ultimate/scripts/enable-dinstar-ready.ps1,13,"arena/019fe8fa-pro-v1,arena/019fe9e3-pro-v1,arena/019ff019-pro-v1,arena/019ff06b-pro-v1,arena/019ff085-pro-v1,arena/019ff0c7-pro-v1,arena/019ff146-pro-v1,arena/019ff178-pro-v1,arena/019ff1f9-pro-v1,arena/019ff215-pro-v1,arena/019ff237-pro-v1,arena/019ff422-pro-v1,arena/019ff859-pro-v1"
RED_Ultimate_V1-main/scripts/install_younes_app_icon.sh,13,"arena/019fe8fa-pro-v1,arena/019fe9e3-pro-v1,arena/019ff019-pro-v1,arena/019ff06b-pro-v1,arena/019ff085-pro-v1,arena/019ff0c7-pro-v1,arena/019ff146-pro-v1,arena/019ff178-pro-v1,arena/019ff1f9-pro-v1,arena/019ff215-pro-v1,arena/019ff237-pro-v1,arena/019ff422-pro-v1,arena/019ff859-pro-v1"
RED_Ultimate_V1-main/scripts/windows-android-env.ps1,13,"arena/019fe8fa-pro-v1,arena/019fe9e3-pro-v1,arena/019ff019-pro-v1,arena/019ff06b-pro-v1,arena/019ff085-pro-v1,arena/019ff0c7-pro-v1,arena/019ff146-pro-v1,arena/019ff178-pro-v1,arena/019ff1f9-pro-v1,arena/019ff215-pro-v1,arena/019ff237-pro-v1,arena/019ff422-pro-v1,arena/019ff859-pro-v1"
icon-work/ICON1_original.png,13,"arena/019fe8fa-pro-v1,arena/019fe9e3-pro-v1,arena/019ff019-pro-v1,arena/019ff06b-pro-v1,arena/019ff085-pro-v1,arena/019ff0c7-pro-v1,arena/019ff146-pro-v1,arena/019ff178-pro-v1,arena/019ff1f9-pro-v1,arena/019ff215-pro-v1,arena/019ff237-pro-v1,arena/019ff422-pro-v1,arena/019ff859-pro-v1"
icon-work/younes_master_1024.png,13,"arena/019fe8fa-pro-v1,arena/019fe9e3-pro-v1,arena/019ff019-pro-v1,arena/019ff06b-pro-v1,arena/019ff085-pro-v1,arena/019ff0c7-pro-v1,arena/019ff146-pro-v1,arena/019ff178-pro-v1,arena/019ff1f9-pro-v1,arena/019ff215-pro-v1,arena/019ff237-pro-v1,arena/019ff422-pro-v1,arena/019ff859-pro-v1"
icon-work/younes_pro_final.png,13,"arena/019fe8fa-pro-v1,arena/019fe9e3-pro-v1,arena/019ff019-pro-v1,arena/019ff06b-pro-v1,arena/019ff085-pro-v1,arena/019ff0c7-pro-v1,arena/019ff146-pro-v1,arena/019ff178-pro-v1,arena/019ff1f9-pro-v1,arena/019ff215-pro-v1,arena/019ff237-pro-v1,arena/019ff422-pro-v1,arena/019ff859-pro-v1"
ICON1.png,12,"arena/019fe8fa-pro-v1,arena/019fe9e3-pro-v1,arena/019ff019-pro-v1,arena/019ff06b-pro-v1,arena/019ff085-pro-v1,arena/019ff0c7-pro-v1,arena/019ff146-pro-v1,arena/019ff178-pro-v1,arena/019ff1f9-pro-v1,arena/019ff215-pro-v1,arena/019ff237-pro-v1,arena/019ff422-pro-v1"
RED_Ultimate_V1-main/RED_Ultimate/admin_dashboard/src/vite-env.d.ts,12,"arena/019fe8fa-pro-v1,arena/019fe9e3-pro-v1,arena/019ff019-pro-v1,arena/019ff06b-pro-v1,arena/019ff085-pro-v1,arena/019ff0c7-pro-v1,arena/019ff146-pro-v1,arena/019ff178-pro-v1,arena/019ff1f9-pro-v1,arena/019ff215-pro-v1,arena/019ff237-pro-v1,arena/019ff422-pro-v1"
RED_Ultimate_V1-main/RED_Ultimate/backend-server/src/main/kotlin/com/red/server/config/FlywayStartupReporter.kt,11,"arena/019fe8fa-pro-v1,arena/019fe9e3-pro-v1,arena/019ff019-pro-v1,arena/019ff06b-pro-v1,arena/019ff085-pro-v1,arena/019ff0c7-pro-v1,arena/019ff146-pro-v1,arena/019ff178-pro-v1,arena/019ff1f9-pro-v1,arena/019ff215-pro-v1,arena/019ff237-pro-v1"
RED_Ultimate_V1-main/RED_Ultimate/backend-server/src/main/resources/db/migration/V28__Widen_Admin_Audit_Constraints.sql,11,"arena/019fe8fa-pro-v1,arena/019fe9e3-pro-v1,arena/019ff019-pro-v1,arena/019ff06b-pro-v1,arena/019ff085-pro-v1,arena/019ff0c7-pro-v1,arena/019ff146-pro-v1,arena/019ff178-pro-v1,arena/019ff1f9-pro-v1,arena/019ff215-pro-v1,arena/019ff237-pro-v1"
RED_Ultimate_V1-main/RED_Ultimate/backend-server/src/main/resources/db/migration/V29__Drop_Stale_Postgres_Group_Fks.sql,11,"arena/019fe8fa-pro-v1,arena/019fe9e3-pro-v1,arena/019ff019-pro-v1,arena/019ff06b-pro-v1,arena/019ff085-pro-v1,arena/019ff0c7-pro-v1,arena/019ff146-pro-v1,arena/019ff178-pro-v1,arena/019ff1f9-pro-v1,arena/019ff215-pro-v1,arena/019ff237-pro-v1"
RED_Ultimate_V1-main/RED_Ultimate/red-app/src/main/java/com/red/sovereign/core/YounesServerSignature.kt,11,"arena/019fe8fa-pro-v1,arena/019fe9e3-pro-v1,arena/019ff019-pro-v1,arena/019ff06b-pro-v1,arena/019ff085-pro-v1,arena/019ff0c7-pro-v1,arena/019ff146-pro-v1,arena/019ff178-pro-v1,arena/019ff1f9-pro-v1,arena/019ff215-pro-v1,arena/019ff237-pro-v1"
RED_Ultimate_V1-main/RED_Ultimate/red-app/src/test/java/com/red/sovereign/core/YounesServerSignatureTest.kt,11,"arena/019fe8fa-pro-v1,arena/019fe9e3-pro-v1,arena/019ff019-pro-v1,arena/019ff06b-pro-v1,arena/019ff085-pro-v1,arena/019ff0c7-pro-v1,arena/019ff146-pro-v1,arena/019ff178-pro-v1,arena/019ff1f9-pro-v1,arena/019ff215-pro-v1,arena/019ff237-pro-v1"
RED_Ultimate_V1-main/RED_Ultimate/scripts/diagnose-stack.ps1,11,"arena/019fe8fa-pro-v1,arena/019fe9e3-pro-v1,arena/019ff019-pro-v1,arena/019ff06b-pro-v1,arena/019ff085-pro-v1,arena/019ff0c7-pro-v1,arena/019ff146-pro-v1,arena/019ff178-pro-v1,arena/019ff1f9-pro-v1,arena/019ff215-pro-v1,arena/019ff237-pro-v1"
HARDENING_5_TRAPS_LEGENDARY_2026-08-11.md,10,"arena/019fe8fa-pro-v1,arena/019fe9e3-pro-v1,arena/019ff019-pro-v1,arena/019ff06b-pro-v1,arena/019ff085-pro-v1,arena/019ff0c7-pro-v1,arena/019ff146-pro-v1,arena/019ff178-pro-v1,arena/019ff1f9-pro-v1,arena/019ff215-pro-v1"
RED_Ultimate_V1-main/RED_Ultimate/admin_dashboard/src/pages/DataOverview.tsx,10,"arena/019fe8fa-pro-v1,arena/019fe9e3-pro-v1,arena/019ff019-pro-v1,arena/019ff06b-pro-v1,arena/019ff085-pro-v1,arena/019ff0c7-pro-v1,arena/019ff146-pro-v1,arena/019ff178-pro-v1,arena/019ff1f9-pro-v1,arena/019ff237-pro-v1"
RED_Ultimate_V1-main/RED_Ultimate/backend-server/src/main/kotlin/com/red/server/controllers/AdminDataOverviewController.kt,10,"arena/019fe8fa-pro-v1,arena/019fe9e3-pro-v1,arena/019ff019-pro-v1,arena/019ff06b-pro-v1,arena/019ff085-pro-v1,arena/019ff0c7-pro-v1,arena/019ff146-pro-v1,arena/019ff178-pro-v1,arena/019ff1f9-pro-v1,arena/019ff237-pro-v1"
RED_Ultimate_V1-main/RED_Ultimate/backend-server/src/main/kotlin/com/red/server/storage/RetentionScheduler.kt,10,"arena/019fe8fa-pro-v1,arena/019fe9e3-pro-v1,arena/019ff019-pro-v1,arena/019ff06b-pro-v1,arena/019ff085-pro-v1,arena/019ff0c7-pro-v1,arena/019ff146-pro-v1,arena/019ff178-pro-v1,arena/019ff1f9-pro-v1,arena/019ff237-pro-v1"
RED_Ultimate_V1-main/RED_Ultimate/backend-server/src/main/resources/db/migration/V27__Operational_Retention_Indexes.sql,10,"arena/019fe8fa-pro-v1,arena/019fe9e3-pro-v1,arena/019ff019-pro-v1,arena/019ff06b-pro-v1,arena/019ff085-pro-v1,arena/019ff0c7-pro-v1,arena/019ff146-pro-v1,arena/019ff178-pro-v1,arena/019ff1f9-pro-v1,arena/019ff237-pro-v1"
RED_Ultimate_V1-main/RED_Ultimate/docs/BACKUP_RESTORE_RUNBOOK_AR.md,10,"arena/019fe8fa-pro-v1,arena/019fe9e3-pro-v1,arena/019ff019-pro-v1,arena/019ff06b-pro-v1,arena/019ff085-pro-v1,arena/019ff0c7-pro-v1,arena/019ff146-pro-v1,arena/019ff178-pro-v1,arena/019ff1f9-pro-v1,arena/019ff237-pro-v1"
RED_Ultimate_V1-main/RED_Ultimate/infrastructure/observability/README_AR.md,10,"arena/019fe8fa-pro-v1,arena/019fe9e3-pro-v1,arena/019ff019-pro-v1,arena/019ff06b-pro-v1,arena/019ff085-pro-v1,arena/019ff0c7-pro-v1,arena/019ff146-pro-v1,arena/019ff178-pro-v1,arena/019ff1f9-pro-v1,arena/019ff237-pro-v1"
RED_Ultimate_V1-main/RED_Ultimate/infrastructure/observability/alertmanager/alertmanager.yml,10,"arena/019fe8fa-pro-v1,arena/019fe9e3-pro-v1,arena/019ff019-pro-v1,arena/019ff06b-pro-v1,arena/019ff085-pro-v1,arena/019ff0c7-pro-v1,arena/019ff146-pro-v1,arena/019ff178-pro-v1,arena/019ff1f9-pro-v1,arena/019ff237-pro-v1"
RED_Ultimate_V1-main/RED_Ultimate/infrastructure/observability/blackbox/blackbox.yml,10,"arena/019fe8fa-pro-v1,arena/019fe9e3-pro-v1,arena/019ff019-pro-v1,arena/019ff06b-pro-v1,arena/019ff085-pro-v1,arena/019ff0c7-pro-v1,arena/019ff146-pro-v1,arena/019ff178-pro-v1,arena/019ff1f9-pro-v1,arena/019ff237-pro-v1"
RED_Ultimate_V1-main/RED_Ultimate/infrastructure/observability/docker-compose.observability.yml,10,"arena/019fe8fa-pro-v1,arena/019fe9e3-pro-v1,arena/019ff019-pro-v1,arena/019ff06b-pro-v1,arena/019ff085-pro-v1,arena/019ff0c7-pro-v1,arena/019ff146-pro-v1,arena/019ff178-pro-v1,arena/019ff1f9-pro-v1,arena/019ff237-pro-v1"
RED_Ultimate_V1-main/RED_Ultimate/infrastructure/observability/grafana/dashboards/red-platform.json,10,"arena/019fe8fa-pro-v1,arena/019fe9e3-pro-v1,arena/019ff019-pro-v1,arena/019ff06b-pro-v1,arena/019ff085-pro-v1,arena/019ff0c7-pro-v1,arena/019ff146-pro-v1,arena/019ff178-pro-v1,arena/019ff1f9-pro-v1,arena/019ff237-pro-v1"
RED_Ultimate_V1-main/RED_Ultimate/infrastructure/observability/grafana/provisioning/dashboards/red.yml,10,"arena/019fe8fa-pro-v1,arena/019fe9e3-pro-v1,arena/019ff019-pro-v1,arena/019ff06b-pro-v1,arena/019ff085-pro-v1,arena/019ff0c7-pro-v1,arena/019ff146-pro-v1,arena/019ff178-pro-v1,arena/019ff1f9-pro-v1,arena/019ff237-pro-v1"
RED_Ultimate_V1-main/RED_Ultimate/infrastructure/observability/grafana/provisioning/datasources/prometheus.yml,10,"arena/019fe8fa-pro-v1,arena/019fe9e3-pro-v1,arena/019ff019-pro-v1,arena/019ff06b-pro-v1,arena/019ff085-pro-v1,arena/019ff0c7-pro-v1,arena/019ff146-pro-v1,arena/019ff178-pro-v1,arena/019ff1f9-pro-v1,arena/019ff237-pro-v1"
RED_Ultimate_V1-main/RED_Ultimate/infrastructure/observability/prometheus/alerts.yml,10,"arena/019fe8fa-pro-v1,arena/019fe9e3-pro-v1,arena/019ff019-pro-v1,arena/019ff06b-pro-v1,arena/019ff085-pro-v1,arena/019ff0c7-pro-v1,arena/019ff146-pro-v1,arena/019ff178-pro-v1,arena/019ff1f9-pro-v1,arena/019ff237-pro-v1"
RED_Ultimate_V1-main/RED_Ultimate/infrastructure/observability/prometheus/prometheus.yml,10,"arena/019fe8fa-pro-v1,arena/019fe9e3-pro-v1,arena/019ff019-pro-v1,arena/019ff06b-pro-v1,arena/019ff085-pro-v1,arena/019ff0c7-pro-v1,arena/019ff146-pro-v1,arena/019ff178-pro-v1,arena/019ff1f9-pro-v1,arena/019ff237-pro-v1"
RED_Ultimate_V1-main/RED_Ultimate/scripts/backup-platform.sh,10,"arena/019fe8fa-pro-v1,arena/019fe9e3-pro-v1,arena/019ff019-pro-v1,arena/019ff06b-pro-v1,arena/019ff085-pro-v1,arena/019ff0c7-pro-v1,arena/019ff146-pro-v1,arena/019ff178-pro-v1,arena/019ff1f9-pro-v1,arena/019ff237-pro-v1"
RED_Ultimate_V1-main/RED_Ultimate/scripts/check-double-composable.sh,10,"arena/019fe8fa-pro-v1,arena/019fe9e3-pro-v1,arena/019ff019-pro-v1,arena/019ff06b-pro-v1,arena/019ff085-pro-v1,arena/019ff0c7-pro-v1,arena/019ff146-pro-v1,arena/019ff178-pro-v1,arena/019ff1f9-pro-v1,arena/019ff215-pro-v1"
RED_Ultimate_V1-main/RED_Ultimate/scripts/check-icon-integrity.sh,10,"arena/019fe8fa-pro-v1,arena/019fe9e3-pro-v1,arena/019ff019-pro-v1,arena/019ff06b-pro-v1,arena/019ff085-pro-v1,arena/019ff0c7-pro-v1,arena/019ff146-pro-v1,arena/019ff178-pro-v1,arena/019ff1f9-pro-v1,arena/019ff215-pro-v1"
RED_Ultimate_V1-main/RED_Ultimate/scripts/check-network-security.sh,10,"arena/019fe8fa-pro-v1,arena/019fe9e3-pro-v1,arena/019ff019-pro-v1,arena/019ff06b-pro-v1,arena/019ff085-pro-v1,arena/019ff0c7-pro-v1,arena/019ff146-pro-v1,arena/019ff178-pro-v1,arena/019ff1f9-pro-v1,arena/019ff215-pro-v1"
RED_Ultimate_V1-main/RED_Ultimate/scripts/restore-platform.sh,10,"arena/019fe8fa-pro-v1,arena/019fe9e3-pro-v1,arena/019ff019-pro-v1,arena/019ff06b-pro-v1,arena/019ff085-pro-v1,arena/019ff0c7-pro-v1,arena/019ff146-pro-v1,arena/019ff178-pro-v1,arena/019ff1f9-pro-v1,arena/019ff237-pro-v1"
تقرير_تدقيق_الباك_اند_لوحة_الادمن_وقواعد_البيانات_2026-08-11.md,10,"arena/019fe8fa-pro-v1,arena/019fe9e3-pro-v1,arena/019ff019-pro-v1,arena/019ff06b-pro-v1,arena/019ff085-pro-v1,arena/019ff0c7-pro-v1,arena/019ff146-pro-v1,arena/019ff178-pro-v1,arena/019ff1f9-pro-v1,arena/019ff237-pro-v1"
تقرير_تنفيذ_تحسينات_الأمان_والاكتمال_2026-08-11.md,10,"arena/019fe8fa-pro-v1,arena/019fe9e3-pro-v1,arena/019ff019-pro-v1,arena/019ff06b-pro-v1,arena/019ff085-pro-v1,arena/019ff0c7-pro-v1,arena/019ff146-pro-v1,arena/019ff178-pro-v1,arena/019ff1f9-pro-v1,arena/019ff237-pro-v1"
RED_Ultimate_V1-main/RED_Ultimate/backend-server/src/main/kotlin/com/red/server/pstn/DinstarHeartbeatService.kt,8,"arena/019fe8fa-pro-v1,arena/019fe9e3-pro-v1,arena/019ff019-pro-v1,arena/019ff06b-pro-v1,arena/019ff085-pro-v1,arena/019ff0c7-pro-v1,arena/019ff146-pro-v1,arena/019ff178-pro-v1"
RED_Ultimate_V1-main/RED_Ultimate/red-app/src/main/java/com/red/sovereign/features/profile/BackupManager.kt,8,"arena/019fe8fa-pro-v1,arena/019fe9e3-pro-v1,arena/019ff019-pro-v1,arena/019ff06b-pro-v1,arena/019ff085-pro-v1,arena/019ff0c7-pro-v1,arena/019ff146-pro-v1,arena/019ff178-pro-v1"
workflow-ready/blank-fixed.yml,8,"arena/019fe8fa-pro-v1,arena/019fe9e3-pro-v1,arena/019ff019-pro-v1,arena/019ff06b-pro-v1,arena/019ff085-pro-v1,arena/019ff0c7-pro-v1,arena/019ff146-pro-v1,arena/019ff178-pro-v1"
workflow-ready/quality-gate.yml,8,"arena/019fe8fa-pro-v1,arena/019fe9e3-pro-v1,arena/019ff019-pro-v1,arena/019ff06b-pro-v1,arena/019ff085-pro-v1,arena/019ff0c7-pro-v1,arena/019ff146-pro-v1,arena/019ff178-pro-v1"
تقرير_الإصلاحات_النهائية_الشاملة_2026-08-11_AR.md,8,"arena/019fe8fa-pro-v1,arena/019fe9e3-pro-v1,arena/019ff019-pro-v1,arena/019ff06b-pro-v1,arena/019ff085-pro-v1,arena/019ff0c7-pro-v1,arena/019ff146-pro-v1,arena/019ff178-pro-v1"
RED_Ultimate_V1-main/RED_Ultimate/ANDROID_TOOLCHAIN_MODERNIZATION_2026-08-11_AR.md,7,"arena/019fe8fa-pro-v1,arena/019fe9e3-pro-v1,arena/019ff019-pro-v1,arena/019ff06b-pro-v1,arena/019ff085-pro-v1,arena/019ff0c7-pro-v1,arena/019ff146-pro-v1"
RED_Ultimate_V1-main/RED_Ultimate/FEATURE_ACTIVATION_COMPLETION_AR.md,7,"arena/019fe8fa-pro-v1,arena/019fe9e3-pro-v1,arena/019ff019-pro-v1,arena/019ff06b-pro-v1,arena/019ff085-pro-v1,arena/019ff0c7-pro-v1,arena/019ff146-pro-v1"
RED_Ultimate_V1-main/RED_Ultimate/INFRASTRUCTURE_HARDENING_AUDIT_AR.md,7,"arena/019fe8fa-pro-v1,arena/019fe9e3-pro-v1,arena/019ff019-pro-v1,arena/019ff06b-pro-v1,arena/019ff085-pro-v1,arena/019ff0c7-pro-v1,arena/019ff146-pro-v1"
RED_Ultimate_V1-main/RED_Ultimate/admin_dashboard/.dockerignore,7,"arena/019fe8fa-pro-v1,arena/019fe9e3-pro-v1,arena/019ff019-pro-v1,arena/019ff06b-pro-v1,arena/019ff085-pro-v1,arena/019ff0c7-pro-v1,arena/019ff146-pro-v1"
RED_Ultimate_V1-main/RED_Ultimate/infrastructure/tls-init.Dockerfile,7,"arena/019fe8fa-pro-v1,arena/019fe9e3-pro-v1,arena/019ff019-pro-v1,arena/019ff06b-pro-v1,arena/019ff085-pro-v1,arena/019ff0c7-pro-v1,arena/019ff146-pro-v1"
RED_Ultimate_V1-main/RED_Ultimate/media-sfu/.dockerignore,7,"arena/019fe8fa-pro-v1,arena/019fe9e3-pro-v1,arena/019ff019-pro-v1,arena/019ff06b-pro-v1,arena/019ff085-pro-v1,arena/019ff0c7-pro-v1,arena/019ff146-pro-v1"
RED_Ultimate_V1-main/RED_Ultimate/red-app/artwork/README.md,7,"arena/019fe8fa-pro-v1,arena/019fe9e3-pro-v1,arena/019ff019-pro-v1,arena/019ff06b-pro-v1,arena/019ff085-pro-v1,arena/019ff0c7-pro-v1,arena/019ff146-pro-v1"
RED_Ultimate_V1-main/RED_Ultimate/red-app/artwork/younes-launcher-source.svg,7,"arena/019fe8fa-pro-v1,arena/019fe9e3-pro-v1,arena/019ff019-pro-v1,arena/019ff06b-pro-v1,arena/019ff085-pro-v1,arena/019ff0c7-pro-v1,arena/019ff146-pro-v1"
RED_Ultimate_V1-main/RED_Ultimate/red-app/src/debug/res/xml/network_security_config.xml,7,"arena/019fe8fa-pro-v1,arena/019fe9e3-pro-v1,arena/019ff019-pro-v1,arena/019ff06b-pro-v1,arena/019ff085-pro-v1,arena/019ff0c7-pro-v1,arena/019ff146-pro-v1"
RED_Ultimate_V1-main/RED_Ultimate/scripts/check-infrastructure.py,7,"arena/019fe8fa-pro-v1,arena/019fe9e3-pro-v1,arena/019ff019-pro-v1,arena/019ff06b-pro-v1,arena/019ff085-pro-v1,arena/019ff0c7-pro-v1,arena/019ff146-pro-v1"
docs/ci/quality-gate.workflow.yml,7,"arena/019fe8fa-pro-v1,arena/019fe9e3-pro-v1,arena/019ff019-pro-v1,arena/019ff06b-pro-v1,arena/019ff085-pro-v1,arena/019ff0c7-pro-v1,arena/019ff146-pro-v1"
RED_Ultimate_V1-main/RED_Ultimate/backend-server/src/main/resources/db/migration/V26__Complete_Missing_Features_And_Fix_Build.sql,6,"arena/019fe8fa-pro-v1,arena/019ff019-pro-v1,arena/019ff06b-pro-v1,arena/019ff085-pro-v1,arena/019ff0c7-pro-v1,arena/019ffe92-pro-v1"
RED_Ultimate_V1-main/RED_Ultimate/backend-server/src/main/kotlin/com/red/server/messaging/PinnedMessageController.kt,5,"arena/019fe8fa-pro-v1,arena/019ff019-pro-v1,arena/019ff06b-pro-v1,arena/019ff085-pro-v1,arena/019ff0c7-pro-v1"
RED_Ultimate_V1-main/RED_Ultimate/backend-server/src/main/kotlin/com/red/server/messaging/PinnedMessageService.kt,5,"arena/019fe8fa-pro-v1,arena/019ff019-pro-v1,arena/019ff06b-pro-v1,arena/019ff085-pro-v1,arena/019ff0c7-pro-v1"
RED_Ultimate_V1-main/RED_Ultimate/backend-server/src/main/kotlin/com/red/server/social/ChannelController.kt,5,"arena/019fe8fa-pro-v1,arena/019ff019-pro-v1,arena/019ff06b-pro-v1,arena/019ff085-pro-v1,arena/019ff0c7-pro-v1"
RED_Ultimate_V1-main/RED_Ultimate/backend-server/src/main/kotlin/com/red/server/social/ChannelService.kt,5,"arena/019fe8fa-pro-v1,arena/019ff019-pro-v1,arena/019ff06b-pro-v1,arena/019ff085-pro-v1,arena/019ff0c7-pro-v1"
RED_Ultimate_V1-main/RED_Ultimate/docs/NGINX_SSL_PROXY_GUIDE_AR.md,5,"arena/019fe8fa-pro-v1,arena/019ff019-pro-v1,arena/019ff06b-pro-v1,arena/019ff085-pro-v1,arena/019ff0c7-pro-v1"
RED_Ultimate_V1-main/RED_Ultimate/red-app/src/main/java/com/red/sovereign/_archive/AuthFlow.legacy.kt.archived,5,"arena/019fe8fa-pro-v1,arena/019ff019-pro-v1,arena/019ff06b-pro-v1,arena/019ff085-pro-v1,arena/019ff0c7-pro-v1"
RED_Ultimate_V1-main/RED_Ultimate/red-app/src/main/res/xml/network_security_config.xml,5,"arena/019fe8fa-pro-v1,arena/019ff019-pro-v1,arena/019ff06b-pro-v1,arena/019ff085-pro-v1,arena/019ff0c7-pro-v1"
RED_Ultimate_V1-main/RED_Ultimate/scripts/fix-red-proxy-certs.sh,5,"arena/019fe8fa-pro-v1,arena/019ff019-pro-v1,arena/019ff06b-pro-v1,arena/019ff085-pro-v1,arena/019ff0c7-pro-v1"
RED_Ultimate_V1-main/RED_Ultimate/scripts/generate-ssl-certs.sh,5,"arena/019fe8fa-pro-v1,arena/019ff019-pro-v1,arena/019ff06b-pro-v1,arena/019ff085-pro-v1,arena/019ff0c7-pro-v1"
RED_Ultimate_V1-main/RED_Ultimate/scripts/red-cli.sh,5,"arena/019fe8fa-pro-v1,arena/019ff019-pro-v1,arena/019ff06b-pro-v1,arena/019ff085-pro-v1,arena/019ff0c7-pro-v1"
RED_Ultimate_V1-main/RED_Ultimate/scripts/setup-production-ssl.sh,5,"arena/019fe8fa-pro-v1,arena/019ff019-pro-v1,arena/019ff06b-pro-v1,arena/019ff085-pro-v1,arena/019ff0c7-pro-v1"
RED_Ultimate_V1-main/RED_Ultimate/scripts/system_health_check.py,5,"arena/019fe8fa-pro-v1,arena/019ff019-pro-v1,arena/019ff06b-pro-v1,arena/019ff085-pro-v1,arena/019ff0c7-pro-v1"
RED_Ultimate_V1-main/RED_Ultimate/scripts/verify-ssl-certs.sh,5,"arena/019fe8fa-pro-v1,arena/019ff019-pro-v1,arena/019ff06b-pro-v1,arena/019ff085-pro-v1,arena/019ff0c7-pro-v1"
scripts/generate-ssl-certs.sh,5,"arena/019fe8fa-pro-v1,arena/019ff019-pro-v1,arena/019ff06b-pro-v1,arena/019ff085-pro-v1,arena/019ff0c7-pro-v1"
scripts/red-cli.sh,5,"arena/019fe8fa-pro-v1,arena/019ff019-pro-v1,arena/019ff06b-pro-v1,arena/019ff085-pro-v1,arena/019ff0c7-pro-v1"
scripts/setup-production-ssl.sh,5,"arena/019fe8fa-pro-v1,arena/019ff019-pro-v1,arena/019ff06b-pro-v1,arena/019ff085-pro-v1,arena/019ff0c7-pro-v1"
scripts/system_health_check.py,5,"arena/019fe8fa-pro-v1,arena/019ff019-pro-v1,arena/019ff06b-pro-v1,arena/019ff085-pro-v1,arena/019ff0c7-pro-v1"
scripts/verify-ssl-certs.sh,5,"arena/019fe8fa-pro-v1,arena/019ff019-pro-v1,arena/019ff06b-pro-v1,arena/019ff085-pro-v1,arena/019ff0c7-pro-v1"
دليل_إصلاح_وحماية_شهادات_NGINX_Proxy.md,5,"arena/019fe8fa-pro-v1,arena/019ff019-pro-v1,arena/019ff06b-pro-v1,arena/019ff085-pro-v1,arena/019ff0c7-pro-v1"
RED_Ultimate_V1-main/RED_Ultimate/docs/AUDIT_FIXES_VERIFIED_AR.md,4,"arena/019fe8fa-pro-v1,arena/019ff019-pro-v1,arena/019ff06b-pro-v1,arena/019ff0c7-pro-v1"
RED_Ultimate_V1-main/RED_Ultimate/docs/DEEP_AUDIT_2_AR.md,4,"arena/019fe8fa-pro-v1,arena/019ff019-pro-v1,arena/019ff06b-pro-v1,arena/019ff0c7-pro-v1"
RED_Ultimate_V1-main/RED_Ultimate/docs/FOUR_FEATURES_BUNDLE_AR.md,4,"arena/019fe8fa-pro-v1,arena/019ff019-pro-v1,arena/019ff06b-pro-v1,arena/019ff0c7-pro-v1"
RED_Ultimate_V1-main/RED_Ultimate/docs/MERGE_REPORT_AR.md,4,"arena/019fe8fa-pro-v1,arena/019ff019-pro-v1,arena/019ff06b-pro-v1,arena/019ff0c7-pro-v1"
RED_Ultimate_V1-main/RED_Ultimate/docs/POLLS_EVENTS_WIRED_AR.md,4,"arena/019fe8fa-pro-v1,arena/019ff019-pro-v1,arena/019ff06b-pro-v1,arena/019ff0c7-pro-v1"
RED_Ultimate_V1-main/RED_Ultimate/docs/REACTIONS_FEATURE_AR.md,4,"arena/019fe8fa-pro-v1,arena/019ff019-pro-v1,arena/019ff06b-pro-v1,arena/019ff0c7-pro-v1"
RED_Ultimate_V1-main/RED_Ultimate/docs/STICKERS_FEATURE_AR.md,4,"arena/019fe8fa-pro-v1,arena/019ff019-pro-v1,arena/019ff06b-pro-v1,arena/019ff0c7-pro-v1"
RED_Ultimate_V1-main/RED_Ultimate/red-app/src/main/java/com/red/sovereign/features/media/MediaGallery.kt,4,"arena/019fe8fa-pro-v1,arena/019ff019-pro-v1,arena/019ff06b-pro-v1,arena/019ff0c7-pro-v1"
RED_Ultimate_V1-main/RED_Ultimate/red-app/src/main/java/com/red/sovereign/features/profile/ProfileScreen.kt,4,"arena/019fe8fa-pro-v1,arena/019ff019-pro-v1,arena/019ff06b-pro-v1,arena/019ff0c7-pro-v1"
RED_Ultimate_V1-main/RED_Ultimate/red-app/src/main/java/com/red/sovereign/features/profile/ProfileViewModel.kt,4,"arena/019fe8fa-pro-v1,arena/019ff019-pro-v1,arena/019ff06b-pro-v1,arena/019ff0c7-pro-v1"
RED_Ultimate_V1-main/RED_Ultimate/red-app/src/main/java/com/red/sovereign/media/StickerApi.kt,4,"arena/019fe8fa-pro-v1,arena/019ff019-pro-v1,arena/019ff06b-pro-v1,arena/019ff0c7-pro-v1"
RED_Ultimate_V1-main/RED_Ultimate/red-app/src/main/java/com/red/sovereign/media/StickerPicker.kt,4,"arena/019fe8fa-pro-v1,arena/019ff019-pro-v1,arena/019ff06b-pro-v1,arena/019ff0c7-pro-v1"
RED_Ultimate_V1-main/RED_Ultimate/red-app/src/main/java/com/red/sovereign/security/AppLockScreen.kt,4,"arena/019fe8fa-pro-v1,arena/019ff019-pro-v1,arena/019ff06b-pro-v1,arena/019ff0c7-pro-v1"
RED_Ultimate_V1-main/RED_Ultimate/red-app/src/test/java/com/red/sovereign/contacts/PresenceInfoTest.kt,4,"arena/019fe8fa-pro-v1,arena/019ff019-pro-v1,arena/019ff06b-pro-v1,arena/019ff0c7-pro-v1"
RED_Ultimate_V1-main/RED_Ultimate/red-app/src/test/java/com/red/sovereign/features/profile/ProfileRequestTest.kt,4,"arena/019fe8fa-pro-v1,arena/019ff019-pro-v1,arena/019ff06b-pro-v1,arena/019ff0c7-pro-v1"
RED_Ultimate_V1-main/RED_Ultimate/red-app/src/test/java/com/red/sovereign/media/StickerApiTest.kt,4,"arena/019fe8fa-pro-v1,arena/019ff019-pro-v1,arena/019ff06b-pro-v1,arena/019ff0c7-pro-v1"
RED_Ultimate_V1-main/RED_Ultimate/scripts/check-android-integrity.py,4,"arena/019fe8fa-pro-v1,arena/019ff019-pro-v1,arena/019ff06b-pro-v1,arena/019ff0c7-pro-v1"
RED_Ultimate_V1-main/RED_Ultimate/scripts/check-kotlin-static.py,4,"arena/019fe8fa-pro-v1,arena/019ff019-pro-v1,arena/019ff06b-pro-v1,arena/019ff0c7-pro-v1"
RED_Ultimate_V1-main/RED_Ultimate/backend-server/src/main/resources/db/migration/V24__Younes_Id_Five_Digits.sql,3,"arena/019fe8fa-pro-v1,arena/019fe9e3-pro-v1,arena/019ff019-pro-v1"
RED_Ultimate_V1-main/RED_Ultimate/admin_dashboard/dev-server/app-routes.cjs,2,"arena/019fe8fa-pro-v1,arena/019ff019-pro-v1"
RED_Ultimate_V1-main/RED_Ultimate/admin_dashboard/dev-server/db.cjs,2,"arena/019fe8fa-pro-v1,arena/019ff019-pro-v1"
RED_Ultimate_V1-main/RED_Ultimate/admin_dashboard/dev-server/server.cjs,2,"arena/019fe8fa-pro-v1,arena/019ff019-pro-v1"
RED_Ultimate_V1-main/RED_Ultimate/admin_dashboard/scripts/check-app-roles.mjs,2,"arena/019fe8fa-pro-v1,arena/019ff019-pro-v1"
RED_Ultimate_V1-main/RED_Ultimate/admin_dashboard/scripts/check-asterisk-fleet.mjs,2,"arena/019fe8fa-pro-v1,arena/019ff019-pro-v1"
RED_Ultimate_V1-main/RED_Ultimate/admin_dashboard/scripts/check-dev-server.mjs,2,"arena/019fe8fa-pro-v1,arena/019ff019-pro-v1"
RED_Ultimate_V1-main/RED_Ultimate/admin_dashboard/scripts/check-frontend-guards.mjs,2,"arena/019fe8fa-pro-v1,arena/019ff019-pro-v1"
RED_Ultimate_V1-main/RED_Ultimate/admin_dashboard/scripts/check-integration.mjs,2,"arena/019fe8fa-pro-v1,arena/019ff019-pro-v1"
RED_Ultimate_V1-main/RED_Ultimate/admin_dashboard/src/components/Chart.tsx,2,"arena/019fe8fa-pro-v1,arena/019ff019-pro-v1"
RED_Ultimate_V1-main/RED_Ultimate/admin_dashboard/src/components/ErrorBoundary.tsx,2,"arena/019fe8fa-pro-v1,arena/019ff019-pro-v1"
RED_Ultimate_V1-main/RED_Ultimate/admin_dashboard/src/hooks/usePolling.ts,2,"arena/019fe8fa-pro-v1,arena/019ff019-pro-v1"
RED_Ultimate_V1-main/RED_Ultimate/backend-server/src/main/kotlin/com/red/server/controllers/DinstarFleetController.kt,2,"arena/019fe8fa-pro-v1,arena/019ff019-pro-v1"
RED_Ultimate_V1-main/RED_Ultimate/backend-server/src/main/kotlin/com/red/server/services/DinstarConnectionFactory.kt,2,"arena/019fe8fa-pro-v1,arena/019ff019-pro-v1"
RED_Ultimate_V1-main/RED_Ultimate/backend-server/src/main/kotlin/com/red/server/services/DinstarFleetBootstrap.kt,2,"arena/019fe8fa-pro-v1,arena/019ff019-pro-v1"
RED_Ultimate_V1-main/RED_Ultimate/backend-server/src/main/kotlin/com/red/server/services/DinstarFleetService.kt,2,"arena/019fe8fa-pro-v1,arena/019ff019-pro-v1"
RED_Ultimate_V1-main/RED_Ultimate/backend-server/src/main/kotlin/com/red/server/services/DinstarSignal.kt,2,"arena/019fe8fa-pro-v1,arena/019ff019-pro-v1"
RED_Ultimate_V1-main/RED_Ultimate/backend-server/src/main/resources/db/migration/V23__Multi_Gateway_Fleet.sql,2,"arena/019fe8fa-pro-v1,arena/019ff019-pro-v1"
RED_Ultimate_V1-main/RED_Ultimate/backend-server/src/test/kotlin/com/red/server/DinstarApiContractTest.kt,2,"arena/019fe8fa-pro-v1,arena/019ff019-pro-v1"
RED_Ultimate_V1-main/RED_Ultimate/backend-server/src/test/kotlin/com/red/server/DinstarOperatorRoutingTest.kt,2,"arena/019fe8fa-pro-v1,arena/019ff019-pro-v1"
RED_Ultimate_V1-main/RED_Ultimate/backend-server/src/test/kotlin/com/red/server/DinstarSignalTest.kt,2,"arena/019fe8fa-pro-v1,arena/019ff019-pro-v1"
RED_Ultimate_V1-main/RED_Ultimate/docs/DINSTAR_UC2000_GUIDE_AR.md,2,"arena/019fe8fa-pro-v1,arena/019ff019-pro-v1"
RED_Ultimate_V1-main/RED_Ultimate/red-app/src/main/java/com/red/sovereign/core/YounesId.kt,2,"arena/019fe8fa-pro-v1,arena/019ff019-pro-v1"
RED_Ultimate_V1-main/RED_Ultimate/red-app/src/main/java/com/red/sovereign/features/dinstar/DinstarViewModel.kt,2,"arena/01a00f9e-pro-v1,feat/red-engineering-roadmap-20260820"
RED_Ultimate_V1-main/RED_Ultimate/red-app/src/main/java/com/red/sovereign/features/dinstar/DinstarWebSocketBridge.kt,2,"arena/01a00f9e-pro-v1,feat/red-engineering-roadmap-20260820"
RED_Ultimate_V1-main/RED_Ultimate/red-app/src/main/java/com/red/sovereign/ui/screens/README_SPLIT.md,2,"arena/01a00f9e-pro-v1,feat/red-engineering-roadmap-20260820"
Copilot_20260808_025421.png,1,arena/019fe8fa-pro-v1
RED_Ultimate_V1-main/RED_Ultimate/.dockerignore,1,arena/019fe8fa-pro-v1
RED_Ultimate_V1-main/RED_Ultimate/app/src/main/res/drawable/ic_launcher_full.png,1,arena/019fe8fa-pro-v1
RED_Ultimate_V1-main/RED_Ultimate/app/src/main/res/drawable/younes_icon_ultimate_clean.png,1,arena/019fe8fa-pro-v1
RED_Ultimate_V1-main/RED_Ultimate/app/src/main/res/mipmap-hdpi/ic_launcher_round.png,1,arena/019fe8fa-pro-v1
RED_Ultimate_V1-main/RED_Ultimate/app/src/main/res/mipmap-mdpi/ic_launcher_round.png,1,arena/019fe8fa-pro-v1
RED_Ultimate_V1-main/RED_Ultimate/app/src/main/res/mipmap-xhdpi/ic_launcher_round.png,1,arena/019fe8fa-pro-v1
RED_Ultimate_V1-main/RED_Ultimate/app/src/main/res/mipmap-xxhdpi/ic_launcher_round.png,1,arena/019fe8fa-pro-v1
RED_Ultimate_V1-main/RED_Ultimate/app/src/main/res/mipmap-xxxhdpi/ic_launcher_round.png,1,arena/019fe8fa-pro-v1
RED_Ultimate_V1-main/RED_Ultimate/backend-server/src/main/kotlin/com/red/server/calls/ConferenceController.kt,1,arena/019fe8fa-pro-v1
RED_Ultimate_V1-main/RED_Ultimate/backend-server/src/main/kotlin/com/red/server/calls/LiveStreamController.kt,1,arena/019fe8fa-pro-v1
RED_Ultimate_V1-main/RED_Ultimate/backend-server/src/main/kotlin/com/red/server/media/MinioBucketInitializer.kt,1,arena/019fe8fa-pro-v1
RED_Ultimate_V1-main/RED_Ultimate/backend-server/src/main/resources/db/migration/V21__User_Avatar_Color.sql,1,arena/019fe8fa-pro-v1
RED_Ultimate_V1-main/RED_Ultimate/backend-server/src/main/resources/db/migration/V22__Schema_Validation_Alignment.sql,1,arena/019fe8fa-pro-v1
RED_Ultimate_V1-main/RED_Ultimate/gradle/verification-metadata.xml,1,arena/019fe9e3-pro-v1
RED_Ultimate_V1-main/RED_Ultimate/red-app/src/main/java/com/red/sovereign/auth/DevicesApi.kt,1,arena/019fe8fa-pro-v1
RED_Ultimate_V1-main/RED_Ultimate/red-app/src/main/res/drawable/ic_launcher_full.png,1,arena/019fe8fa-pro-v1
RED_Ultimate_V1-main/RED_Ultimate/red-app/src/main/res/drawable/younes_icon_ultimate_clean.png,1,arena/019fe8fa-pro-v1
RED_Ultimate_V1-main/RED_Ultimate/red-app/src/main/res/values/strings.xml,1,arena/019fe8fa-pro-v1
RED_Ultimate_V1-main/RED_Ultimate/scripts/check-catalog-accessors.py,1,arena/019fe8fa-pro-v1
icon-candidates.png,1,arena/019fe8fa-pro-v1
icon-gallery/07_ultimate_clean.png,1,arena/019fe8fa-pro-v1
icon-gallery/07_ultimate_final.png,1,arena/019fe8fa-pro-v1
icon-gallery/imgs/01_img1_darkblue.png,1,arena/019fe8fa-pro-v1
icon-gallery/imgs/01_img1_darkblue.png.thumb.jpg,1,arena/019fe8fa-pro-v1
icon-gallery/imgs/02_img5_darkblue.png,1,arena/019fe8fa-pro-v1
icon-gallery/imgs/02_img5_darkblue.png.thumb.jpg,1,arena/019fe8fa-pro-v1
icon-gallery/imgs/03_clean_pro.png,1,arena/019fe8fa-pro-v1
icon-gallery/imgs/03_clean_pro.png.thumb.jpg,1,arena/019fe8fa-pro-v1
icon-gallery/imgs/04_hybrid_pro.png,1,arena/019fe8fa-pro-v1
icon-gallery/imgs/04_hybrid_pro.png.thumb.jpg,1,arena/019fe8fa-pro-v1
icon-gallery/imgs/05_master.png,1,arena/019fe8fa-pro-v1
icon-gallery/imgs/05_master.png.thumb.jpg,1,arena/019fe8fa-pro-v1
icon-gallery/imgs/06_pro.png,1,arena/019fe8fa-pro-v1
icon-gallery/imgs/06_pro.png.thumb.jpg,1,arena/019fe8fa-pro-v1
icon-gallery/imgs/07_ultimate.png,1,arena/019fe8fa-pro-v1
icon-gallery/imgs/07_ultimate.png.thumb.jpg,1,arena/019fe8fa-pro-v1
icon-gallery/imgs/08_ultimate_v2.png,1,arena/019fe8fa-pro-v1
icon-gallery/imgs/08_ultimate_v2.png.thumb.jpg,1,arena/019fe8fa-pro-v1
icon-gallery/imgs/09_8k_new.png,1,arena/019fe8fa-pro-v1
icon-gallery/imgs/09_8k_new.png.thumb.jpg,1,arena/019fe8fa-pro-v1
icon-gallery/imgs/10_aqyal_legacy.png,1,arena/019fe8fa-pro-v1
icon-gallery/imgs/10_aqyal_legacy.png.thumb.jpg,1,arena/019fe8fa-pro-v1
icon-gallery/imgs/11_launcher_pro.png,1,arena/019fe8fa-pro-v1
icon-gallery/imgs/11_launcher_pro.png.thumb.jpg,1,arena/019fe8fa-pro-v1
icon-gallery/imgs/12_aqyal_concept.png,1,arena/019fe8fa-pro-v1
icon-gallery/imgs/12_aqyal_concept.png.thumb.jpg,1,arena/019fe8fa-pro-v1
icon-gallery/index.html,1,arena/019fe8fa-pro-v1
start-preview.sh,1,arena/019fe8fa-pro-v1
فهم_المكالمات_الشامل_2026-08-11.md,1,arena/019fe8fa-pro-v1
